mtllib watcher-robot.mtl
o base_plate
usemtl carbon
v 0 0.04500000089406967 0.20999999344348907
v 0.14849242568016052 0.04500000089406967 0.14849242568016052
v 0.20999999344348907 0.04500000089406967 1.2858791455835895e-17
v 0.14849242568016052 0.04500000089406967 -0.14849242568016052
v 2.571758291167179e-17 0.04500000089406967 -0.20999999344348907
v -0.14849242568016052 0.04500000089406967 -0.14849242568016052
v -0.20999999344348907 0.04500000089406967 -3.85763751946883e-17
v -0.14849242568016052 0.04500000089406967 0.14849242568016052
v -5.143516582334358e-17 0.04500000089406967 0.20999999344348907
v 0 -8.940696724635266e-10 0.23999999463558197
v 0.16970562934875488 -8.940696724635266e-10 0.16970562934875488
v 0.23999999463558197 -8.940696724635266e-10 1.469576190014977e-17
v 0.16970562934875488 -8.940696724635266e-10 -0.16970562934875488
v 2.939152380029954e-17 -8.940696724635266e-10 -0.23999999463558197
v -0.16970562934875488 -8.940696724635266e-10 -0.16970562934875488
v -0.23999999463558197 -8.940696724635266e-10 -4.408728404608808e-17
v -0.16970562934875488 -8.940696724635266e-10 0.16970562934875488
v -5.878304760059908e-17 -8.940696724635266e-10 0.23999999463558197
v 0 0.04500000089406967 0
v 0 0.04500000089406967 0
v 0 0.04500000089406967 0
v 0 0.04500000089406967 0
v 0 0.04500000089406967 0
v 0 0.04500000089406967 0
v 0 0.04500000089406967 0
v 0 0.04500000089406967 0
v 0 0.04500000089406967 0.20999999344348907
v 0.14849242568016052 0.04500000089406967 0.14849242568016052
v 0.20999999344348907 0.04500000089406967 1.2858791455835895e-17
v 0.14849242568016052 0.04500000089406967 -0.14849242568016052
v 2.571758291167179e-17 0.04500000089406967 -0.20999999344348907
v -0.14849242568016052 0.04500000089406967 -0.14849242568016052
v -0.20999999344348907 0.04500000089406967 -3.85763751946883e-17
v -0.14849242568016052 0.04500000089406967 0.14849242568016052
v -5.143516582334358e-17 0.04500000089406967 0.20999999344348907
v 0 -8.940696724635266e-10 0
v 0 -8.940696724635266e-10 0
v 0 -8.940696724635266e-10 0
v 0 -8.940696724635266e-10 0
v 0 -8.940696724635266e-10 0
v 0 -8.940696724635266e-10 0
v 0 -8.940696724635266e-10 0
v 0 -8.940696724635266e-10 0
v 0 -8.940696724635266e-10 0.23999999463558197
v 0.16970562934875488 -8.940696724635266e-10 0.16970562934875488
v 0.23999999463558197 -8.940696724635266e-10 1.469576190014977e-17
v 0.16970562934875488 -8.940696724635266e-10 -0.16970562934875488
v 2.939152380029954e-17 -8.940696724635266e-10 -0.23999999463558197
v -0.16970562934875488 -8.940696724635266e-10 -0.16970562934875488
v -0.23999999463558197 -8.940696724635266e-10 -4.408728404608808e-17
v -0.16970562934875488 -8.940696724635266e-10 0.16970562934875488
v -5.878304760059908e-17 -8.940696724635266e-10 0.23999999463558197
vt 0 1
vt 0.125 1
vt 0.25 1
vt 0.375 1
vt 0.5 1
vt 0.625 1
vt 0.75 1
vt 0.875 1
vt 1 1
vt 0 0
vt 0.125 0
vt 0.25 0
vt 0.375 0
vt 0.5 0
vt 0.625 0
vt 0.75 0
vt 0.875 0
vt 1 0
vt 0.5 0.5
vt 0.5 0.5
vt 0.5 0.5
vt 0.5 0.5
vt 0.5 0.5
vt 0.5 0.5
vt 0.5 0.5
vt 0.5 0.5
vt 1 0.5
vt 0.8535534143447876 0.8535534143447876
vt 0.5 1
vt 0.1464466154575348 0.8535534143447876
vt 0 0.5
vt 0.1464466154575348 0.1464466154575348
vt 0.5 0
vt 0.8535534143447876 0.1464466154575348
vt 1 0.5
vt 0.5 0.5
vt 0.5 0.5
vt 0.5 0.5
vt 0.5 0.5
vt 0.5 0.5
vt 0.5 0.5
vt 0.5 0.5
vt 0.5 0.5
vt 1 0.5
vt 0.8535534143447876 0.1464466154575348
vt 0.5 0
vt 0.1464466154575348 0.1464466154575348
vt 0 0.5
vt 0.1464466154575348 0.8535534143447876
vt 0.5 1
vt 0.8535534143447876 0.8535534143447876
vt 1 0.5
vn 0 0.5547001824703113 0.8320503035077886
vn 0.5883484004052154 0.5547002068516369 0.5883484004052154
vn 0.8320503035077886 0.5547001824703113 5.0948385353135694e-17
vn 0.5883484004052154 0.5547002068516369 -0.5883484004052154
vn 1.0189677070627139e-16 0.5547001824703113 -0.8320503035077886
vn -0.5883484004052154 0.5547002068516369 -0.5883484004052154
vn -0.8320503035077886 0.5547001824703113 -1.5284515936812946e-16
vn -0.5883484004052154 0.5547002068516369 0.5883484004052154
vn -2.0379354141254278e-16 0.5547001824703113 0.8320503035077886
vn 0 0.5547001824703113 0.8320503035077886
vn 0.5883484004052154 0.5547002068516369 0.5883484004052154
vn 0.8320503035077886 0.5547001824703113 5.0948385353135694e-17
vn 0.5883484004052154 0.5547002068516369 -0.5883484004052154
vn 1.0189677070627139e-16 0.5547001824703113 -0.8320503035077886
vn -0.5883484004052154 0.5547002068516369 -0.5883484004052154
vn -0.8320503035077886 0.5547001824703113 -1.5284515936812946e-16
vn -0.5883484004052154 0.5547002068516369 0.5883484004052154
vn -2.0379354141254278e-16 0.5547001824703113 0.8320503035077886
vn 0 1 0
vn 0 1 0
vn 0 1 0
vn 0 1 0
vn 0 1 0
vn 0 1 0
vn 0 1 0
vn 0 1 0
vn 0 1 0
vn 0 1 0
vn 0 1 0
vn 0 1 0
vn 0 1 0
vn 0 1 0
vn 0 1 0
vn 0 1 0
vn 0 1 0
vn 0 -1 0
vn 0 -1 0
vn 0 -1 0
vn 0 -1 0
vn 0 -1 0
vn 0 -1 0
vn 0 -1 0
vn 0 -1 0
vn 0 -1 0
vn 0 -1 0
vn 0 -1 0
vn 0 -1 0
vn 0 -1 0
vn 0 -1 0
vn 0 -1 0
vn 0 -1 0
vn 0 -1 0
f 1/1/1 10/10/10 2/2/2
f 10/10/10 11/11/11 2/2/2
f 2/2/2 11/11/11 3/3/3
f 11/11/11 12/12/12 3/3/3
f 3/3/3 12/12/12 4/4/4
f 12/12/12 13/13/13 4/4/4
f 4/4/4 13/13/13 5/5/5
f 13/13/13 14/14/14 5/5/5
f 5/5/5 14/14/14 6/6/6
f 14/14/14 15/15/15 6/6/6
f 6/6/6 15/15/15 7/7/7
f 15/15/15 16/16/16 7/7/7
f 7/7/7 16/16/16 8/8/8
f 16/16/16 17/17/17 8/8/8
f 8/8/8 17/17/17 9/9/9
f 17/17/17 18/18/18 9/9/9
f 27/27/27 28/28/28 19/19/19
f 28/28/28 29/29/29 20/20/20
f 29/29/29 30/30/30 21/21/21
f 30/30/30 31/31/31 22/22/22
f 31/31/31 32/32/32 23/23/23
f 32/32/32 33/33/33 24/24/24
f 33/33/33 34/34/34 25/25/25
f 34/34/34 35/35/35 26/26/26
f 45/45/45 44/44/44 36/36/36
f 46/46/46 45/45/45 37/37/37
f 47/47/47 46/46/46 38/38/38
f 48/48/48 47/47/47 39/39/39
f 49/49/49 48/48/48 40/40/40
f 50/50/50 49/49/49 41/41/41
f 51/51/51 50/50/50 42/42/42
f 52/52/52 51/51/51 43/43/43
o base_top
usemtl gunmetal
v 0 0.09500000037252904 0.15000000596046448
v 0.1060660183429718 0.09500000037252904 0.1060660183429718
v 0.15000000596046448 0.09500000037252904 9.184851394388759e-18
v 0.1060660183429718 0.09500000037252904 -0.1060660183429718
v 1.8369702788777518e-17 0.09500000037252904 -0.15000000596046448
v -0.1060660183429718 0.09500000037252904 -0.1060660183429718
v -0.15000000596046448 0.09500000037252904 -2.7554552528805052e-17
v -0.1060660183429718 0.09500000037252904 0.1060660183429718
v -3.6739405577555036e-17 0.09500000037252904 0.15000000596046448
v 0 0.04499999962747098 0.1899999976158142
v 0.13435028493404388 0.04499999962747098 0.13435028493404388
v 0.1899999976158142 0.04499999962747098 1.163414476868685e-17
v 0.13435028493404388 0.04499999962747098 -0.13435028493404388
v 2.32682895373737e-17 0.04499999962747098 -0.1899999976158142
v -0.13435028493404388 0.04499999962747098 -0.13435028493404388
v -0.1899999976158142 0.04499999962747098 -3.4902432651699324e-17
v -0.13435028493404388 0.04499999962747098 0.13435028493404388
v -4.65365790747474e-17 0.04499999962747098 0.1899999976158142
v 0 0.09500000037252904 0
v 0 0.09500000037252904 0
v 0 0.09500000037252904 0
v 0 0.09500000037252904 0
v 0 0.09500000037252904 0
v 0 0.09500000037252904 0
v 0 0.09500000037252904 0
v 0 0.09500000037252904 0
v 0 0.09500000037252904 0.15000000596046448
v 0.1060660183429718 0.09500000037252904 0.1060660183429718
v 0.15000000596046448 0.09500000037252904 9.184851394388759e-18
v 0.1060660183429718 0.09500000037252904 -0.1060660183429718
v 1.8369702788777518e-17 0.09500000037252904 -0.15000000596046448
v -0.1060660183429718 0.09500000037252904 -0.1060660183429718
v -0.15000000596046448 0.09500000037252904 -2.7554552528805052e-17
v -0.1060660183429718 0.09500000037252904 0.1060660183429718
v -3.6739405577555036e-17 0.09500000037252904 0.15000000596046448
v 0 0.04499999962747098 0
v 0 0.04499999962747098 0
v 0 0.04499999962747098 0
v 0 0.04499999962747098 0
v 0 0.04499999962747098 0
v 0 0.04499999962747098 0
v 0 0.04499999962747098 0
v 0 0.04499999962747098 0
v 0 0.04499999962747098 0.1899999976158142
v 0.13435028493404388 0.04499999962747098 0.13435028493404388
v 0.1899999976158142 0.04499999962747098 1.163414476868685e-17
v 0.13435028493404388 0.04499999962747098 -0.13435028493404388
v 2.32682895373737e-17 0.04499999962747098 -0.1899999976158142
v -0.13435028493404388 0.04499999962747098 -0.13435028493404388
v -0.1899999976158142 0.04499999962747098 -3.4902432651699324e-17
v -0.13435028493404388 0.04499999962747098 0.13435028493404388
v -4.65365790747474e-17 0.04499999962747098 0.1899999976158142
vt 0 1
vt 0.125 1
vt 0.25 1
vt 0.375 1
vt 0.5 1
vt 0.625 1
vt 0.75 1
vt 0.875 1
vt 1 1
vt 0 0
vt 0.125 0
vt 0.25 0
vt 0.375 0
vt 0.5 0
vt 0.625 0
vt 0.75 0
vt 0.875 0
vt 1 0
vt 0.5 0.5
vt 0.5 0.5
vt 0.5 0.5
vt 0.5 0.5
vt 0.5 0.5
vt 0.5 0.5
vt 0.5 0.5
vt 0.5 0.5
vt 1 0.5
vt 0.8535534143447876 0.8535534143447876
vt 0.5 1
vt 0.1464466154575348 0.8535534143447876
vt 0 0.5
vt 0.1464466154575348 0.1464466154575348
vt 0.5 0
vt 0.8535534143447876 0.1464466154575348
vt 1 0.5
vt 0.5 0.5
vt 0.5 0.5
vt 0.5 0.5
vt 0.5 0.5
vt 0.5 0.5
vt 0.5 0.5
vt 0.5 0.5
vt 0.5 0.5
vt 1 0.5
vt 0.8535534143447876 0.1464466154575348
vt 0.5 0
vt 0.1464466154575348 0.1464466154575348
vt 0 0.5
vt 0.1464466154575348 0.8535534143447876
vt 0.5 1
vt 0.8535534143447876 0.8535534143447876
vt 1 0.5
vn 0 0.6246950475544242 0.7808688094430303
vn 0.5521576291064826 0.624695049795511 0.5521576291064826
vn 0.7808688094430303 0.6246950475544242 4.781442307417965e-17
vn 0.5521576291064826 0.624695049795511 -0.5521576291064826
vn 9.56288461483593e-17 0.6246950475544242 -0.7808688094430303
vn -0.5521576291064826 0.624695049795511 -0.5521576291064826
vn -0.7808688094430303 0.6246950475544242 -1.4344326591381657e-16
vn -0.5521576291064826 0.624695049795511 0.5521576291064826
vn -1.912576922967186e-16 0.6246950475544242 0.7808688094430303
vn 0 0.6246950475544242 0.7808688094430303
vn 0.5521576291064826 0.624695049795511 0.5521576291064826
vn 0.7808688094430303 0.6246950475544242 4.781442307417965e-17
vn 0.5521576291064826 0.624695049795511 -0.5521576291064826
vn 9.56288461483593e-17 0.6246950475544242 -0.7808688094430303
vn -0.5521576291064826 0.624695049795511 -0.5521576291064826
vn -0.7808688094430303 0.6246950475544242 -1.4344326591381657e-16
vn -0.5521576291064826 0.624695049795511 0.5521576291064826
vn -1.912576922967186e-16 0.6246950475544242 0.7808688094430303
vn 0 1 0
vn 0 1 0
vn 0 1 0
vn 0 1 0
vn 0 1 0
vn 0 1 0
vn 0 1 0
vn 0 1 0
vn 0 1 0
vn 0 1 0
vn 0 1 0
vn 0 1 0
vn 0 1 0
vn 0 1 0
vn 0 1 0
vn 0 1 0
vn 0 1 0
vn 0 -1 0
vn 0 -1 0
vn 0 -1 0
vn 0 -1 0
vn 0 -1 0
vn 0 -1 0
vn 0 -1 0
vn 0 -1 0
vn 0 -1 0
vn 0 -1 0
vn 0 -1 0
vn 0 -1 0
vn 0 -1 0
vn 0 -1 0
vn 0 -1 0
vn 0 -1 0
vn 0 -1 0
f 53/53/53 62/62/62 54/54/54
f 62/62/62 63/63/63 54/54/54
f 54/54/54 63/63/63 55/55/55
f 63/63/63 64/64/64 55/55/55
f 55/55/55 64/64/64 56/56/56
f 64/64/64 65/65/65 56/56/56
f 56/56/56 65/65/65 57/57/57
f 65/65/65 66/66/66 57/57/57
f 57/57/57 66/66/66 58/58/58
f 66/66/66 67/67/67 58/58/58
f 58/58/58 67/67/67 59/59/59
f 67/67/67 68/68/68 59/59/59
f 59/59/59 68/68/68 60/60/60
f 68/68/68 69/69/69 60/60/60
f 60/60/60 69/69/69 61/61/61
f 69/69/69 70/70/70 61/61/61
f 79/79/79 80/80/80 71/71/71
f 80/80/80 81/81/81 72/72/72
f 81/81/81 82/82/82 73/73/73
f 82/82/82 83/83/83 74/74/74
f 83/83/83 84/84/84 75/75/75
f 84/84/84 85/85/85 76/76/76
f 85/85/85 86/86/86 77/77/77
f 86/86/86 87/87/87 78/78/78
f 97/97/97 96/96/96 88/88/88
f 98/98/98 97/97/97 89/89/89
f 99/99/99 98/98/98 90/90/90
f 100/100/100 99/99/99 91/91/91
f 101/101/101 100/100/100 92/92/92
f 102/102/102 101/101/101 93/93/93
f 103/103/103 102/102/102 94/94/94
f 104/104/104 103/103/103 95/95/95
o base_glow
usemtl glow
v 0.1764609903792507 0.047000000000000014 0.07309253544487387
v 0.07309253262114321 0.04700000000000004 0.17646098356216178
v -0.07309253544487386 0.04700000000000004 0.17646099037925067
v -0.1764609835621618 0.04700000000000002 0.07309253262114321
v -0.1764609903792507 0.046999999999999986 -0.07309253544487385
v -0.07309253262114321 0.04699999999999996 -0.17646098356216178
v 0.07309253544487385 0.04699999999999996 -0.17646099037925067
v 0.1764609835621618 0.04699999999999998 -0.07309253262114321
v 0.17646099037925073 0.047000000000000014 0.07309253544487383
v 0.17571833615429883 0.04399999997392298 0.07278491799274513
v 0.07278491416346708 0.04399999997392301 0.1757183269096038
v -0.07278491799274511 0.04399999997392301 0.1757183361542988
v -0.17571832690960382 0.04399999997392299 0.07278491416346708
v -0.17571833615429883 0.043999999973922954 -0.0727849179927451
v -0.07278491416346708 0.043999999973922926 -0.1757183269096038
v 0.0727849179927451 0.043999999973922926 -0.1757183361542988
v 0.17571832690960382 0.04399999997392295 -0.07278491416346708
v 0.17571833615429885 0.04399999997392298 0.07278491799274509
v 0.17368934616483067 0.041803847745060935 0.07194448282118818
v 0.07194448553721833 0.04180384774506096 0.17368935272190744
v -0.07194448282118816 0.04180384774506096 0.17368934616483067
v -0.17368935272190744 0.04180384774506094 0.07194448553721831
v -0.17368934616483067 0.04180384774506091 -0.07194448282118815
v -0.07194448553721833 0.04180384774506088 -0.17368935272190744
v 0.07194448282118815 0.04180384774506088 -0.17368934616483067
v 0.17368935272190744 0.04180384774506091 -0.07194448553721831
v 0.1736893461648307 0.041803847745060935 0.07194448282118814
v 0.1709177157172885 0.04099999994784595 0.07079643589993
v 0.07079643845329342 0.04099999994784598 0.17091772188165305
v -0.07079643589992998 0.04099999994784598 0.17091771571728848
v -0.17091772188165308 0.04099999994784596 0.07079643845329342
v -0.1709177157172885 0.04099999994784592 -0.07079643589992997
v -0.07079643845329342 0.040999999947845894 -0.17091772188165305
v 0.07079643589992997 0.040999999947845894 -0.17091771571728848
v 0.17091772188165308 0.04099999994784592 -0.07079643845329342
v 0.17091771571728853 0.04099999994784595 0.07079643589992995
v 0.16814607150286848 0.041803847745060935 0.06964838327624431
v 0.06964838330491821 0.04180384774506096 0.16814607157209335
v -0.0696483832762443 0.04180384774506096 0.16814607150286845
v -0.16814607157209335 0.04180384774506094 0.06964838330491818
v -0.16814607150286848 0.04180384774506091 -0.0696483832762443
v -0.06964838330491821 0.04180384774506088 -0.16814607157209335
v 0.06964838327624429 0.04180384774506088 -0.16814607150286845
v 0.16814607157209335 0.04180384774506091 -0.06964838330491818
v 0.1681460715028685 0.041803847745060935 0.06964838327624427
v 0.16611709528027818 0.04399999997392298 0.06880795380711488
v 0.06880795467866943 0.04399999997392301 0.16611709738439695
v -0.06880795380711487 0.04399999997392301 0.16611709528027815
v -0.16611709738439698 0.04399999997392299 0.06880795467866942
v -0.16611709528027818 0.043999999973922954 -0.06880795380711487
v -0.06880795467866943 0.043999999973922926 -0.16611709738439695
v 0.06880795380711485 0.043999999973922926 -0.16611709528027815
v 0.16611709738439698 0.043999999973922954 -0.06880795467866942
v 0.1661170952802782 0.04399999997392298 0.06880795380711484
v 0.1653744410553263 0.047000000000000014 0.06850033635498612
v 0.0685003362209933 0.047000000000000035 0.165374440731839
v -0.0685003363549861 0.04700000000000004 0.16537444105532628
v -0.165374440731839 0.047000000000000014 0.06850033622099329
v -0.1653744410553263 0.046999999999999986 -0.0685003363549861
v -0.0685003362209933 0.04699999999999996 -0.165374440731839
v 0.06850033635498609 0.04699999999999996 -0.16537444105532628
v 0.165374440731839 0.04699999999999998 -0.06850033622099329
v 0.16537444105532634 0.047000000000000014 0.06850033635498608
v 0.16611709528027818 0.050000000026077046 0.06880795380711488
v 0.06880795467866943 0.050000000026077074 0.16611709738439695
v -0.06880795380711487 0.050000000026077074 0.16611709528027815
v -0.16611709738439698 0.050000000026077046 0.06880795467866942
v -0.16611709528027818 0.05000000002607702 -0.06880795380711487
v -0.06880795467866943 0.05000000002607699 -0.16611709738439695
v 0.06880795380711485 0.05000000002607699 -0.16611709528027815
v 0.16611709738439698 0.05000000002607701 -0.06880795467866942
v 0.1661170952802782 0.050000000026077046 0.06880795380711484
v 0.16814607150286848 0.05219615225493909 0.06964838327624431
v 0.06964838330491821 0.05219615225493912 0.16814607157209335
v -0.0696483832762443 0.05219615225493912 0.16814607150286845
v -0.16814607157209335 0.05219615225493909 0.06964838330491818
v -0.16814607150286848 0.052196152254939066 -0.0696483832762443
v -0.06964838330491821 0.05219615225493904 -0.16814607157209335
v 0.06964838327624429 0.05219615225493904 -0.16814607150286845
v 0.16814607157209335 0.05219615225493906 -0.06964838330491818
v 0.1681460715028685 0.05219615225493909 0.06964838327624427
v 0.1709177157172885 0.05300000005215408 0.07079643589993
v 0.07079643845329342 0.053000000052154106 0.17091772188165305
v -0.07079643589992998 0.053000000052154106 0.17091771571728848
v -0.17091772188165308 0.05300000005215408 0.07079643845329342
v -0.1709177157172885 0.05300000005215405 -0.07079643589992997
v -0.07079643845329342 0.05300000005215402 -0.17091772188165305
v 0.07079643589992997 0.05300000005215402 -0.17091771571728848
v 0.17091772188165308 0.053000000052154043 -0.07079643845329342
v 0.17091771571728853 0.05300000005215408 0.07079643589992995
v 0.17368934616483067 0.05219615225493909 0.07194448282118818
v 0.07194448553721833 0.05219615225493912 0.17368935272190744
v -0.07194448282118816 0.05219615225493912 0.17368934616483067
v -0.17368935272190744 0.05219615225493909 0.07194448553721831
v -0.17368934616483067 0.052196152254939066 -0.07194448282118815
v -0.07194448553721833 0.05219615225493904 -0.17368935272190744
v 0.07194448282118815 0.05219615225493904 -0.17368934616483067
v 0.17368935272190744 0.05219615225493906 -0.07194448553721831
v 0.1736893461648307 0.05219615225493909 0.07194448282118814
v 0.17571833615429883 0.050000000026077046 0.07278491799274513
v 0.07278491416346708 0.050000000026077074 0.1757183269096038
v -0.07278491799274511 0.050000000026077074 0.1757183361542988
v -0.17571832690960382 0.05000000002607705 0.07278491416346708
v -0.17571833615429883 0.05000000002607702 -0.0727849179927451
v -0.07278491416346708 0.05000000002607699 -0.1757183269096038
v 0.0727849179927451 0.05000000002607699 -0.1757183361542988
v 0.17571832690960382 0.05000000002607701 -0.07278491416346708
v 0.17571833615429885 0.050000000026077046 0.07278491799274509
v 0.1764609903792507 0.04700000000000002 0.07309253544487387
v 0.07309253262114321 0.04700000000000004 0.17646098356216178
v -0.07309253544487386 0.04700000000000004 0.17646099037925067
v -0.1764609835621618 0.04700000000000002 0.07309253262114321
v -0.1764609903792507 0.046999999999999986 -0.07309253544487385
v -0.07309253262114321 0.04699999999999996 -0.17646098356216178
v 0.07309253544487385 0.04699999999999996 -0.17646099037925067
v 0.1764609835621618 0.046999999999999986 -0.07309253262114321
v 0.17646099037925073 0.04700000000000002 0.07309253544487383
vt 0 0
vt 0.125 0
vt 0.25 0
vt 0.375 0
vt 0.5 0
vt 0.625 0
vt 0.75 0
vt 0.875 0
vt 1 0
vt 0 0.0833333358168602
vt 0.125 0.0833333358168602
vt 0.25 0.0833333358168602
vt 0.375 0.0833333358168602
vt 0.5 0.0833333358168602
vt 0.625 0.0833333358168602
vt 0.75 0.0833333358168602
vt 0.875 0.0833333358168602
vt 1 0.0833333358168602
vt 0 0.1666666716337204
vt 0.125 0.1666666716337204
vt 0.25 0.1666666716337204
vt 0.375 0.1666666716337204
vt 0.5 0.1666666716337204
vt 0.625 0.1666666716337204
vt 0.75 0.1666666716337204
vt 0.875 0.1666666716337204
vt 1 0.1666666716337204
vt 0 0.25
vt 0.125 0.25
vt 0.25 0.25
vt 0.375 0.25
vt 0.5 0.25
vt 0.625 0.25
vt 0.75 0.25
vt 0.875 0.25
vt 1 0.25
vt 0 0.3333333432674408
vt 0.125 0.3333333432674408
vt 0.25 0.3333333432674408
vt 0.375 0.3333333432674408
vt 0.5 0.3333333432674408
vt 0.625 0.3333333432674408
vt 0.75 0.3333333432674408
vt 0.875 0.3333333432674408
vt 1 0.3333333432674408
vt 0 0.4166666567325592
vt 0.125 0.4166666567325592
vt 0.25 0.4166666567325592
vt 0.375 0.4166666567325592
vt 0.5 0.4166666567325592
vt 0.625 0.4166666567325592
vt 0.75 0.4166666567325592
vt 0.875 0.4166666567325592
vt 1 0.4166666567325592
vt 0 0.5
vt 0.125 0.5
vt 0.25 0.5
vt 0.375 0.5
vt 0.5 0.5
vt 0.625 0.5
vt 0.75 0.5
vt 0.875 0.5
vt 1 0.5
vt 0 0.5833333134651184
vt 0.125 0.5833333134651184
vt 0.25 0.5833333134651184
vt 0.375 0.5833333134651184
vt 0.5 0.5833333134651184
vt 0.625 0.5833333134651184
vt 0.75 0.5833333134651184
vt 0.875 0.5833333134651184
vt 1 0.5833333134651184
vt 0 0.6666666865348816
vt 0.125 0.6666666865348816
vt 0.25 0.6666666865348816
vt 0.375 0.6666666865348816
vt 0.5 0.6666666865348816
vt 0.625 0.6666666865348816
vt 0.75 0.6666666865348816
vt 0.875 0.6666666865348816
vt 1 0.6666666865348816
vt 0 0.75
vt 0.125 0.75
vt 0.25 0.75
vt 0.375 0.75
vt 0.5 0.75
vt 0.625 0.75
vt 0.75 0.75
vt 0.875 0.75
vt 1 0.75
vt 0 0.8333333134651184
vt 0.125 0.8333333134651184
vt 0.25 0.8333333134651184
vt 0.375 0.8333333134651184
vt 0.5 0.8333333134651184
vt 0.625 0.8333333134651184
vt 0.75 0.8333333134651184
vt 0.875 0.8333333134651184
vt 1 0.8333333134651184
vt 0 0.9166666865348816
vt 0.125 0.9166666865348816
vt 0.25 0.9166666865348816
vt 0.375 0.9166666865348816
vt 0.5 0.9166666865348816
vt 0.625 0.9166666865348816
vt 0.75 0.9166666865348816
vt 0.875 0.9166666865348816
vt 1 0.9166666865348816
vt 0 1
vt 0.125 1
vt 0.25 1
vt 0.375 1
vt 0.5 1
vt 0.625 1
vt 0.75 1
vt 0.875 1
vt 1 1
vn 0.9238795325112867 1.1061559977521022e-16 0.3826834323650897
vn 0.3826834323650898 2.15764064738649e-16 0.9238795325112868
vn -0.38268343236508967 1.9452086685093367e-16 0.9238795325112868
vn -0.9238795325112867 5.932998332651241e-17 0.3826834323650899
vn -0.9238795325112867 -1.1061559977521019e-16 -0.3826834323650896
vn -0.3826834323650898 -2.15764064738649e-16 -0.9238795325112868
vn 0.38268343236508956 -1.945208668509337e-16 -0.923879532511287
vn 0.9238795325112867 -5.932998332651241e-17 -0.3826834323650899
vn 0.9238795325112868 1.1061559977521017e-16 0.3826834323650895
vn 0.8001031416011563 -0.5000000067305868 0.33141357254851994
vn 0.33141357705077307 -0.4999999863530875 0.8001031524705573
vn -0.3314135725485198 -0.5000000067305866 0.8001031416011565
vn -0.8001031524705571 -0.4999999863530877 0.3314135770507733
vn -0.8001031416011563 -0.500000006730587 -0.3314135725485196
vn -0.33141357705077307 -0.4999999863530879 -0.8001031524705571
vn 0.33141357254851966 -0.5000000067305871 -0.8001031416011564
vn 0.8001031524705571 -0.4999999863530877 -0.33141357705077307
vn 0.8001031416011564 -0.5000000067305868 0.3314135725485197
vn 0.46193977247389484 -0.8660253998985324 0.19134171875822917
vn 0.1913417163022234 -0.8660254036038806 0.46193976654457314
vn -0.19134171875822895 -0.8660253998985323 0.4619397724738951
vn -0.46193976654457297 -0.8660254036038809 0.1913417163022237
vn -0.46193977247389484 -0.8660253998985324 -0.19134171875822872
vn -0.19134171630222346 -0.866025403603881 -0.4619397665445728
vn 0.1913417187582289 -0.8660253998985326 -0.4619397724738947
vn 0.46193976654457297 -0.8660254036038809 -0.19134171630222332
vn 0.4619397724738949 -0.8660253998985324 0.19134171875822906
vn -8.044366877814565e-18 -1 2.370072626263643e-16
vn -8.044366877814565e-18 -1 2.370072626263643e-16
vn -8.044366877814565e-18 -1 2.370072626263643e-16
vn -8.044366877814565e-18 -1 2.370072626263643e-16
vn -8.044366877814565e-18 -1 2.370072626263643e-16
vn -8.044366877814565e-18 -1 2.370072626263643e-16
vn -8.044366877814565e-18 -1 2.370072626263643e-16
vn -8.044366877814565e-18 -1 2.370072626263643e-16
vn -8.044366877814565e-18 -1 2.370072626263643e-16
vn -0.46193977247389484 -0.8660253998985324 -0.19134171875822878
vn -0.19134171630222346 -0.866025403603881 -0.4619397665445728
vn 0.19134171875822895 -0.8660253998985326 -0.46193977247389467
vn 0.46193976654457297 -0.8660254036038809 -0.19134171630222332
vn 0.46193977247389484 -0.8660253998985324 0.1913417187582291
vn 0.1913417163022234 -0.8660254036038806 0.46193976654457314
vn -0.1913417187582289 -0.8660253998985323 0.46193977247389517
vn -0.46193976654457297 -0.8660254036038809 0.1913417163022237
vn -0.4619397724738949 -0.8660253998985324 -0.19134171875822867
vn -0.8001031416011563 -0.500000006730587 -0.3314135725485197
vn -0.33141357705077307 -0.4999999863530879 -0.8001031524705571
vn 0.3314135725485198 -0.5000000067305871 -0.8001031416011563
vn 0.8001031524705571 -0.4999999863530877 -0.33141357705077307
vn 0.8001031416011565 -0.5000000067305869 0.3314135725485199
vn 0.33141357705077307 -0.4999999863530875 0.8001031524705573
vn -0.33141357254851966 -0.5000000067305866 0.8001031416011566
vn -0.8001031524705571 -0.4999999863530877 0.3314135770507733
vn -0.8001031416011564 -0.500000006730587 -0.3314135725485195
vn -0.9238795325112867 -2.33080285033727e-16 -0.3826834323650897
vn -0.3826834323650898 -3.382287520930596e-16 -0.9238795325112868
vn 0.38268343236508967 -3.1698555210945046e-16 -0.9238795325112868
vn 0.9238795325112867 -1.8179467068092305e-16 -0.3826834323650899
vn 0.9238795325112867 -1.184908548330659e-17 0.3826834323650896
vn 0.3826834323650898 9.329937738423836e-17 0.9238795325112868
vn -0.38268343236508956 7.205618159241692e-17 0.923879532511287
vn -0.9238795325112867 -6.313470402789822e-17 0.3826834323650899
vn -0.9238795325112868 -2.3308028503372694e-16 -0.3826834323650895
vn -0.8001031416011563 0.5000000067305868 -0.33141357254851994
vn -0.33141357705077307 0.4999999863530875 -0.8001031524705573
vn 0.3314135725485198 0.5000000067305866 -0.8001031416011565
vn 0.8001031524705571 0.4999999863530877 -0.3314135770507733
vn 0.8001031416011563 0.500000006730587 0.3314135725485196
vn 0.33141357705077307 0.4999999863530879 0.8001031524705571
vn -0.33141357254851966 0.5000000067305871 0.8001031416011564
vn -0.8001031524705571 0.4999999863530877 0.33141357705077307
vn -0.8001031416011564 0.5000000067305868 -0.3314135725485197
vn -0.46193977247389484 0.8660253998985324 -0.19134171875822917
vn -0.1913417163022234 0.8660254036038806 -0.46193976654457314
vn 0.19134171875822895 0.8660253998985323 -0.4619397724738951
vn 0.46193976654457297 0.8660254036038809 -0.1913417163022237
vn 0.46193977247389484 0.8660253998985324 0.19134171875822872
vn 0.19134171630222346 0.866025403603881 0.4619397665445728
vn -0.1913417187582289 0.8660253998985326 0.4619397724738947
vn -0.46193976654457297 0.8660254036038809 0.19134171630222332
vn -0.4619397724738949 0.8660253998985324 -0.19134171875822906
vn 8.044366877814565e-18 1 -2.370072626263643e-16
vn 8.044366877814565e-18 1 -2.370072626263643e-16
vn 8.044366877814565e-18 1 -2.370072626263643e-16
vn 8.044366877814565e-18 1 -2.370072626263643e-16
vn 8.044366877814565e-18 1 -2.370072626263643e-16
vn 8.044366877814565e-18 1 -2.370072626263643e-16
vn 8.044366877814565e-18 1 -2.370072626263643e-16
vn 8.044366877814565e-18 1 -2.370072626263643e-16
vn 8.044366877814565e-18 1 -2.370072626263643e-16
vn 0.46193977247389484 0.8660253998985324 0.19134171875822878
vn 0.19134171630222346 0.866025403603881 0.4619397665445728
vn -0.19134171875822895 0.8660253998985326 0.46193977247389467
vn -0.46193976654457297 0.8660254036038809 0.19134171630222332
vn -0.46193977247389484 0.8660253998985324 -0.1913417187582291
vn -0.1913417163022234 0.8660254036038806 -0.46193976654457314
vn 0.1913417187582289 0.8660253998985323 -0.46193977247389517
vn 0.46193976654457297 0.8660254036038809 -0.1913417163022237
vn 0.4619397724738949 0.8660253998985324 0.19134171875822867
vn 0.8001031416011563 0.500000006730587 0.3314135725485197
vn 0.33141357705077307 0.4999999863530879 0.8001031524705571
vn -0.3314135725485198 0.5000000067305871 0.8001031416011563
vn -0.8001031524705571 0.4999999863530877 0.33141357705077307
vn -0.8001031416011565 0.5000000067305869 -0.3314135725485199
vn -0.33141357705077307 0.4999999863530875 -0.8001031524705573
vn 0.33141357254851966 0.5000000067305866 -0.8001031416011566
vn 0.8001031524705571 0.4999999863530877 -0.3314135770507733
vn 0.8001031416011564 0.500000006730587 0.3314135725485195
vn 0.9238795325112867 3.5554497029224378e-16 0.3826834323650897
vn 0.3826834323650898 4.606934394474703e-16 0.9238795325112868
vn -0.38268343236508967 4.3945023736796724e-16 0.9238795325112868
vn -0.9238795325112867 3.042593580353337e-16 0.3826834323650899
vn -0.9238795325112867 1.343137707418234e-16 -0.3826834323650896
vn -0.3826834323650898 2.9165309970172277e-17 -0.9238795325112868
vn 0.38268343236508956 5.040850366609986e-17 -0.923879532511287
vn 0.9238795325112867 1.8559939138230887e-16 -0.3826834323650899
vn 0.9238795325112868 3.5554497029224373e-16 0.3826834323650895
f 114/114/114 105/105/105 115/115/115
f 105/105/105 106/106/106 115/115/115
f 115/115/115 106/106/106 116/116/116
f 106/106/106 107/107/107 116/116/116
f 116/116/116 107/107/107 117/117/117
f 107/107/107 108/108/108 117/117/117
f 117/117/117 108/108/108 118/118/118
f 108/108/108 109/109/109 118/118/118
f 118/118/118 109/109/109 119/119/119
f 109/109/109 110/110/110 119/119/119
f 119/119/119 110/110/110 120/120/120
f 110/110/110 111/111/111 120/120/120
f 120/120/120 111/111/111 121/121/121
f 111/111/111 112/112/112 121/121/121
f 121/121/121 112/112/112 122/122/122
f 112/112/112 113/113/113 122/122/122
f 123/123/123 114/114/114 124/124/124
f 114/114/114 115/115/115 124/124/124
f 124/124/124 115/115/115 125/125/125
f 115/115/115 116/116/116 125/125/125
f 125/125/125 116/116/116 126/126/126
f 116/116/116 117/117/117 126/126/126
f 126/126/126 117/117/117 127/127/127
f 117/117/117 118/118/118 127/127/127
f 127/127/127 118/118/118 128/128/128
f 118/118/118 119/119/119 128/128/128
f 128/128/128 119/119/119 129/129/129
f 119/119/119 120/120/120 129/129/129
f 129/129/129 120/120/120 130/130/130
f 120/120/120 121/121/121 130/130/130
f 130/130/130 121/121/121 131/131/131
f 121/121/121 122/122/122 131/131/131
f 132/132/132 123/123/123 133/133/133
f 123/123/123 124/124/124 133/133/133
f 133/133/133 124/124/124 134/134/134
f 124/124/124 125/125/125 134/134/134
f 134/134/134 125/125/125 135/135/135
f 125/125/125 126/126/126 135/135/135
f 135/135/135 126/126/126 136/136/136
f 126/126/126 127/127/127 136/136/136
f 136/136/136 127/127/127 137/137/137
f 127/127/127 128/128/128 137/137/137
f 137/137/137 128/128/128 138/138/138
f 128/128/128 129/129/129 138/138/138
f 138/138/138 129/129/129 139/139/139
f 129/129/129 130/130/130 139/139/139
f 139/139/139 130/130/130 140/140/140
f 130/130/130 131/131/131 140/140/140
f 141/141/141 132/132/132 142/142/142
f 132/132/132 133/133/133 142/142/142
f 142/142/142 133/133/133 143/143/143
f 133/133/133 134/134/134 143/143/143
f 143/143/143 134/134/134 144/144/144
f 134/134/134 135/135/135 144/144/144
f 144/144/144 135/135/135 145/145/145
f 135/135/135 136/136/136 145/145/145
f 145/145/145 136/136/136 146/146/146
f 136/136/136 137/137/137 146/146/146
f 146/146/146 137/137/137 147/147/147
f 137/137/137 138/138/138 147/147/147
f 147/147/147 138/138/138 148/148/148
f 138/138/138 139/139/139 148/148/148
f 148/148/148 139/139/139 149/149/149
f 139/139/139 140/140/140 149/149/149
f 150/150/150 141/141/141 151/151/151
f 141/141/141 142/142/142 151/151/151
f 151/151/151 142/142/142 152/152/152
f 142/142/142 143/143/143 152/152/152
f 152/152/152 143/143/143 153/153/153
f 143/143/143 144/144/144 153/153/153
f 153/153/153 144/144/144 154/154/154
f 144/144/144 145/145/145 154/154/154
f 154/154/154 145/145/145 155/155/155
f 145/145/145 146/146/146 155/155/155
f 155/155/155 146/146/146 156/156/156
f 146/146/146 147/147/147 156/156/156
f 156/156/156 147/147/147 157/157/157
f 147/147/147 148/148/148 157/157/157
f 157/157/157 148/148/148 158/158/158
f 148/148/148 149/149/149 158/158/158
f 159/159/159 150/150/150 160/160/160
f 150/150/150 151/151/151 160/160/160
f 160/160/160 151/151/151 161/161/161
f 151/151/151 152/152/152 161/161/161
f 161/161/161 152/152/152 162/162/162
f 152/152/152 153/153/153 162/162/162
f 162/162/162 153/153/153 163/163/163
f 153/153/153 154/154/154 163/163/163
f 163/163/163 154/154/154 164/164/164
f 154/154/154 155/155/155 164/164/164
f 164/164/164 155/155/155 165/165/165
f 155/155/155 156/156/156 165/165/165
f 165/165/165 156/156/156 166/166/166
f 156/156/156 157/157/157 166/166/166
f 166/166/166 157/157/157 167/167/167
f 157/157/157 158/158/158 167/167/167
f 168/168/168 159/159/159 169/169/169
f 159/159/159 160/160/160 169/169/169
f 169/169/169 160/160/160 170/170/170
f 160/160/160 161/161/161 170/170/170
f 170/170/170 161/161/161 171/171/171
f 161/161/161 162/162/162 171/171/171
f 171/171/171 162/162/162 172/172/172
f 162/162/162 163/163/163 172/172/172
f 172/172/172 163/163/163 173/173/173
f 163/163/163 164/164/164 173/173/173
f 173/173/173 164/164/164 174/174/174
f 164/164/164 165/165/165 174/174/174
f 174/174/174 165/165/165 175/175/175
f 165/165/165 166/166/166 175/175/175
f 175/175/175 166/166/166 176/176/176
f 166/166/166 167/167/167 176/176/176
f 177/177/177 168/168/168 178/178/178
f 168/168/168 169/169/169 178/178/178
f 178/178/178 169/169/169 179/179/179
f 169/169/169 170/170/170 179/179/179
f 179/179/179 170/170/170 180/180/180
f 170/170/170 171/171/171 180/180/180
f 180/180/180 171/171/171 181/181/181
f 171/171/171 172/172/172 181/181/181
f 181/181/181 172/172/172 182/182/182
f 172/172/172 173/173/173 182/182/182
f 182/182/182 173/173/173 183/183/183
f 173/173/173 174/174/174 183/183/183
f 183/183/183 174/174/174 184/184/184
f 174/174/174 175/175/175 184/184/184
f 184/184/184 175/175/175 185/185/185
f 175/175/175 176/176/176 185/185/185
f 186/186/186 177/177/177 187/187/187
f 177/177/177 178/178/178 187/187/187
f 187/187/187 178/178/178 188/188/188
f 178/178/178 179/179/179 188/188/188
f 188/188/188 179/179/179 189/189/189
f 179/179/179 180/180/180 189/189/189
f 189/189/189 180/180/180 190/190/190
f 180/180/180 181/181/181 190/190/190
f 190/190/190 181/181/181 191/191/191
f 181/181/181 182/182/182 191/191/191
f 191/191/191 182/182/182 192/192/192
f 182/182/182 183/183/183 192/192/192
f 192/192/192 183/183/183 193/193/193
f 183/183/183 184/184/184 193/193/193
f 193/193/193 184/184/184 194/194/194
f 184/184/184 185/185/185 194/194/194
f 195/195/195 186/186/186 196/196/196
f 186/186/186 187/187/187 196/196/196
f 196/196/196 187/187/187 197/197/197
f 187/187/187 188/188/188 197/197/197
f 197/197/197 188/188/188 198/198/198
f 188/188/188 189/189/189 198/198/198
f 198/198/198 189/189/189 199/199/199
f 189/189/189 190/190/190 199/199/199
f 199/199/199 190/190/190 200/200/200
f 190/190/190 191/191/191 200/200/200
f 200/200/200 191/191/191 201/201/201
f 191/191/191 192/192/192 201/201/201
f 201/201/201 192/192/192 202/202/202
f 192/192/192 193/193/193 202/202/202
f 202/202/202 193/193/193 203/203/203
f 193/193/193 194/194/194 203/203/203
f 204/204/204 195/195/195 205/205/205
f 195/195/195 196/196/196 205/205/205
f 205/205/205 196/196/196 206/206/206
f 196/196/196 197/197/197 206/206/206
f 206/206/206 197/197/197 207/207/207
f 197/197/197 198/198/198 207/207/207
f 207/207/207 198/198/198 208/208/208
f 198/198/198 199/199/199 208/208/208
f 208/208/208 199/199/199 209/209/209
f 199/199/199 200/200/200 209/209/209
f 209/209/209 200/200/200 210/210/210
f 200/200/200 201/201/201 210/210/210
f 210/210/210 201/201/201 211/211/211
f 201/201/201 202/202/202 211/211/211
f 211/211/211 202/202/202 212/212/212
f 202/202/202 203/203/203 212/212/212
f 213/213/213 204/204/204 214/214/214
f 204/204/204 205/205/205 214/214/214
f 214/214/214 205/205/205 215/215/215
f 205/205/205 206/206/206 215/215/215
f 215/215/215 206/206/206 216/216/216
f 206/206/206 207/207/207 216/216/216
f 216/216/216 207/207/207 217/217/217
f 207/207/207 208/208/208 217/217/217
f 217/217/217 208/208/208 218/218/218
f 208/208/208 209/209/209 218/218/218
f 218/218/218 209/209/209 219/219/219
f 209/209/209 210/210/210 219/219/219
f 219/219/219 210/210/210 220/220/220
f 210/210/210 211/211/211 220/220/220
f 220/220/220 211/211/211 221/221/221
f 211/211/211 212/212/212 221/221/221
o spine
usemtl joint
v 0 0.23000000029802323 0.041999999433755875
v 0.010870399884879589 0.23000000029802323 0.04056888446211815
v 0.020999999716877937 0.23000000029802323 0.036373067647218704
v 0.029698485508561134 0.23000000029802323 0.029698485508561134
v 0.036373067647218704 0.23000000029802323 0.020999999716877937
v 0.04056888446211815 0.23000000029802323 0.010870399884879589
v 0.041999999433755875 0.23000000029802323 2.571758291167179e-18
v 0.04056888446211815 0.23000000029802323 -0.010870399884879589
v 0.036373067647218704 0.23000000029802323 -0.020999999716877937
v 0.029698485508561134 0.23000000029802323 -0.029698485508561134
v 0.020999999716877937 0.23000000029802323 -0.036373067647218704
v 0.010870399884879589 0.23000000029802323 -0.04056888446211815
v 5.143516582334358e-18 0.23000000029802323 -0.041999999433755875
v -0.010870399884879589 0.23000000029802323 -0.04056888446211815
v -0.020999999716877937 0.23000000029802323 -0.036373067647218704
v -0.029698485508561134 0.23000000029802323 -0.029698485508561134
v -0.036373067647218704 0.23000000029802323 -0.020999999716877937
v -0.04056888446211815 0.23000000029802323 -0.010870399884879589
v -0.041999999433755875 0.23000000029802323 -7.715274873501537e-18
v -0.04056888446211815 0.23000000029802323 0.010870399884879589
v -0.036373067647218704 0.23000000029802323 0.020999999716877937
v -0.029698485508561134 0.23000000029802323 0.029698485508561134
v -0.020999999716877937 0.23000000029802323 0.036373067647218704
v -0.010870399884879589 0.23000000029802323 0.04056888446211815
v -1.0287033164668716e-17 0.23000000029802323 0.041999999433755875
v 0 0.08999999970197678 0.054999999701976776
v 0.014235047623515129 0.08999999970197678 0.05312592163681984
v 0.027499999850988388 0.08999999970197678 0.0476313978433609
v 0.03889087215065956 0.08999999970197678 0.03889087215065956
v 0.0476313978433609 0.08999999970197678 0.027499999850988388
v 0.05312592163681984 0.08999999970197678 0.014235047623515129
v 0.054999999701976776 0.08999999970197678 3.367778596455028e-18
v 0.05312592163681984 0.08999999970197678 -0.014235047623515129
v 0.0476313978433609 0.08999999970197678 -0.027499999850988388
v 0.03889087215065956 0.08999999970197678 -0.03889087215065956
v 0.027499999850988388 0.08999999970197678 -0.0476313978433609
v 0.014235047623515129 0.08999999970197678 -0.05312592163681984
v 6.735557192910056e-18 0.08999999970197678 -0.054999999701976776
v -0.014235047623515129 0.08999999970197678 -0.05312592163681984
v -0.027499999850988388 0.08999999970197678 -0.0476313978433609
v -0.03889087215065956 0.08999999970197678 -0.03889087215065956
v -0.0476313978433609 0.08999999970197678 -0.027499999850988388
v -0.05312592163681984 0.08999999970197678 -0.014235047623515129
v -0.054999999701976776 0.08999999970197678 -1.010333620295539e-17
v -0.05312592163681984 0.08999999970197678 0.014235047623515129
v -0.0476313978433609 0.08999999970197678 0.027499999850988388
v -0.03889087215065956 0.08999999970197678 0.03889087215065956
v -0.027499999850988388 0.08999999970197678 0.0476313978433609
v -0.014235047623515129 0.08999999970197678 0.05312592163681984
v -1.3471114385820111e-17 0.08999999970197678 0.054999999701976776
v 0 0.23000000029802323 0
v 0 0.23000000029802323 0
v 0 0.23000000029802323 0
v 0 0.23000000029802323 0
v 0 0.23000000029802323 0
v 0 0.23000000029802323 0
v 0 0.23000000029802323 0
v 0 0.23000000029802323 0
v 0 0.23000000029802323 0
v 0 0.23000000029802323 0
v 0 0.23000000029802323 0
v 0 0.23000000029802323 0
v 0 0.23000000029802323 0
v 0 0.23000000029802323 0
v 0 0.23000000029802323 0
v 0 0.23000000029802323 0
v 0 0.23000000029802323 0
v 0 0.23000000029802323 0
v 0 0.23000000029802323 0
v 0 0.23000000029802323 0
v 0 0.23000000029802323 0
v 0 0.23000000029802323 0
v 0 0.23000000029802323 0
v 0 0.23000000029802323 0
v 0 0.23000000029802323 0.041999999433755875
v 0.010870399884879589 0.23000000029802323 0.04056888446211815
v 0.020999999716877937 0.23000000029802323 0.036373067647218704
v 0.029698485508561134 0.23000000029802323 0.029698485508561134
v 0.036373067647218704 0.23000000029802323 0.020999999716877937
v 0.04056888446211815 0.23000000029802323 0.010870399884879589
v 0.041999999433755875 0.23000000029802323 2.571758291167179e-18
v 0.04056888446211815 0.23000000029802323 -0.010870399884879589
v 0.036373067647218704 0.23000000029802323 -0.020999999716877937
v 0.029698485508561134 0.23000000029802323 -0.029698485508561134
v 0.020999999716877937 0.23000000029802323 -0.036373067647218704
v 0.010870399884879589 0.23000000029802323 -0.04056888446211815
v 5.143516582334358e-18 0.23000000029802323 -0.041999999433755875
v -0.010870399884879589 0.23000000029802323 -0.04056888446211815
v -0.020999999716877937 0.23000000029802323 -0.036373067647218704
v -0.029698485508561134 0.23000000029802323 -0.029698485508561134
v -0.036373067647218704 0.23000000029802323 -0.020999999716877937
v -0.04056888446211815 0.23000000029802323 -0.010870399884879589
v -0.041999999433755875 0.23000000029802323 -7.715274873501537e-18
v -0.04056888446211815 0.23000000029802323 0.010870399884879589
v -0.036373067647218704 0.23000000029802323 0.020999999716877937
v -0.029698485508561134 0.23000000029802323 0.029698485508561134
v -0.020999999716877937 0.23000000029802323 0.036373067647218704
v -0.010870399884879589 0.23000000029802323 0.04056888446211815
v -1.0287033164668716e-17 0.23000000029802323 0.041999999433755875
v 0 0.08999999970197678 0
v 0 0.08999999970197678 0
v 0 0.08999999970197678 0
v 0 0.08999999970197678 0
v 0 0.08999999970197678 0
v 0 0.08999999970197678 0
v 0 0.08999999970197678 0
v 0 0.08999999970197678 0
v 0 0.08999999970197678 0
v 0 0.08999999970197678 0
v 0 0.08999999970197678 0
v 0 0.08999999970197678 0
v 0 0.08999999970197678 0
v 0 0.08999999970197678 0
v 0 0.08999999970197678 0
v 0 0.08999999970197678 0
v 0 0.08999999970197678 0
v 0 0.08999999970197678 0
v 0 0.08999999970197678 0
v 0 0.08999999970197678 0
v 0 0.08999999970197678 0
v 0 0.08999999970197678 0
v 0 0.08999999970197678 0
v 0 0.08999999970197678 0
v 0 0.08999999970197678 0.054999999701976776
v 0.014235047623515129 0.08999999970197678 0.05312592163681984
v 0.027499999850988388 0.08999999970197678 0.0476313978433609
v 0.03889087215065956 0.08999999970197678 0.03889087215065956
v 0.0476313978433609 0.08999999970197678 0.027499999850988388
v 0.05312592163681984 0.08999999970197678 0.014235047623515129
v 0.054999999701976776 0.08999999970197678 3.367778596455028e-18
v 0.05312592163681984 0.08999999970197678 -0.014235047623515129
v 0.0476313978433609 0.08999999970197678 -0.027499999850988388
v 0.03889087215065956 0.08999999970197678 -0.03889087215065956
v 0.027499999850988388 0.08999999970197678 -0.0476313978433609
v 0.014235047623515129 0.08999999970197678 -0.05312592163681984
v 6.735557192910056e-18 0.08999999970197678 -0.054999999701976776
v -0.014235047623515129 0.08999999970197678 -0.05312592163681984
v -0.027499999850988388 0.08999999970197678 -0.0476313978433609
v -0.03889087215065956 0.08999999970197678 -0.03889087215065956
v -0.0476313978433609 0.08999999970197678 -0.027499999850988388
v -0.05312592163681984 0.08999999970197678 -0.014235047623515129
v -0.054999999701976776 0.08999999970197678 -1.010333620295539e-17
v -0.05312592163681984 0.08999999970197678 0.014235047623515129
v -0.0476313978433609 0.08999999970197678 0.027499999850988388
v -0.03889087215065956 0.08999999970197678 0.03889087215065956
v -0.027499999850988388 0.08999999970197678 0.0476313978433609
v -0.014235047623515129 0.08999999970197678 0.05312592163681984
v -1.3471114385820111e-17 0.08999999970197678 0.054999999701976776
vt 0 1
vt 0.0416666679084301 1
vt 0.0833333358168602 1
vt 0.125 1
vt 0.1666666716337204 1
vt 0.2083333283662796 1
vt 0.25 1
vt 0.2916666567325592 1
vt 0.3333333432674408 1
vt 0.375 1
vt 0.4166666567325592 1
vt 0.4583333432674408 1
vt 0.5 1
vt 0.5416666865348816 1
vt 0.5833333134651184 1
vt 0.625 1
vt 0.6666666865348816 1
vt 0.7083333134651184 1
vt 0.75 1
vt 0.7916666865348816 1
vt 0.8333333134651184 1
vt 0.875 1
vt 0.9166666865348816 1
vt 0.9583333134651184 1
vt 1 1
vt 0 0
vt 0.0416666679084301 0
vt 0.0833333358168602 0
vt 0.125 0
vt 0.1666666716337204 0
vt 0.2083333283662796 0
vt 0.25 0
vt 0.2916666567325592 0
vt 0.3333333432674408 0
vt 0.375 0
vt 0.4166666567325592 0
vt 0.4583333432674408 0
vt 0.5 0
vt 0.5416666865348816 0
vt 0.5833333134651184 0
vt 0.625 0
vt 0.6666666865348816 0
vt 0.7083333134651184 0
vt 0.75 0
vt 0.7916666865348816 0
vt 0.8333333134651184 0
vt 0.875 0
vt 0.9166666865348816 0
vt 0.9583333134651184 0
vt 1 0
vt 0.5 0.5
vt 0.5 0.5
vt 0.5 0.5
vt 0.5 0.5
vt 0.5 0.5
vt 0.5 0.5
vt 0.5 0.5
vt 0.5 0.5
vt 0.5 0.5
vt 0.5 0.5
vt 0.5 0.5
vt 0.5 0.5
vt 0.5 0.5
vt 0.5 0.5
vt 0.5 0.5
vt 0.5 0.5
vt 0.5 0.5
vt 0.5 0.5
vt 0.5 0.5
vt 0.5 0.5
vt 0.5 0.5
vt 0.5 0.5
vt 0.5 0.5
vt 0.5 0.5
vt 1 0.5
vt 0.9829629063606262 0.6294095516204834
vt 0.9330127239227295 0.75
vt 0.8535534143447876 0.8535534143447876
vt 0.75 0.9330127239227295
vt 0.6294095516204834 0.9829629063606262
vt 0.5 1
vt 0.370590478181839 0.9829629063606262
vt 0.25 0.9330127239227295
vt 0.1464466154575348 0.8535534143447876
vt 0.0669872984290123 0.75
vt 0.017037086188793182 0.6294095516204834
vt 0 0.5
vt 0.017037086188793182 0.370590478181839
vt 0.0669872984290123 0.25
vt 0.1464466154575348 0.1464466154575348
vt 0.25 0.0669872984290123
vt 0.370590478181839 0.017037086188793182
vt 0.5 0
vt 0.6294095516204834 0.017037086188793182
vt 0.75 0.0669872984290123
vt 0.8535534143447876 0.1464466154575348
vt 0.9330127239227295 0.25
vt 0.9829629063606262 0.370590478181839
vt 1 0.5
vt 0.5 0.5
vt 0.5 0.5
vt 0.5 0.5
vt 0.5 0.5
vt 0.5 0.5
vt 0.5 0.5
vt 0.5 0.5
vt 0.5 0.5
vt 0.5 0.5
vt 0.5 0.5
vt 0.5 0.5
vt 0.5 0.5
vt 0.5 0.5
vt 0.5 0.5
vt 0.5 0.5
vt 0.5 0.5
vt 0.5 0.5
vt 0.5 0.5
vt 0.5 0.5
vt 0.5 0.5
vt 0.5 0.5
vt 0.5 0.5
vt 0.5 0.5
vt 0.5 0.5
vt 1 0.5
vt 0.9829629063606262 0.370590478181839
vt 0.9330127239227295 0.25
vt 0.8535534143447876 0.1464466154575348
vt 0.75 0.0669872984290123
vt 0.6294095516204834 0.017037086188793182
vt 0.5 0
vt 0.370590478181839 0.017037086188793182
vt 0.25 0.0669872984290123
vt 0.1464466154575348 0.1464466154575348
vt 0.0669872984290123 0.25
vt 0.017037086188793182 0.370590478181839
vt 0 0.5
vt 0.017037086188793182 0.6294095516204834
vt 0.0669872984290123 0.75
vt 0.1464466154575348 0.8535534143447876
vt 0.25 0.9330127239227295
vt 0.370590478181839 0.9829629063606262
vt 0.5 1
vt 0.6294095516204834 0.9829629063606262
vt 0.75 0.9330127239227295
vt 0.8535534143447876 0.8535534143447876
vt 0.9330127239227295 0.75
vt 0.9829629063606262 0.6294095516204834
vt 1 0.5
vn 0 0.09245938842772151 0.9957164563727827
vn 0.25771039720418615 0.09245938806315443 0.9617882369481588
vn 0.4978582148573839 0.09245938595233433 0.862315754145972
vn 0.7040778583041372 0.09245939050047224 0.7040778583041372
vn 0.862315754145972 0.09245938595233433 0.4978582148573839
vn 0.9617882369481588 0.09245938806315443 0.25771039720418615
vn 0.9957164563727827 0.09245938842772151 6.097004719684404e-17
vn 0.9617882369481588 0.09245938806315443 -0.25771039720418615
vn 0.862315754145972 0.09245938595233433 -0.4978582148573839
vn 0.7040778583041372 0.09245939050047224 -0.7040778583041372
vn 0.4978582148573839 0.09245938595233433 -0.862315754145972
vn 0.25771039720418615 0.09245938806315443 -0.9617882369481588
vn 1.219400943936881e-16 0.09245938842772151 -0.9957164563727827
vn -0.25771039720418615 0.09245938806315443 -0.9617882369481588
vn -0.4978582148573839 0.09245938595233433 -0.862315754145972
vn -0.7040778583041372 0.09245939050047224 -0.7040778583041372
vn -0.862315754145972 0.09245938595233433 -0.4978582148573839
vn -0.9617882369481588 0.09245938806315443 -0.25771039720418615
vn -0.9957164563727827 0.09245938842772151 -1.8291014820797705e-16
vn -0.9617882369481588 0.09245938806315443 0.25771039720418615
vn -0.862315754145972 0.09245938595233433 0.4978582148573839
vn -0.7040778583041372 0.09245939050047224 0.7040778583041372
vn -0.4978582148573839 0.09245938595233433 0.862315754145972
vn -0.25771039720418615 0.09245938806315443 0.9617882369481588
vn -2.438801887873762e-16 0.09245938842772151 0.9957164563727827
vn 0 0.09245938842772151 0.9957164563727827
vn 0.25771039720418615 0.09245938806315443 0.9617882369481588
vn 0.4978582148573839 0.09245938595233433 0.862315754145972
vn 0.7040778583041372 0.09245939050047224 0.7040778583041372
vn 0.862315754145972 0.09245938595233433 0.4978582148573839
vn 0.9617882369481588 0.09245938806315443 0.25771039720418615
vn 0.9957164563727827 0.09245938842772151 6.097004719684404e-17
vn 0.9617882369481588 0.09245938806315443 -0.25771039720418615
vn 0.862315754145972 0.09245938595233433 -0.4978582148573839
vn 0.7040778583041372 0.09245939050047224 -0.7040778583041372
vn 0.4978582148573839 0.09245938595233433 -0.862315754145972
vn 0.25771039720418615 0.09245938806315443 -0.9617882369481588
vn 1.219400943936881e-16 0.09245938842772151 -0.9957164563727827
vn -0.25771039720418615 0.09245938806315443 -0.9617882369481588
vn -0.4978582148573839 0.09245938595233433 -0.862315754145972
vn -0.7040778583041372 0.09245939050047224 -0.7040778583041372
vn -0.862315754145972 0.09245938595233433 -0.4978582148573839
vn -0.9617882369481588 0.09245938806315443 -0.25771039720418615
vn -0.9957164563727827 0.09245938842772151 -1.8291014820797705e-16
vn -0.9617882369481588 0.09245938806315443 0.25771039720418615
vn -0.862315754145972 0.09245938595233433 0.4978582148573839
vn -0.7040778583041372 0.09245939050047224 0.7040778583041372
vn -0.4978582148573839 0.09245938595233433 0.862315754145972
vn -0.25771039720418615 0.09245938806315443 0.9617882369481588
vn -2.438801887873762e-16 0.09245938842772151 0.9957164563727827
vn 0 1 0
vn 0 1 0
vn 0 1 0
vn 0 1 0
vn 0 1 0
vn 0 1 0
vn 0 1 0
vn 0 1 0
vn 0 1 0
vn 0 1 0
vn 0 1 0
vn 0 1 0
vn 0 1 0
vn 0 1 0
vn 0 1 0
vn 0 1 0
vn 0 1 0
vn 0 1 0
vn 0 1 0
vn 0 1 0
vn 0 1 0
vn 0 1 0
vn 0 1 0
vn 0 1 0
vn 0 1 0
vn 0 1 0
vn 0 1 0
vn 0 1 0
vn 0 1 0
vn 0 1 0
vn 0 1 0
vn 0 1 0
vn 0 1 0
vn 0 1 0
vn 0 1 0
vn 0 1 0
vn 0 1 0
vn 0 1 0
vn 0 1 0
vn 0 1 0
vn 0 1 0
vn 0 1 0
vn 0 1 0
vn 0 1 0
vn 0 1 0
vn 0 1 0
vn 0 1 0
vn 0 1 0
vn 0 1 0
vn 0 -1 0
vn 0 -1 0
vn 0 -1 0
vn 0 -1 0
vn 0 -1 0
vn 0 -1 0
vn 0 -1 0
vn 0 -1 0
vn 0 -1 0
vn 0 -1 0
vn 0 -1 0
vn 0 -1 0
vn 0 -1 0
vn 0 -1 0
vn 0 -1 0
vn 0 -1 0
vn 0 -1 0
vn 0 -1 0
vn 0 -1 0
vn 0 -1 0
vn 0 -1 0
vn 0 -1 0
vn 0 -1 0
vn 0 -1 0
vn 0 -1 0
vn 0 -1 0
vn 0 -1 0
vn 0 -1 0
vn 0 -1 0
vn 0 -1 0
vn 0 -1 0
vn 0 -1 0
vn 0 -1 0
vn 0 -1 0
vn 0 -1 0
vn 0 -1 0
vn 0 -1 0
vn 0 -1 0
vn 0 -1 0
vn 0 -1 0
vn 0 -1 0
vn 0 -1 0
vn 0 -1 0
vn 0 -1 0
vn 0 -1 0
vn 0 -1 0
vn 0 -1 0
vn 0 -1 0
vn 0 -1 0
f 222/222/222 247/247/247 223/223/223
f 247/247/247 248/248/248 223/223/223
f 223/223/223 248/248/248 224/224/224
f 248/248/248 249/249/249 224/224/224
f 224/224/224 249/249/249 225/225/225
f 249/249/249 250/250/250 225/225/225
f 225/225/225 250/250/250 226/226/226
f 250/250/250 251/251/251 226/226/226
f 226/226/226 251/251/251 227/227/227
f 251/251/251 252/252/252 227/227/227
f 227/227/227 252/252/252 228/228/228
f 252/252/252 253/253/253 228/228/228
f 228/228/228 253/253/253 229/229/229
f 253/253/253 254/254/254 229/229/229
f 229/229/229 254/254/254 230/230/230
f 254/254/254 255/255/255 230/230/230
f 230/230/230 255/255/255 231/231/231
f 255/255/255 256/256/256 231/231/231
f 231/231/231 256/256/256 232/232/232
f 256/256/256 257/257/257 232/232/232
f 232/232/232 257/257/257 233/233/233
f 257/257/257 258/258/258 233/233/233
f 233/233/233 258/258/258 234/234/234
f 258/258/258 259/259/259 234/234/234
f 234/234/234 259/259/259 235/235/235
f 259/259/259 260/260/260 235/235/235
f 235/235/235 260/260/260 236/236/236
f 260/260/260 261/261/261 236/236/236
f 236/236/236 261/261/261 237/237/237
f 261/261/261 262/262/262 237/237/237
f 237/237/237 262/262/262 238/238/238
f 262/262/262 263/263/263 238/238/238
f 238/238/238 263/263/263 239/239/239
f 263/263/263 264/264/264 239/239/239
f 239/239/239 264/264/264 240/240/240
f 264/264/264 265/265/265 240/240/240
f 240/240/240 265/265/265 241/241/241
f 265/265/265 266/266/266 241/241/241
f 241/241/241 266/266/266 242/242/242
f 266/266/266 267/267/267 242/242/242
f 242/242/242 267/267/267 243/243/243
f 267/267/267 268/268/268 243/243/243
f 243/243/243 268/268/268 244/244/244
f 268/268/268 269/269/269 244/244/244
f 244/244/244 269/269/269 245/245/245
f 269/269/269 270/270/270 245/245/245
f 245/245/245 270/270/270 246/246/246
f 270/270/270 271/271/271 246/246/246
f 296/296/296 297/297/297 272/272/272
f 297/297/297 298/298/298 273/273/273
f 298/298/298 299/299/299 274/274/274
f 299/299/299 300/300/300 275/275/275
f 300/300/300 301/301/301 276/276/276
f 301/301/301 302/302/302 277/277/277
f 302/302/302 303/303/303 278/278/278
f 303/303/303 304/304/304 279/279/279
f 304/304/304 305/305/305 280/280/280
f 305/305/305 306/306/306 281/281/281
f 306/306/306 307/307/307 282/282/282
f 307/307/307 308/308/308 283/283/283
f 308/308/308 309/309/309 284/284/284
f 309/309/309 310/310/310 285/285/285
f 310/310/310 311/311/311 286/286/286
f 311/311/311 312/312/312 287/287/287
f 312/312/312 313/313/313 288/288/288
f 313/313/313 314/314/314 289/289/289
f 314/314/314 315/315/315 290/290/290
f 315/315/315 316/316/316 291/291/291
f 316/316/316 317/317/317 292/292/292
f 317/317/317 318/318/318 293/293/293
f 318/318/318 319/319/319 294/294/294
f 319/319/319 320/320/320 295/295/295
f 346/346/346 345/345/345 321/321/321
f 347/347/347 346/346/346 322/322/322
f 348/348/348 347/347/347 323/323/323
f 349/349/349 348/348/348 324/324/324
f 350/350/350 349/349/349 325/325/325
f 351/351/351 350/350/350 326/326/326
f 352/352/352 351/351/351 327/327/327
f 353/353/353 352/352/352 328/328/328
f 354/354/354 353/353/353 329/329/329
f 355/355/355 354/354/354 330/330/330
f 356/356/356 355/355/355 331/331/331
f 357/357/357 356/356/356 332/332/332
f 358/358/358 357/357/357 333/333/333
f 359/359/359 358/358/358 334/334/334
f 360/360/360 359/359/359 335/335/335
f 361/361/361 360/360/360 336/336/336
f 362/362/362 361/361/361 337/337/337
f 363/363/363 362/362/362 338/338/338
f 364/364/364 363/363/363 339/339/339
f 365/365/365 364/364/364 340/340/340
f 366/366/366 365/365/365 341/341/341
f 367/367/367 366/366/366 342/342/342
f 368/368/368 367/367/367 343/343/343
f 369/369/369 368/368/368 344/344/344
o piston_0
usemtl steel
v 0.05221870681163639 0.2295325589634611 0.008999999612569809
v 0.05747073130042805 0.23016584459533712 0.007281152997165918
v 0.06071666052006844 0.23055723658927618 0.00278115295805037
v 0.06071666052006844 0.23055723658927618 -0.00278115295805037
v 0.05747073130042805 0.23016584459533712 -0.007281152997165918
v 0.05221870681163639 0.2295325589634611 -0.008999999612569809
v 0.04696668232284472 0.22889927333158502 -0.007281152997165918
v 0.04372075310320433 0.228507881337646 -0.00278115295805037
v 0.04372075310320433 0.228507881337646 0.00278115295805037
v 0.04696668232284472 0.22889927333158502 0.007281152997165918
v 0.05221870681163638 0.2295325589634611 0.008999999612569809
v 0.06778129318836361 0.10046744103653894 0.008999999612569809
v 0.07303331767715528 0.10110072666841499 0.007281152997165918
v 0.07627924689679566 0.10149211866235404 0.00278115295805037
v 0.07627924689679566 0.10149211866235404 -0.00278115295805037
v 0.07303331767715528 0.10110072666841499 -0.007281152997165918
v 0.06778129318836361 0.10046744103653894 -0.008999999612569809
v 0.06252926869957194 0.0998341554046629 -0.007281152997165918
v 0.05928333947993156 0.09944276341072385 -0.00278115295805037
v 0.05928333947993156 0.09944276341072385 0.00278115295805037
v 0.06252926869957194 0.0998341554046629 0.007281152997165918
v 0.06778129318836361 0.10046744103653894 0.008999999612569809
v 0.05221870681163639 0.2295325589634611 0
v 0.05221870681163639 0.2295325589634611 0
v 0.05221870681163639 0.2295325589634611 0
v 0.05221870681163639 0.2295325589634611 0
v 0.05221870681163639 0.2295325589634611 0
v 0.05221870681163639 0.2295325589634611 0
v 0.05221870681163639 0.2295325589634611 0
v 0.05221870681163639 0.2295325589634611 0
v 0.05221870681163639 0.2295325589634611 0
v 0.05221870681163639 0.2295325589634611 0
v 0.05221870681163639 0.2295325589634611 0.008999999612569809
v 0.05747073130042805 0.23016584459533712 0.007281152997165918
v 0.06071666052006844 0.23055723658927618 0.00278115295805037
v 0.06071666052006844 0.23055723658927618 -0.00278115295805037
v 0.05747073130042805 0.23016584459533712 -0.007281152997165918
v 0.05221870681163639 0.2295325589634611 -0.008999999612569809
v 0.04696668232284472 0.22889927333158502 -0.007281152997165918
v 0.04372075310320433 0.228507881337646 -0.00278115295805037
v 0.04372075310320433 0.228507881337646 0.00278115295805037
v 0.04696668232284472 0.22889927333158502 0.007281152997165918
v 0.05221870681163638 0.2295325589634611 0.008999999612569809
v 0.06778129318836361 0.10046744103653894 0
v 0.06778129318836361 0.10046744103653894 0
v 0.06778129318836361 0.10046744103653894 0
v 0.06778129318836361 0.10046744103653894 0
v 0.06778129318836361 0.10046744103653894 0
v 0.06778129318836361 0.10046744103653894 0
v 0.06778129318836361 0.10046744103653894 0
v 0.06778129318836361 0.10046744103653894 0
v 0.06778129318836361 0.10046744103653894 0
v 0.06778129318836361 0.10046744103653894 0
v 0.06778129318836361 0.10046744103653894 0.008999999612569809
v 0.07303331767715528 0.10110072666841499 0.007281152997165918
v 0.07627924689679566 0.10149211866235404 0.00278115295805037
v 0.07627924689679566 0.10149211866235404 -0.00278115295805037
v 0.07303331767715528 0.10110072666841499 -0.007281152997165918
v 0.06778129318836361 0.10046744103653894 -0.008999999612569809
v 0.06252926869957194 0.0998341554046629 -0.007281152997165918
v 0.05928333947993156 0.09944276341072385 -0.00278115295805037
v 0.05928333947993156 0.09944276341072385 0.00278115295805037
v 0.06252926869957194 0.0998341554046629 0.007281152997165918
v 0.06778129318836361 0.10046744103653894 0.008999999612569809
vt 0 1
vt 0.10000000149011612 1
vt 0.20000000298023224 1
vt 0.30000001192092896 1
vt 0.4000000059604645 1
vt 0.5 1
vt 0.6000000238418579 1
vt 0.699999988079071 1
vt 0.800000011920929 1
vt 0.8999999761581421 1
vt 1 1
vt 0 0
vt 0.10000000149011612 0
vt 0.20000000298023224 0
vt 0.30000001192092896 0
vt 0.4000000059604645 0
vt 0.5 0
vt 0.6000000238418579 0
vt 0.699999988079071 0
vt 0.800000011920929 0
vt 0.8999999761581421 0
vt 1 0
vt 0.5 0.5
vt 0.5 0.5
vt 0.5 0.5
vt 0.5 0.5
vt 0.5 0.5
vt 0.5 0.5
vt 0.5 0.5
vt 0.5 0.5
vt 0.5 0.5
vt 0.5 0.5
vt 1 0.5
vt 0.9045084714889526 0.7938926219940186
vt 0.6545084714889526 0.9755282402038574
vt 0.345491498708725 0.9755282402038574
vt 0.09549150615930557 0.7938926219940186
vt 0 0.5
vt 0.09549150615930557 0.20610737800598145
vt 0.345491498708725 0.024471741169691086
vt 0.6545084714889526 0.024471741169691086
vt 0.9045084714889526 0.20610737800598145
vt 1 0.5
vt 0.5 0.5
vt 0.5 0.5
vt 0.5 0.5
vt 0.5 0.5
vt 0.5 0.5
vt 0.5 0.5
vt 0.5 0.5
vt 0.5 0.5
vt 0.5 0.5
vt 0.5 0.5
vt 1 0.5
vt 0.9045084714889526 0.20610737800598145
vt 0.6545084714889526 0.024471741169691086
vt 0.345491498708725 0.024471741169691086
vt 0.09549150615930557 0.20610737800598145
vt 0 0.5
vt 0.09549150615930557 0.7938926219940186
vt 0.345491498708725 0.9755282402038574
vt 0.6545084714889526 0.9755282402038574
vt 0.9045084714889526 0.7938926219940186
vt 1 0.5
vn 0 0 1
vn 0.5835582652323948 0.07036506884590127 0.8090170011595983
vn 0.9442171224166193 0.11385307480456187 0.3090169948284817
vn 0.9442171224166193 0.11385307480456187 -0.3090169948284817
vn 0.5835582652323948 0.07036506884590127 -0.8090170011595983
vn 1.2158399711178113e-16 1.466051778723983e-17 -1
vn -0.5835582652323948 -0.07036506884590127 -0.8090170011595983
vn -0.9442171224166193 -0.11385307480456187 -0.3090169948284817
vn -0.9442171224166193 -0.11385307480456187 0.3090169948284817
vn -0.5835582652323948 -0.07036506884590127 0.8090170011595983
vn -2.4316799422356226e-16 -2.932103557447966e-17 1
vn 0 0 1
vn 0.5835582652323948 0.07036506884590127 0.8090170011595983
vn 0.9442171224166193 0.11385307480456187 0.3090169948284817
vn 0.9442171224166193 0.11385307480456187 -0.3090169948284817
vn 0.5835582652323948 0.07036506884590127 -0.8090170011595983
vn 1.2158399711178113e-16 1.466051778723983e-17 -1
vn -0.5835582652323948 -0.07036506884590127 -0.8090170011595983
vn -0.9442171224166193 -0.11385307480456187 -0.3090169948284817
vn -0.9442171224166193 -0.11385307480456187 0.3090169948284817
vn -0.5835582652323948 -0.07036506884590127 0.8090170011595983
vn -2.4316799422356226e-16 -2.932103557447966e-17 1
vn -0.11971220728891936 0.9928086358538663 0
vn -0.11971220728891936 0.9928086358538663 0
vn -0.11971220728891936 0.9928086358538663 0
vn -0.11971220728891936 0.9928086358538663 0
vn -0.11971220728891936 0.9928086358538663 0
vn -0.11971220728891936 0.9928086358538663 0
vn -0.11971220728891936 0.9928086358538663 0
vn -0.11971220728891936 0.9928086358538663 0
vn -0.11971220728891936 0.9928086358538663 0
vn -0.11971220728891936 0.9928086358538663 0
vn -0.11971220728891936 0.9928086358538663 0
vn -0.11971220728891936 0.9928086358538663 0
vn -0.11971220728891936 0.9928086358538663 0
vn -0.11971220728891936 0.9928086358538663 0
vn -0.11971220728891936 0.9928086358538663 0
vn -0.11971220728891936 0.9928086358538663 0
vn -0.11971220728891936 0.9928086358538663 0
vn -0.11971220728891936 0.9928086358538663 0
vn -0.11971220728891936 0.9928086358538663 0
vn -0.11971220728891936 0.9928086358538663 0
vn -0.11971220728891936 0.9928086358538663 0
vn 0.11971220728891936 -0.9928086358538663 0
vn 0.11971220728891936 -0.9928086358538663 0
vn 0.11971220728891936 -0.9928086358538663 0
vn 0.11971220728891936 -0.9928086358538663 0
vn 0.11971220728891936 -0.9928086358538663 0
vn 0.11971220728891936 -0.9928086358538663 0
vn 0.11971220728891936 -0.9928086358538663 0
vn 0.11971220728891936 -0.9928086358538663 0
vn 0.11971220728891936 -0.9928086358538663 0
vn 0.11971220728891936 -0.9928086358538663 0
vn 0.11971220728891936 -0.9928086358538663 0
vn 0.11971220728891936 -0.9928086358538663 0
vn 0.11971220728891936 -0.9928086358538663 0
vn 0.11971220728891936 -0.9928086358538663 0
vn 0.11971220728891936 -0.9928086358538663 0
vn 0.11971220728891936 -0.9928086358538663 0
vn 0.11971220728891936 -0.9928086358538663 0
vn 0.11971220728891936 -0.9928086358538663 0
vn 0.11971220728891936 -0.9928086358538663 0
vn 0.11971220728891936 -0.9928086358538663 0
vn 0.11971220728891936 -0.9928086358538663 0
f 370/370/370 381/381/381 371/371/371
f 381/381/381 382/382/382 371/371/371
f 371/371/371 382/382/382 372/372/372
f 382/382/382 383/383/383 372/372/372
f 372/372/372 383/383/383 373/373/373
f 383/383/383 384/384/384 373/373/373
f 373/373/373 384/384/384 374/374/374
f 384/384/384 385/385/385 374/374/374
f 374/374/374 385/385/385 375/375/375
f 385/385/385 386/386/386 375/375/375
f 375/375/375 386/386/386 376/376/376
f 386/386/386 387/387/387 376/376/376
f 376/376/376 387/387/387 377/377/377
f 387/387/387 388/388/388 377/377/377
f 377/377/377 388/388/388 378/378/378
f 388/388/388 389/389/389 378/378/378
f 378/378/378 389/389/389 379/379/379
f 389/389/389 390/390/390 379/379/379
f 379/379/379 390/390/390 380/380/380
f 390/390/390 391/391/391 380/380/380
f 402/402/402 403/403/403 392/392/392
f 403/403/403 404/404/404 393/393/393
f 404/404/404 405/405/405 394/394/394
f 405/405/405 406/406/406 395/395/395
f 406/406/406 407/407/407 396/396/396
f 407/407/407 408/408/408 397/397/397
f 408/408/408 409/409/409 398/398/398
f 409/409/409 410/410/410 399/399/399
f 410/410/410 411/411/411 400/400/400
f 411/411/411 412/412/412 401/401/401
f 424/424/424 423/423/423 413/413/413
f 425/425/425 424/424/424 414/414/414
f 426/426/426 425/425/425 415/415/415
f 427/427/427 426/426/426 416/416/416
f 428/428/428 427/427/427 417/417/417
f 429/429/429 428/428/428 418/418/418
f 430/430/430 429/429/429 419/419/419
f 431/431/431 430/430/430 420/420/420
f 432/432/432 431/431/431 421/421/421
f 433/433/433 432/432/432 422/422/422
o piston_2
usemtl steel
v -0.026355375063379472 0.23046358475225254 0.054035651491229617
v -0.021075012402110602 0.22996728842967998 0.05235913553980777
v -0.017811569230988977 0.22930510292387973 0.04790372382273352
v -0.017811569230988977 0.22872996059933134 0.04237123266496361
v -0.021075012402110602 0.22846154627045762 0.03787488559642122
v -0.02635537506337947 0.22860238517920334 0.03613213484632691
v -0.03163573772464834 0.2290986815017759 0.037808650797748755
v -0.03489918089576997 0.22976086700757614 0.04226406251482301
v -0.03489918089576997 0.23033600933212453 0.047796553672592924
v -0.03163573772464834 0.23060442366099826 0.05229290074113531
v -0.026355375063379476 0.23046358475225254 0.054035651491229617
v -0.034226157488603436 0.10139761482079669 0.06745298915153794
v -0.028945794827334566 0.10090131849822412 0.06577647320011609
v -0.025682351656212937 0.10023913299242387 0.06132106148304184
v -0.025682351656212937 0.09966399066787548 0.05578857032527192
v -0.028945794827334566 0.09939557633900176 0.05129222325672954
v -0.03422615748860343 0.09953641524774746 0.04954947250663523
v -0.0395065201498723 0.10003271157032004 0.05122598845805708
v -0.04276996332099393 0.10069489707612028 0.055681400175131325
v -0.04276996332099393 0.10127003940066867 0.06121389133290124
v -0.0395065201498723 0.1015384537295424 0.06571023840144363
v -0.034226157488603436 0.10139761482079669 0.06745298915153794
v -0.026355375063379472 0.22953298496572794 0.04508389316877826
v -0.026355375063379472 0.22953298496572794 0.04508389316877826
v -0.026355375063379472 0.22953298496572794 0.04508389316877826
v -0.026355375063379472 0.22953298496572794 0.04508389316877826
v -0.026355375063379472 0.22953298496572794 0.04508389316877826
v -0.026355375063379472 0.22953298496572794 0.04508389316877826
v -0.026355375063379472 0.22953298496572794 0.04508389316877826
v -0.026355375063379472 0.22953298496572794 0.04508389316877826
v -0.026355375063379472 0.22953298496572794 0.04508389316877826
v -0.026355375063379472 0.22953298496572794 0.04508389316877826
v -0.026355375063379472 0.23046358475225254 0.054035651491229617
v -0.021075012402110602 0.22996728842967998 0.05235913553980777
v -0.017811569230988977 0.22930510292387973 0.04790372382273352
v -0.017811569230988977 0.22872996059933134 0.04237123266496361
v -0.021075012402110602 0.22846154627045762 0.03787488559642122
v -0.02635537506337947 0.22860238517920334 0.03613213484632691
v -0.03163573772464834 0.2290986815017759 0.037808650797748755
v -0.03489918089576997 0.22976086700757614 0.04226406251482301
v -0.03489918089576997 0.23033600933212453 0.047796553672592924
v -0.03163573772464834 0.23060442366099826 0.05229290074113531
v -0.026355375063379476 0.23046358475225254 0.054035651491229617
v -0.034226157488603436 0.10046701503427208 0.058501230829086585
v -0.034226157488603436 0.10046701503427208 0.058501230829086585
v -0.034226157488603436 0.10046701503427208 0.058501230829086585
v -0.034226157488603436 0.10046701503427208 0.058501230829086585
v -0.034226157488603436 0.10046701503427208 0.058501230829086585
v -0.034226157488603436 0.10046701503427208 0.058501230829086585
v -0.034226157488603436 0.10046701503427208 0.058501230829086585
v -0.034226157488603436 0.10046701503427208 0.058501230829086585
v -0.034226157488603436 0.10046701503427208 0.058501230829086585
v -0.034226157488603436 0.10046701503427208 0.058501230829086585
v -0.034226157488603436 0.10139761482079669 0.06745298915153794
v -0.028945794827334566 0.10090131849822412 0.06577647320011609
v -0.025682351656212937 0.10023913299242387 0.06132106148304184
v -0.025682351656212937 0.09966399066787548 0.05578857032527192
v -0.028945794827334566 0.09939557633900176 0.05129222325672954
v -0.03422615748860343 0.09953641524774746 0.04954947250663523
v -0.0395065201498723 0.10003271157032004 0.05122598845805708
v -0.04276996332099393 0.10069489707612028 0.055681400175131325
v -0.04276996332099393 0.10127003940066867 0.06121389133290124
v -0.0395065201498723 0.1015384537295424 0.06571023840144363
v -0.034226157488603436 0.10139761482079669 0.06745298915153794
vt 0 1
vt 0.10000000149011612 1
vt 0.20000000298023224 1
vt 0.30000001192092896 1
vt 0.4000000059604645 1
vt 0.5 1
vt 0.6000000238418579 1
vt 0.699999988079071 1
vt 0.800000011920929 1
vt 0.8999999761581421 1
vt 1 1
vt 0 0
vt 0.10000000149011612 0
vt 0.20000000298023224 0
vt 0.30000001192092896 0
vt 0.4000000059604645 0
vt 0.5 0
vt 0.6000000238418579 0
vt 0.699999988079071 0
vt 0.800000011920929 0
vt 0.8999999761581421 0
vt 1 0
vt 0.5 0.5
vt 0.5 0.5
vt 0.5 0.5
vt 0.5 0.5
vt 0.5 0.5
vt 0.5 0.5
vt 0.5 0.5
vt 0.5 0.5
vt 0.5 0.5
vt 0.5 0.5
vt 1 0.5
vt 0.9045084714889526 0.7938926219940186
vt 0.6545084714889526 0.9755282402038574
vt 0.345491498708725 0.9755282402038574
vt 0.09549150615930557 0.7938926219940186
vt 0 0.5
vt 0.09549150615930557 0.20610737800598145
vt 0.345491498708725 0.024471741169691086
vt 0.6545084714889526 0.024471741169691086
vt 0.9045084714889526 0.20610737800598145
vt 1 0.5
vt 0.5 0.5
vt 0.5 0.5
vt 0.5 0.5
vt 0.5 0.5
vt 0.5 0.5
vt 0.5 0.5
vt 0.5 0.5
vt 0.5 0.5
vt 0.5 0.5
vt 0.5 0.5
vt 1 0.5
vt 0.9045084714889526 0.20610737800598145
vt 0.6545084714889526 0.024471741169691086
vt 0.345491498708725 0.024471741169691086
vt 0.09549150615930557 0.20610737800598145
vt 0 0.5
vt 0.09549150615930557 0.7938926219940186
vt 0.345491498708725 0.9755282402038574
vt 0.6545084714889526 0.9755282402038574
vt 0.9045084714889526 0.7938926219940186
vt 1 0.5
vn 8.673617379884037e-19 0.10339998073165417 0.9946398564227626
vn 0.5867069510022243 0.0482559412769938 0.808360264843062
vn 0.9493118030922469 -0.025320229575595304 0.31331451687399675
vn 0.9493118030922469 -0.08922493219763267 -0.30140672186279244
vn 0.586706951002224 -0.11904874338597239 -0.8010008429108515
vn 1.2137266207130234e-16 -0.10339998073165418 -0.9946398564227626
vn -0.5867069510022243 -0.0482559412769938 -0.808360264843062
vn -0.9493118030922469 0.025320229575595304 -0.31331451687399675
vn -0.9493118030922469 0.08922493219763267 0.30140672186279244
vn -0.586706951002224 0.11904874338597239 0.8010008429108515
vn -2.436126858805931e-16 0.10339998073165418 0.9946398564227626
vn 8.673617379884037e-19 0.10339998073165417 0.9946398564227626
vn 0.5867069510022243 0.0482559412769938 0.808360264843062
vn 0.9493118030922469 -0.025320229575595304 0.31331451687399675
vn 0.9493118030922469 -0.08922493219763267 -0.30140672186279244
vn 0.586706951002224 -0.11904874338597239 -0.8010008429108515
vn 1.2137266207130234e-16 -0.10339998073165418 -0.9946398564227626
vn -0.5867069510022243 -0.0482559412769938 -0.808360264843062
vn -0.9493118030922469 0.025320229575595304 -0.31331451687399675
vn -0.9493118030922469 0.08922493219763267 0.30140672186279244
vn -0.586706951002224 0.11904874338597239 0.8010008429108515
vn -2.436126858805931e-16 0.10339998073165418 0.9946398564227626
vn 0.06054448241478887 0.9928151897351355 -0.1032102934804104
vn 0.06054448241478887 0.9928151897351355 -0.1032102934804104
vn 0.06054448241478887 0.9928151897351355 -0.1032102934804104
vn 0.06054448241478887 0.9928151897351355 -0.1032102934804104
vn 0.06054448241478887 0.9928151897351355 -0.1032102934804104
vn 0.06054448241478887 0.9928151897351355 -0.1032102934804104
vn 0.06054448241478887 0.9928151897351355 -0.1032102934804104
vn 0.06054448241478887 0.9928151897351355 -0.1032102934804104
vn 0.06054448241478887 0.9928151897351355 -0.1032102934804104
vn 0.06054448241478887 0.9928151897351355 -0.1032102934804104
vn 0.06054448241478887 0.9928151897351355 -0.1032102934804104
vn 0.06054448241478887 0.9928151897351355 -0.1032102934804104
vn 0.06054448241478887 0.9928151897351355 -0.1032102934804104
vn 0.06054448241478887 0.9928151897351355 -0.1032102934804104
vn 0.06054448241478887 0.9928151897351355 -0.1032102934804104
vn 0.06054448241478887 0.9928151897351355 -0.1032102934804104
vn 0.06054448241478887 0.9928151897351355 -0.1032102934804104
vn 0.06054448241478887 0.9928151897351355 -0.1032102934804104
vn 0.06054448241478887 0.9928151897351355 -0.1032102934804104
vn 0.06054448241478887 0.9928151897351355 -0.1032102934804104
vn 0.06054448241478887 0.9928151897351355 -0.1032102934804104
vn -0.06054448241478887 -0.9928151897351355 0.1032102934804104
vn -0.06054448241478887 -0.9928151897351355 0.1032102934804104
vn -0.06054448241478887 -0.9928151897351355 0.1032102934804104
vn -0.06054448241478887 -0.9928151897351355 0.1032102934804104
vn -0.06054448241478887 -0.9928151897351355 0.1032102934804104
vn -0.06054448241478887 -0.9928151897351355 0.1032102934804104
vn -0.06054448241478887 -0.9928151897351355 0.1032102934804104
vn -0.06054448241478887 -0.9928151897351355 0.1032102934804104
vn -0.06054448241478887 -0.9928151897351355 0.1032102934804104
vn -0.06054448241478887 -0.9928151897351355 0.1032102934804104
vn -0.06054448241478887 -0.9928151897351355 0.1032102934804104
vn -0.06054448241478887 -0.9928151897351355 0.1032102934804104
vn -0.06054448241478887 -0.9928151897351355 0.1032102934804104
vn -0.06054448241478887 -0.9928151897351355 0.1032102934804104
vn -0.06054448241478887 -0.9928151897351355 0.1032102934804104
vn -0.06054448241478887 -0.9928151897351355 0.1032102934804104
vn -0.06054448241478887 -0.9928151897351355 0.1032102934804104
vn -0.06054448241478887 -0.9928151897351355 0.1032102934804104
vn -0.06054448241478887 -0.9928151897351355 0.1032102934804104
vn -0.06054448241478887 -0.9928151897351355 0.1032102934804104
vn -0.06054448241478887 -0.9928151897351355 0.1032102934804104
f 434/434/434 445/445/445 435/435/435
f 445/445/445 446/446/446 435/435/435
f 435/435/435 446/446/446 436/436/436
f 446/446/446 447/447/447 436/436/436
f 436/436/436 447/447/447 437/437/437
f 447/447/447 448/448/448 437/437/437
f 437/437/437 448/448/448 438/438/438
f 448/448/448 449/449/449 438/438/438
f 438/438/438 449/449/449 439/439/439
f 449/449/449 450/450/450 439/439/439
f 439/439/439 450/450/450 440/440/440
f 450/450/450 451/451/451 440/440/440
f 440/440/440 451/451/451 441/441/441
f 451/451/451 452/452/452 441/441/441
f 441/441/441 452/452/452 442/442/442
f 452/452/452 453/453/453 442/442/442
f 442/442/442 453/453/453 443/443/443
f 453/453/453 454/454/454 443/443/443
f 443/443/443 454/454/454 444/444/444
f 454/454/454 455/455/455 444/444/444
f 466/466/466 467/467/467 456/456/456
f 467/467/467 468/468/468 457/457/457
f 468/468/468 469/469/469 458/458/458
f 469/469/469 470/470/470 459/459/459
f 470/470/470 471/471/471 460/460/460
f 471/471/471 472/472/472 461/461/461
f 472/472/472 473/473/473 462/462/462
f 473/473/473 474/474/474 463/463/463
f 474/474/474 475/475/475 464/464/464
f 475/475/475 476/476/476 465/465/465
f 488/488/488 487/487/487 477/477/477
f 489/489/489 488/488/488 478/478/478
f 490/490/490 489/489/489 479/479/479
f 491/491/491 490/490/490 480/480/480
f 492/492/492 491/491/491 481/481/481
f 493/493/493 492/492/492 482/482/482
f 494/494/494 493/493/493 483/483/483
f 495/495/495 494/494/494 484/484/484
f 496/496/496 495/495/495 485/485/485
f 497/497/497 496/496/496 486/486/486
o piston_4
usemtl steel
v -0.02559382054052548 0.22859338193059933 -0.03656956358508607
v -0.020312905394639327 0.22846348461135252 -0.0383114899664513
v -0.01704912076929058 0.22874209387185748 -0.04280696895574408
v -0.01704912076929058 0.2293227903535244 -0.04833887990047818
v -0.020312905394639327 0.22998376774274015 -0.05279422089238413
v -0.025593820540525475 0.23047255513281206 -0.05447120262125012
v -0.030874735686411626 0.2306024524520589 -0.05272927623988489
v -0.03413852031176037 0.2303238431915539 -0.04823379725059211
v -0.03413852031176037 0.229743146709887 -0.04270188630585801
v -0.030874735686411626 0.22908216932067127 -0.03824654531395206
v -0.02559382054052548 0.22859338193059933 -0.03656956358508607
v -0.03323747802035845 0.09952744486718795 -0.050117890068380466
v -0.0279565628744723 0.09939754754794113 -0.051859816449745695
v -0.024692778249123554 0.0996761568084461 -0.05635529543903847
v -0.024692778249123554 0.10025685329011302 -0.061887206383772576
v -0.0279565628744723 0.10091783067932876 -0.06634254737567852
v -0.033237478020358445 0.10140661806940068 -0.06801952910454451
v -0.0385183931662446 0.10153651538864751 -0.06627760272317929
v -0.04178217779159335 0.10125790612814253 -0.0617821237338865
v -0.04178217779159335 0.10067720964647561 -0.056250212789152404
v -0.0385183931662446 0.10001623225725988 -0.051794871797246456
v -0.03323747802035845 0.09952744486718795 -0.050117890068380466
v -0.02559382054052548 0.22953296853170568 -0.0455203831031681
v -0.02559382054052548 0.22953296853170568 -0.0455203831031681
v -0.02559382054052548 0.22953296853170568 -0.0455203831031681
v -0.02559382054052548 0.22953296853170568 -0.0455203831031681
v -0.02559382054052548 0.22953296853170568 -0.0455203831031681
v -0.02559382054052548 0.22953296853170568 -0.0455203831031681
v -0.02559382054052548 0.22953296853170568 -0.0455203831031681
v -0.02559382054052548 0.22953296853170568 -0.0455203831031681
v -0.02559382054052548 0.22953296853170568 -0.0455203831031681
v -0.02559382054052548 0.22953296853170568 -0.0455203831031681
v -0.02559382054052548 0.22859338193059933 -0.03656956358508607
v -0.020312905394639327 0.22846348461135252 -0.0383114899664513
v -0.01704912076929058 0.22874209387185748 -0.04280696895574408
v -0.01704912076929058 0.2293227903535244 -0.04833887990047818
v -0.020312905394639327 0.22998376774274015 -0.05279422089238413
v -0.025593820540525475 0.23047255513281206 -0.05447120262125012
v -0.030874735686411626 0.2306024524520589 -0.05272927623988489
v -0.03413852031176037 0.2303238431915539 -0.04823379725059211
v -0.03413852031176037 0.229743146709887 -0.04270188630585801
v -0.030874735686411626 0.22908216932067127 -0.03824654531395206
v -0.02559382054052548 0.22859338193059933 -0.03656956358508607
v -0.03323747802035845 0.10046703146829432 -0.05906870958646249
v -0.03323747802035845 0.10046703146829432 -0.05906870958646249
v -0.03323747802035845 0.10046703146829432 -0.05906870958646249
v -0.03323747802035845 0.10046703146829432 -0.05906870958646249
v -0.03323747802035845 0.10046703146829432 -0.05906870958646249
v -0.03323747802035845 0.10046703146829432 -0.05906870958646249
v -0.03323747802035845 0.10046703146829432 -0.05906870958646249
v -0.03323747802035845 0.10046703146829432 -0.05906870958646249
v -0.03323747802035845 0.10046703146829432 -0.05906870958646249
v -0.03323747802035845 0.10046703146829432 -0.05906870958646249
v -0.03323747802035845 0.09952744486718795 -0.050117890068380466
v -0.0279565628744723 0.09939754754794113 -0.051859816449745695
v -0.024692778249123554 0.0996761568084461 -0.05635529543903847
v -0.024692778249123554 0.10025685329011302 -0.061887206383772576
v -0.0279565628744723 0.10091783067932876 -0.06634254737567852
v -0.033237478020358445 0.10140661806940068 -0.06801952910454451
v -0.0385183931662446 0.10153651538864751 -0.06627760272317929
v -0.04178217779159335 0.10125790612814253 -0.0617821237338865
v -0.04178217779159335 0.10067720964647561 -0.056250212789152404
v -0.0385183931662446 0.10001623225725988 -0.051794871797246456
v -0.03323747802035845 0.09952744486718795 -0.050117890068380466
vt 0 1
vt 0.10000000149011612 1
vt 0.20000000298023224 1
vt 0.30000001192092896 1
vt 0.4000000059604645 1
vt 0.5 1
vt 0.6000000238418579 1
vt 0.699999988079071 1
vt 0.800000011920929 1
vt 0.8999999761581421 1
vt 1 1
vt 0 0
vt 0.10000000149011612 0
vt 0.20000000298023224 0
vt 0.30000001192092896 0
vt 0.4000000059604645 0
vt 0.5 0
vt 0.6000000238418579 0
vt 0.699999988079071 0
vt 0.800000011920929 0
vt 0.8999999761581421 0
vt 1 0
vt 0.5 0.5
vt 0.5 0.5
vt 0.5 0.5
vt 0.5 0.5
vt 0.5 0.5
vt 0.5 0.5
vt 0.5 0.5
vt 0.5 0.5
vt 0.5 0.5
vt 0.5 0.5
vt 1 0.5
vt 0.9045084714889526 0.7938926219940186
vt 0.6545084714889526 0.9755282402038574
vt 0.345491498708725 0.9755282402038574
vt 0.09549150615930557 0.7938926219940186
vt 0 0.5
vt 0.09549150615930557 0.20610737800598145
vt 0.345491498708725 0.024471741169691086
vt 0.6545084714889526 0.024471741169691086
vt 0.9045084714889526 0.20610737800598145
vt 1 0.5
vt 0.5 0.5
vt 0.5 0.5
vt 0.5 0.5
vt 0.5 0.5
vt 0.5 0.5
vt 0.5 0.5
vt 0.5 0.5
vt 0.5 0.5
vt 0.5 0.5
vt 0.5 0.5
vt 1 0.5
vt 0.9045084714889526 0.20610737800598145
vt 0.6545084714889526 0.024471741169691086
vt 0.345491498708725 0.024471741169691086
vt 0.09549150615930557 0.20610737800598145
vt 0 0.5
vt 0.09549150615930557 0.7938926219940186
vt 0.345491498708725 0.9755282402038574
vt 0.6545084714889526 0.9755282402038574
vt 0.9045084714889526 0.7938926219940186
vt 1 0.5
vn -8.673617379884034e-19 -0.10439851572816715 0.9945355448216798
vn 0.5867683381807333 -0.11883154619427849 0.8009881278381709
vn 0.9494111296351109 -0.08787496472609659 0.30149046004703034
vn 0.9494111296351109 -0.023353133536352176 -0.31316631057477434
vn 0.5867683381807333 0.050088802045551425 -0.8082042001983548
vn 1.2312017552726779e-16 0.10439851572816713 -0.9945355448216798
vn -0.5867683381807333 0.11883154619427849 -0.8009881278381709
vn -0.9494111296351109 0.08787496472609659 -0.30149046004703034
vn -0.9494111296351109 0.023353133536352176 0.31316631057477434
vn -0.5867683381807333 -0.050088802045551425 0.8082042001983548
vn -2.4537298931654717e-16 -0.10439851572816713 0.9945355448216798
vn -8.673617379884034e-19 -0.10439851572816715 0.9945355448216798
vn 0.5867683381807333 -0.11883154619427849 0.8009881278381709
vn 0.9494111296351109 -0.08787496472609659 0.30149046004703034
vn 0.9494111296351109 -0.023353133536352176 -0.31316631057477434
vn 0.5867683381807333 0.050088802045551425 -0.8082042001983548
vn 1.2312017552726779e-16 0.10439851572816713 -0.9945355448216798
vn -0.5867683381807333 0.11883154619427849 -0.8009881278381709
vn -0.9494111296351109 0.08787496472609659 -0.30149046004703034
vn -0.9494111296351109 0.023353133536352176 0.31316631057477434
vn -0.5867683381807333 -0.050088802045551425 0.8082042001983548
vn -2.4537298931654717e-16 -0.10439851572816713 0.9945355448216798
vn 0.05879736738615899 0.9928149369040149 0.10421789984803134
vn 0.05879736738615899 0.9928149369040149 0.10421789984803134
vn 0.05879736738615899 0.9928149369040149 0.10421789984803134
vn 0.05879736738615899 0.9928149369040149 0.10421789984803134
vn 0.05879736738615899 0.9928149369040149 0.10421789984803134
vn 0.05879736738615899 0.9928149369040149 0.10421789984803134
vn 0.05879736738615899 0.9928149369040149 0.10421789984803134
vn 0.05879736738615899 0.9928149369040149 0.10421789984803134
vn 0.05879736738615899 0.9928149369040149 0.10421789984803134
vn 0.05879736738615899 0.9928149369040149 0.10421789984803134
vn 0.05879736738615899 0.9928149369040149 0.10421789984803134
vn 0.05879736738615899 0.9928149369040149 0.10421789984803134
vn 0.05879736738615899 0.9928149369040149 0.10421789984803134
vn 0.05879736738615899 0.9928149369040149 0.10421789984803134
vn 0.05879736738615899 0.9928149369040149 0.10421789984803134
vn 0.05879736738615899 0.9928149369040149 0.10421789984803134
vn 0.05879736738615899 0.9928149369040149 0.10421789984803134
vn 0.05879736738615899 0.9928149369040149 0.10421789984803134
vn 0.05879736738615899 0.9928149369040149 0.10421789984803134
vn 0.05879736738615899 0.9928149369040149 0.10421789984803134
vn 0.05879736738615899 0.9928149369040149 0.10421789984803134
vn -0.05879736738615899 -0.9928149369040149 -0.10421789984803134
vn -0.05879736738615899 -0.9928149369040149 -0.10421789984803134
vn -0.05879736738615899 -0.9928149369040149 -0.10421789984803134
vn -0.05879736738615899 -0.9928149369040149 -0.10421789984803134
vn -0.05879736738615899 -0.9928149369040149 -0.10421789984803134
vn -0.05879736738615899 -0.9928149369040149 -0.10421789984803134
vn -0.05879736738615899 -0.9928149369040149 -0.10421789984803134
vn -0.05879736738615899 -0.9928149369040149 -0.10421789984803134
vn -0.05879736738615899 -0.9928149369040149 -0.10421789984803134
vn -0.05879736738615899 -0.9928149369040149 -0.10421789984803134
vn -0.05879736738615899 -0.9928149369040149 -0.10421789984803134
vn -0.05879736738615899 -0.9928149369040149 -0.10421789984803134
vn -0.05879736738615899 -0.9928149369040149 -0.10421789984803134
vn -0.05879736738615899 -0.9928149369040149 -0.10421789984803134
vn -0.05879736738615899 -0.9928149369040149 -0.10421789984803134
vn -0.05879736738615899 -0.9928149369040149 -0.10421789984803134
vn -0.05879736738615899 -0.9928149369040149 -0.10421789984803134
vn -0.05879736738615899 -0.9928149369040149 -0.10421789984803134
vn -0.05879736738615899 -0.9928149369040149 -0.10421789984803134
vn -0.05879736738615899 -0.9928149369040149 -0.10421789984803134
vn -0.05879736738615899 -0.9928149369040149 -0.10421789984803134
f 498/498/498 509/509/509 499/499/499
f 509/509/509 510/510/510 499/499/499
f 499/499/499 510/510/510 500/500/500
f 510/510/510 511/511/511 500/500/500
f 500/500/500 511/511/511 501/501/501
f 511/511/511 512/512/512 501/501/501
f 501/501/501 512/512/512 502/502/502
f 512/512/512 513/513/513 502/502/502
f 502/502/502 513/513/513 503/503/503
f 513/513/513 514/514/514 503/503/503
f 503/503/503 514/514/514 504/504/504
f 514/514/514 515/515/515 504/504/504
f 504/504/504 515/515/515 505/505/505
f 515/515/515 516/516/516 505/505/505
f 505/505/505 516/516/516 506/506/506
f 516/516/516 517/517/517 506/506/506
f 506/506/506 517/517/517 507/507/507
f 517/517/517 518/518/518 507/507/507
f 507/507/507 518/518/518 508/508/508
f 518/518/518 519/519/519 508/508/508
f 530/530/530 531/531/531 520/520/520
f 531/531/531 532/532/532 521/521/521
f 532/532/532 533/533/533 522/522/522
f 533/533/533 534/534/534 523/523/523
f 534/534/534 535/535/535 524/524/524
f 535/535/535 536/536/536 525/525/525
f 536/536/536 537/537/537 526/526/526
f 537/537/537 538/538/538 527/527/527
f 538/538/538 539/539/539 528/528/528
f 539/539/539 540/540/540 529/529/529
f 552/552/552 551/551/551 541/541/541
f 553/553/553 552/552/552 542/542/542
f 554/554/554 553/553/553 543/543/543
f 555/555/555 554/554/554 544/544/544
f 556/556/556 555/555/555 545/545/545
f 557/557/557 556/556/556 546/546/546
f 558/558/558 557/557/557 547/547/547
f 559/559/559 558/558/558 548/548/548
f 560/560/560 559/559/559 549/549/549
f 561/561/561 560/560/560 550/550/550
o pelvis
usemtl carbon
v 0 0.2800000001490116 0.10000000149011612
v 0.0707106813788414 0.2800000001490116 0.0707106813788414
v 0.10000000149011612 0.2800000001490116 6.123233849335533e-18
v 0.0707106813788414 0.2800000001490116 -0.0707106813788414
v 1.2246467698671066e-17 0.2800000001490116 -0.10000000149011612
v -0.0707106813788414 0.2800000001490116 -0.0707106813788414
v -0.10000000149011612 0.2800000001490116 -1.8369702788777518e-17
v -0.0707106813788414 0.2800000001490116 0.0707106813788414
v -2.4492935397342132e-17 0.2800000001490116 0.10000000149011612
v 0 0.20999999985098838 0.07500000298023224
v 0.0530330091714859 0.20999999985098838 0.0530330091714859
v 0.07500000298023224 0.20999999985098838 4.5924256971943795e-18
v 0.0530330091714859 0.20999999985098838 -0.0530330091714859
v 9.184851394388759e-18 0.20999999985098838 -0.07500000298023224
v -0.0530330091714859 0.20999999985098838 -0.0530330091714859
v -0.07500000298023224 0.20999999985098838 -1.3777276264402526e-17
v -0.0530330091714859 0.20999999985098838 0.0530330091714859
v -1.8369702788777518e-17 0.20999999985098838 0.07500000298023224
v 0 0.2800000001490116 0
v 0 0.2800000001490116 0
v 0 0.2800000001490116 0
v 0 0.2800000001490116 0
v 0 0.2800000001490116 0
v 0 0.2800000001490116 0
v 0 0.2800000001490116 0
v 0 0.2800000001490116 0
v 0 0.2800000001490116 0.10000000149011612
v 0.0707106813788414 0.2800000001490116 0.0707106813788414
v 0.10000000149011612 0.2800000001490116 6.123233849335533e-18
v 0.0707106813788414 0.2800000001490116 -0.0707106813788414
v 1.2246467698671066e-17 0.2800000001490116 -0.10000000149011612
v -0.0707106813788414 0.2800000001490116 -0.0707106813788414
v -0.10000000149011612 0.2800000001490116 -1.8369702788777518e-17
v -0.0707106813788414 0.2800000001490116 0.0707106813788414
v -2.4492935397342132e-17 0.2800000001490116 0.10000000149011612
v 0 0.20999999985098838 0
v 0 0.20999999985098838 0
v 0 0.20999999985098838 0
v 0 0.20999999985098838 0
v 0 0.20999999985098838 0
v 0 0.20999999985098838 0
v 0 0.20999999985098838 0
v 0 0.20999999985098838 0
v 0 0.20999999985098838 0.07500000298023224
v 0.0530330091714859 0.20999999985098838 0.0530330091714859
v 0.07500000298023224 0.20999999985098838 4.5924256971943795e-18
v 0.0530330091714859 0.20999999985098838 -0.0530330091714859
v 9.184851394388759e-18 0.20999999985098838 -0.07500000298023224
v -0.0530330091714859 0.20999999985098838 -0.0530330091714859
v -0.07500000298023224 0.20999999985098838 -1.3777276264402526e-17
v -0.0530330091714859 0.20999999985098838 0.0530330091714859
v -1.8369702788777518e-17 0.20999999985098838 0.07500000298023224
vt 0 1
vt 0.125 1
vt 0.25 1
vt 0.375 1
vt 0.5 1
vt 0.625 1
vt 0.75 1
vt 0.875 1
vt 1 1
vt 0 0
vt 0.125 0
vt 0.25 0
vt 0.375 0
vt 0.5 0
vt 0.625 0
vt 0.75 0
vt 0.875 0
vt 1 0
vt 0.5 0.5
vt 0.5 0.5
vt 0.5 0.5
vt 0.5 0.5
vt 0.5 0.5
vt 0.5 0.5
vt 0.5 0.5
vt 0.5 0.5
vt 1 0.5
vt 0.8535534143447876 0.8535534143447876
vt 0.5 1
vt 0.1464466154575348 0.8535534143447876
vt 0 0.5
vt 0.1464466154575348 0.1464466154575348
vt 0.5 0
vt 0.8535534143447876 0.1464466154575348
vt 1 0.5
vt 0.5 0.5
vt 0.5 0.5
vt 0.5 0.5
vt 0.5 0.5
vt 0.5 0.5
vt 0.5 0.5
vt 0.5 0.5
vt 0.5 0.5
vt 1 0.5
vt 0.8535534143447876 0.1464466154575348
vt 0.5 0
vt 0.1464466154575348 0.1464466154575348
vt 0 0.5
vt 0.1464466154575348 0.8535534143447876
vt 0.5 1
vt 0.8535534143447876 0.8535534143447876
vt 1 0.5
vn 0 -0.336336412101596 0.9417419062007517
vn 0.6659120902194798 -0.33633640332120857 0.6659120902194798
vn 0.9417419062007517 -0.336336412101596 5.766506474631943e-17
vn 0.6659120902194798 -0.33633640332120857 -0.6659120902194798
vn 1.1533012949263885e-16 -0.336336412101596 -0.9417419062007517
vn -0.6659120902194798 -0.33633640332120857 -0.6659120902194798
vn -0.9417419062007517 -0.336336412101596 -1.7299518100406816e-16
vn -0.6659120902194798 -0.33633640332120857 0.6659120902194798
vn -2.306602589852777e-16 -0.336336412101596 0.9417419062007517
vn 0 -0.336336412101596 0.9417419062007517
vn 0.6659120902194798 -0.33633640332120857 0.6659120902194798
vn 0.9417419062007517 -0.336336412101596 5.766506474631943e-17
vn 0.6659120902194798 -0.33633640332120857 -0.6659120902194798
vn 1.1533012949263885e-16 -0.336336412101596 -0.9417419062007517
vn -0.6659120902194798 -0.33633640332120857 -0.6659120902194798
vn -0.9417419062007517 -0.336336412101596 -1.7299518100406816e-16
vn -0.6659120902194798 -0.33633640332120857 0.6659120902194798
vn -2.306602589852777e-16 -0.336336412101596 0.9417419062007517
vn 0 1 0
vn 0 1 0
vn 0 1 0
vn 0 1 0
vn 0 1 0
vn 0 1 0
vn 0 1 0
vn 0 1 0
vn 0 1 0
vn 0 1 0
vn 0 1 0
vn 0 1 0
vn 0 1 0
vn 0 1 0
vn 0 1 0
vn 0 1 0
vn 0 1 0
vn 0 -1 0
vn 0 -1 0
vn 0 -1 0
vn 0 -1 0
vn 0 -1 0
vn 0 -1 0
vn 0 -1 0
vn 0 -1 0
vn 0 -1 0
vn 0 -1 0
vn 0 -1 0
vn 0 -1 0
vn 0 -1 0
vn 0 -1 0
vn 0 -1 0
vn 0 -1 0
vn 0 -1 0
f 562/562/562 571/571/571 563/563/563
f 571/571/571 572/572/572 563/563/563
f 563/563/563 572/572/572 564/564/564
f 572/572/572 573/573/573 564/564/564
f 564/564/564 573/573/573 565/565/565
f 573/573/573 574/574/574 565/565/565
f 565/565/565 574/574/574 566/566/566
f 574/574/574 575/575/575 566/566/566
f 566/566/566 575/575/575 567/567/567
f 575/575/575 576/576/576 567/567/567
f 567/567/567 576/576/576 568/568/568
f 576/576/576 577/577/577 568/568/568
f 568/568/568 577/577/577 569/569/569
f 577/577/577 578/578/578 569/569/569
f 569/569/569 578/578/578 570/570/570
f 578/578/578 579/579/579 570/570/570
f 588/588/588 589/589/589 580/580/580
f 589/589/589 590/590/590 581/581/581
f 590/590/590 591/591/591 582/582/582
f 591/591/591 592/592/592 583/583/583
f 592/592/592 593/593/593 584/584/584
f 593/593/593 594/594/594 585/585/585
f 594/594/594 595/595/595 586/586/586
f 595/595/595 596/596/596 587/587/587
f 606/606/606 605/605/605 597/597/597
f 607/607/607 606/606/606 598/598/598
f 608/608/608 607/607/607 599/599/599
f 609/609/609 608/608/608 600/600/600
f 610/610/610 609/609/609 601/601/601
f 611/611/611 610/610/610 602/602/602
f 612/612/612 611/611/611 603/603/603
f 613/613/613 612/612/612 604/604/604
o torso
usemtl gunmetal
v 0.017396144441733923 0.49999999940395357 0.15402069512929464
v 0.12121000732277992 0.49999999940395357 0.09660814439674006
v 0.15402069512929464 0.49999999940395357 -0.017396144441733912
v 0.09660814439674006 0.49999999940395357 -0.12121000732277992
v -0.017396144441733905 0.49999999940395357 -0.15402069512929464
v -0.12121000732277992 0.49999999940395357 -0.09660814439674006
v -0.15402069512929464 0.49999999940395357 0.017396144441733895
v -0.09660814439674006 0.49999999940395357 0.12121000732277992
v 0.017396144441733884 0.49999999940395357 0.15402069512929464
v 0.011223319075589861 0.28000000059604646 0.09936819112246498
v 0.0782000092429245 0.28000000059604646 0.06232783869609612
v 0.09936819112246498 0.28000000059604646 -0.011223319075589855
v 0.06232783869609612 0.28000000059604646 -0.0782000092429245
v -0.01122331907558985 0.28000000059604646 -0.09936819112246498
v -0.0782000092429245 0.28000000059604646 -0.06232783869609612
v -0.09936819112246498 0.28000000059604646 0.011223319075589842
v -0.06232783869609612 0.28000000059604646 0.0782000092429245
v 0.011223319075589837 0.28000000059604646 0.09936819112246498
v 0 0.49999999940395357 0
v 0 0.49999999940395357 0
v 0 0.49999999940395357 0
v 0 0.49999999940395357 0
v 0 0.49999999940395357 0
v 0 0.49999999940395357 0
v 0 0.49999999940395357 0
v 0 0.49999999940395357 0
v 0.017396144441733923 0.49999999940395357 0.15402069512929464
v 0.12121000732277992 0.49999999940395357 0.09660814439674006
v 0.15402069512929464 0.49999999940395357 -0.017396144441733912
v 0.09660814439674006 0.49999999940395357 -0.12121000732277992
v -0.017396144441733905 0.49999999940395357 -0.15402069512929464
v -0.12121000732277992 0.49999999940395357 -0.09660814439674006
v -0.15402069512929464 0.49999999940395357 0.017396144441733895
v -0.09660814439674006 0.49999999940395357 0.12121000732277992
v 0.017396144441733884 0.49999999940395357 0.15402069512929464
v 0 0.28000000059604646 0
v 0 0.28000000059604646 0
v 0 0.28000000059604646 0
v 0 0.28000000059604646 0
v 0 0.28000000059604646 0
v 0 0.28000000059604646 0
v 0 0.28000000059604646 0
v 0 0.28000000059604646 0
v 0.011223319075589861 0.28000000059604646 0.09936819112246498
v 0.0782000092429245 0.28000000059604646 0.06232783869609612
v 0.09936819112246498 0.28000000059604646 -0.011223319075589855
v 0.06232783869609612 0.28000000059604646 -0.0782000092429245
v -0.01122331907558985 0.28000000059604646 -0.09936819112246498
v -0.0782000092429245 0.28000000059604646 -0.06232783869609612
v -0.09936819112246498 0.28000000059604646 0.011223319075589842
v -0.06232783869609612 0.28000000059604646 0.0782000092429245
v 0.011223319075589837 0.28000000059604646 0.09936819112246498
vt 0 1
vt 0.125 1
vt 0.25 1
vt 0.375 1
vt 0.5 1
vt 0.625 1
vt 0.75 1
vt 0.875 1
vt 1 1
vt 0 0
vt 0.125 0
vt 0.25 0
vt 0.375 0
vt 0.5 0
vt 0.625 0
vt 0.75 0
vt 0.875 0
vt 1 0
vt 0.5 0.5
vt 0.5 0.5
vt 0.5 0.5
vt 0.5 0.5
vt 0.5 0.5
vt 0.5 0.5
vt 0.5 0.5
vt 0.5 0.5
vt 1 0.5
vt 0.8535534143447876 0.8535534143447876
vt 0.5 1
vt 0.1464466154575348 0.8535534143447876
vt 0 0.5
vt 0.1464466154575348 0.1464466154575348
vt 0.5 0
vt 0.8535534143447876 0.1464466154575348
vt 1 0.5
vt 0.5 0.5
vt 0.5 0.5
vt 0.5 0.5
vt 0.5 0.5
vt 0.5 0.5
vt 0.5 0.5
vt 0.5 0.5
vt 0.5 0.5
vt 1 0.5
vt 0.8535534143447876 0.1464466154575348
vt 0.5 0
vt 0.1464466154575348 0.1464466154575348
vt 0 0.5
vt 0.1464466154575348 0.8535534143447876
vt 0.5 1
vt 0.8535534143447876 0.8535534143447876
vt 1 0.5
vn 0.10888218665674441 -0.24253562503633297 0.9640130393397597
vn 0.758651489682432 -0.2425356256622641 0.6046688246364624
vn 0.9640130393397597 -0.24253562503633297 -0.10888218665674436
vn 0.6046688246364624 -0.2425356256622641 -0.758651489682432
vn -0.10888218665674429 -0.24253562503633297 -0.9640130393397597
vn -0.758651489682432 -0.2425356256622641 -0.6046688246364624
vn -0.9640130393397597 -0.24253562503633297 0.10888218665674423
vn -0.6046688246364624 -0.2425356256622641 0.758651489682432
vn 0.10888218665674418 -0.24253562503633297 0.9640130393397597
vn 0.10888218665674441 -0.24253562503633297 0.9640130393397597
vn 0.758651489682432 -0.2425356256622641 0.6046688246364624
vn 0.9640130393397597 -0.24253562503633297 -0.10888218665674436
vn 0.6046688246364624 -0.2425356256622641 -0.758651489682432
vn -0.10888218665674429 -0.24253562503633297 -0.9640130393397597
vn -0.758651489682432 -0.2425356256622641 -0.6046688246364624
vn -0.9640130393397597 -0.24253562503633297 0.10888218665674423
vn -0.6046688246364624 -0.2425356256622641 0.758651489682432
vn 0.10888218665674418 -0.24253562503633297 0.9640130393397597
vn 0 1 0
vn 0 1 0
vn 0 1 0
vn 0 1 0
vn 0 1 0
vn 0 1 0
vn 0 1 0
vn 0 1 0
vn 0 1 0
vn 0 1 0
vn 0 1 0
vn 0 1 0
vn 0 1 0
vn 0 1 0
vn 0 1 0
vn 0 1 0
vn 0 1 0
vn 0 -1 0
vn 0 -1 0
vn 0 -1 0
vn 0 -1 0
vn 0 -1 0
vn 0 -1 0
vn 0 -1 0
vn 0 -1 0
vn 0 -1 0
vn 0 -1 0
vn 0 -1 0
vn 0 -1 0
vn 0 -1 0
vn 0 -1 0
vn 0 -1 0
vn 0 -1 0
vn 0 -1 0
f 614/614/614 623/623/623 615/615/615
f 623/623/623 624/624/624 615/615/615
f 615/615/615 624/624/624 616/616/616
f 624/624/624 625/625/625 616/616/616
f 616/616/616 625/625/625 617/617/617
f 625/625/625 626/626/626 617/617/617
f 617/617/617 626/626/626 618/618/618
f 626/626/626 627/627/627 618/618/618
f 618/618/618 627/627/627 619/619/619
f 627/627/627 628/628/628 619/619/619
f 619/619/619 628/628/628 620/620/620
f 628/628/628 629/629/629 620/620/620
f 620/620/620 629/629/629 621/621/621
f 629/629/629 630/630/630 621/621/621
f 621/621/621 630/630/630 622/622/622
f 630/630/630 631/631/631 622/622/622
f 640/640/640 641/641/641 632/632/632
f 641/641/641 642/642/642 633/633/633
f 642/642/642 643/643/643 634/634/634
f 643/643/643 644/644/644 635/635/635
f 644/644/644 645/645/645 636/636/636
f 645/645/645 646/646/646 637/637/637
f 646/646/646 647/647/647 638/638/638
f 647/647/647 648/648/648 639/639/639
f 658/658/658 657/657/657 649/649/649
f 659/659/659 658/658/658 650/650/650
f 660/660/660 659/659/659 651/651/651
f 661/661/661 660/660/660 652/652/652
f 662/662/662 661/661/661 653/653/653
f 663/663/663 662/662/662 654/654/654
f 664/664/664 663/663/663 655/655/655
f 665/665/665 664/664/664 656/656/656
o chest_plate
usemtl plate
v 0.10499999672174454 0.5074534558746595 0.13084180036275755
v 0.10499999672174454 0.501467845421021 0.08120136783036418
v 0.10499999672174454 0.35853215457897897 0.14879863216963585
v 0.10499999672174454 0.3525465441253405 0.09915819963724244
v -0.10499999672174454 0.501467845421021 0.08120136783036418
v -0.10499999672174454 0.5074534558746595 0.13084180036275755
v -0.10499999672174454 0.3525465441253405 0.09915819963724244
v -0.10499999672174454 0.35853215457897897 0.14879863216963585
v -0.10499999672174454 0.501467845421021 0.08120136783036418
v 0.10499999672174454 0.501467845421021 0.08120136783036418
v -0.10499999672174454 0.5074534558746595 0.13084180036275755
v 0.10499999672174454 0.5074534558746595 0.13084180036275755
v -0.10499999672174454 0.35853215457897897 0.14879863216963585
v 0.10499999672174454 0.35853215457897897 0.14879863216963585
v -0.10499999672174454 0.3525465441253405 0.09915819963724244
v 0.10499999672174454 0.3525465441253405 0.09915819963724244
v -0.10499999672174454 0.5074534558746595 0.13084180036275755
v 0.10499999672174454 0.5074534558746595 0.13084180036275755
v -0.10499999672174454 0.35853215457897897 0.14879863216963585
v 0.10499999672174454 0.35853215457897897 0.14879863216963585
v 0.10499999672174454 0.501467845421021 0.08120136783036418
v -0.10499999672174454 0.501467845421021 0.08120136783036418
v 0.10499999672174454 0.3525465441253405 0.09915819963724244
v -0.10499999672174454 0.3525465441253405 0.09915819963724244
vt 0 1
vt 1 1
vt 0 0
vt 1 0
vt 0 1
vt 1 1
vt 0 0
vt 1 0
vt 0 1
vt 1 1
vt 0 0
vt 1 0
vt 0 1
vt 1 1
vt 0 0
vt 1 0
vt 0 1
vt 1 1
vt 0 0
vt 1 0
vt 0 1
vt 1 1
vt 0 0
vt 1 0
vn 1 0 0
vn 1 0 0
vn 1 0 0
vn 1 0 0
vn -1 0 0
vn -1 0 0
vn -1 0 0
vn -1 0 0
vn 0 0.9928086358538663 -0.11971220728891936
vn 0 0.9928086358538663 -0.11971220728891936
vn 0 0.9928086358538663 -0.11971220728891936
vn 0 0.9928086358538663 -0.11971220728891936
vn 0 -0.9928086358538663 0.11971220728891936
vn 0 -0.9928086358538663 0.11971220728891936
vn 0 -0.9928086358538663 0.11971220728891936
vn 0 -0.9928086358538663 0.11971220728891936
vn 0 0.11971220728891936 0.9928086358538663
vn 0 0.11971220728891936 0.9928086358538663
vn 0 0.11971220728891936 0.9928086358538663
vn 0 0.11971220728891936 0.9928086358538663
vn 0 -0.11971220728891936 -0.9928086358538663
vn 0 -0.11971220728891936 -0.9928086358538663
vn 0 -0.11971220728891936 -0.9928086358538663
vn 0 -0.11971220728891936 -0.9928086358538663
f 666/666/666 668/668/668 667/667/667
f 668/668/668 669/669/669 667/667/667
f 670/670/670 672/672/672 671/671/671
f 672/672/672 673/673/673 671/671/671
f 674/674/674 676/676/676 675/675/675
f 676/676/676 677/677/677 675/675/675
f 678/678/678 680/680/680 679/679/679
f 680/680/680 681/681/681 679/679/679
f 682/682/682 684/684/684 683/683/683
f 684/684/684 685/685/685 683/683/683
f 686/686/686 688/688/688 687/687/687
f 688/688/688 689/689/689 687/687/687
o chest_slit
usemtl glow
v 0.054999999701976776 0.459689507982016 0.1484780030150024
v 0.054999999701976776 0.458252961482062 0.136564299281198
v 0.054999999701976776 0.451747038517938 0.14943570071880197
v 0.054999999701976776 0.450310492017984 0.13752199698499756
v -0.054999999701976776 0.458252961482062 0.136564299281198
v -0.054999999701976776 0.459689507982016 0.1484780030150024
v -0.054999999701976776 0.450310492017984 0.13752199698499756
v -0.054999999701976776 0.451747038517938 0.14943570071880197
v -0.054999999701976776 0.458252961482062 0.136564299281198
v 0.054999999701976776 0.458252961482062 0.136564299281198
v -0.054999999701976776 0.459689507982016 0.1484780030150024
v 0.054999999701976776 0.459689507982016 0.1484780030150024
v -0.054999999701976776 0.451747038517938 0.14943570071880197
v 0.054999999701976776 0.451747038517938 0.14943570071880197
v -0.054999999701976776 0.450310492017984 0.13752199698499756
v 0.054999999701976776 0.450310492017984 0.13752199698499756
v -0.054999999701976776 0.459689507982016 0.1484780030150024
v 0.054999999701976776 0.459689507982016 0.1484780030150024
v -0.054999999701976776 0.451747038517938 0.14943570071880197
v 0.054999999701976776 0.451747038517938 0.14943570071880197
v 0.054999999701976776 0.458252961482062 0.136564299281198
v -0.054999999701976776 0.458252961482062 0.136564299281198
v 0.054999999701976776 0.450310492017984 0.13752199698499756
v -0.054999999701976776 0.450310492017984 0.13752199698499756
vt 0 1
vt 1 1
vt 0 0
vt 1 0
vt 0 1
vt 1 1
vt 0 0
vt 1 0
vt 0 1
vt 1 1
vt 0 0
vt 1 0
vt 0 1
vt 1 1
vt 0 0
vt 1 0
vt 0 1
vt 1 1
vt 0 0
vt 1 0
vt 0 1
vt 1 1
vt 0 0
vt 1 0
vn 1 0 0
vn 1 0 0
vn 1 0 0
vn 1 0 0
vn -1 0 0
vn -1 0 0
vn -1 0 0
vn -1 0 0
vn 0 0.9928086358538663 -0.11971220728891936
vn 0 0.9928086358538663 -0.11971220728891936
vn 0 0.9928086358538663 -0.11971220728891936
vn 0 0.9928086358538663 -0.11971220728891936
vn 0 -0.9928086358538663 0.11971220728891936
vn 0 -0.9928086358538663 0.11971220728891936
vn 0 -0.9928086358538663 0.11971220728891936
vn 0 -0.9928086358538663 0.11971220728891936
vn 0 0.11971220728891936 0.9928086358538663
vn 0 0.11971220728891936 0.9928086358538663
vn 0 0.11971220728891936 0.9928086358538663
vn 0 0.11971220728891936 0.9928086358538663
vn 0 -0.11971220728891936 -0.9928086358538663
vn 0 -0.11971220728891936 -0.9928086358538663
vn 0 -0.11971220728891936 -0.9928086358538663
vn 0 -0.11971220728891936 -0.9928086358538663
f 690/690/690 692/692/692 691/691/691
f 692/692/692 693/693/693 691/691/691
f 694/694/694 696/696/696 695/695/695
f 696/696/696 697/697/697 695/695/695
f 698/698/698 700/700/700 699/699/699
f 700/700/700 701/701/701 699/699/699
f 702/702/702 704/704/704 703/703/703
f 704/704/704 705/705/705 703/703/703
f 706/706/706 708/708/708 707/707/707
f 708/708/708 709/709/709 707/707/707
f 710/710/710 712/712/712 711/711/711
f 712/712/712 713/713/713 711/711/711
o chest_slit_2
usemtl glow
v 0.02499999910593033 0.43569669918342807 0.1515977152419137
v 0.02499999910593033 0.4342601526834741 0.1396840115081093
v 0.02499999910593033 0.42973984731652587 0.15231598849189068
v 0.02499999910593033 0.4283033008165719 0.14040228475808628
v -0.05499999910593033 0.4342601526834741 0.1396840115081093
v -0.05499999910593033 0.43569669918342807 0.1515977152419137
v -0.05499999910593033 0.4283033008165719 0.14040228475808628
v -0.05499999910593033 0.42973984731652587 0.15231598849189068
v -0.05499999910593033 0.4342601526834741 0.1396840115081093
v 0.02499999910593033 0.4342601526834741 0.1396840115081093
v -0.05499999910593033 0.43569669918342807 0.1515977152419137
v 0.02499999910593033 0.43569669918342807 0.1515977152419137
v -0.05499999910593033 0.42973984731652587 0.15231598849189068
v 0.02499999910593033 0.42973984731652587 0.15231598849189068
v -0.05499999910593033 0.4283033008165719 0.14040228475808628
v 0.02499999910593033 0.4283033008165719 0.14040228475808628
v -0.05499999910593033 0.43569669918342807 0.1515977152419137
v 0.02499999910593033 0.43569669918342807 0.1515977152419137
v -0.05499999910593033 0.42973984731652587 0.15231598849189068
v 0.02499999910593033 0.42973984731652587 0.15231598849189068
v 0.02499999910593033 0.4342601526834741 0.1396840115081093
v -0.05499999910593033 0.4342601526834741 0.1396840115081093
v 0.02499999910593033 0.4283033008165719 0.14040228475808628
v -0.05499999910593033 0.4283033008165719 0.14040228475808628
vt 0 1
vt 1 1
vt 0 0
vt 1 0
vt 0 1
vt 1 1
vt 0 0
vt 1 0
vt 0 1
vt 1 1
vt 0 0
vt 1 0
vt 0 1
vt 1 1
vt 0 0
vt 1 0
vt 0 1
vt 1 1
vt 0 0
vt 1 0
vt 0 1
vt 1 1
vt 0 0
vt 1 0
vn 1 0 0
vn 1 0 0
vn 1 0 0
vn 1 0 0
vn -1 0 0
vn -1 0 0
vn -1 0 0
vn -1 0 0
vn 0 0.9928086358538663 -0.11971220728891936
vn 0 0.9928086358538663 -0.11971220728891936
vn 0 0.9928086358538663 -0.11971220728891936
vn 0 0.9928086358538663 -0.11971220728891936
vn 0 -0.9928086358538663 0.11971220728891936
vn 0 -0.9928086358538663 0.11971220728891936
vn 0 -0.9928086358538663 0.11971220728891936
vn 0 -0.9928086358538663 0.11971220728891936
vn 0 0.11971220728891936 0.9928086358538663
vn 0 0.11971220728891936 0.9928086358538663
vn 0 0.11971220728891936 0.9928086358538663
vn 0 0.11971220728891936 0.9928086358538663
vn 0 -0.11971220728891936 -0.9928086358538663
vn 0 -0.11971220728891936 -0.9928086358538663
vn 0 -0.11971220728891936 -0.9928086358538663
vn 0 -0.11971220728891936 -0.9928086358538663
f 714/714/714 716/716/716 715/715/715
f 716/716/716 717/717/717 715/715/715
f 718/718/718 720/720/720 719/719/719
f 720/720/720 721/721/721 719/719/719
f 722/722/722 724/724/724 723/723/723
f 724/724/724 725/725/725 723/723/723
f 726/726/726 728/728/728 727/727/727
f 728/728/728 729/729/729 727/727/727
f 730/730/730 732/732/732 731/731/731
f 732/732/732 733/733/733 731/731/731
f 734/734/734 736/736/736 735/735/735
f 736/736/736 737/737/737 735/735/735
o collar
usemtl carbon
v 0 0.5375000008940697 0.10499999672174454
v 0.07424621284008026 0.5375000008940697 0.07424621284008026
v 0.10499999672174454 0.5375000008940697 6.4293957279179475e-18
v 0.07424621284008026 0.5375000008940697 -0.07424621284008026
v 1.2858791455835895e-17 0.5375000008940697 -0.10499999672174454
v -0.07424621284008026 0.5375000008940697 -0.07424621284008026
v -0.10499999672174454 0.5375000008940697 -1.928818759734415e-17
v -0.07424621284008026 0.5375000008940697 0.07424621284008026
v -2.571758291167179e-17 0.5375000008940697 0.10499999672174454
v 0 0.49249999910593034 0.12999999523162842
v 0.09192388504743576 0.49249999910593034 0.09192388504743576
v 0.12999999523162842 0.49249999910593034 7.960203880059101e-18
v 0.09192388504743576 0.49249999910593034 -0.09192388504743576
v 1.5920407760118202e-17 0.49249999910593034 -0.12999999523162842
v -0.09192388504743576 0.49249999910593034 -0.09192388504743576
v -0.12999999523162842 0.49249999910593034 -2.3880613294538528e-17
v -0.09192388504743576 0.49249999910593034 0.09192388504743576
v -3.1840815520236404e-17 0.49249999910593034 0.12999999523162842
v 0 0.5375000008940697 0
v 0 0.5375000008940697 0
v 0 0.5375000008940697 0
v 0 0.5375000008940697 0
v 0 0.5375000008940697 0
v 0 0.5375000008940697 0
v 0 0.5375000008940697 0
v 0 0.5375000008940697 0
v 0 0.5375000008940697 0.10499999672174454
v 0.07424621284008026 0.5375000008940697 0.07424621284008026
v 0.10499999672174454 0.5375000008940697 6.4293957279179475e-18
v 0.07424621284008026 0.5375000008940697 -0.07424621284008026
v 1.2858791455835895e-17 0.5375000008940697 -0.10499999672174454
v -0.07424621284008026 0.5375000008940697 -0.07424621284008026
v -0.10499999672174454 0.5375000008940697 -1.928818759734415e-17
v -0.07424621284008026 0.5375000008940697 0.07424621284008026
v -2.571758291167179e-17 0.5375000008940697 0.10499999672174454
v 0 0.49249999910593034 0
v 0 0.49249999910593034 0
v 0 0.49249999910593034 0
v 0 0.49249999910593034 0
v 0 0.49249999910593034 0
v 0 0.49249999910593034 0
v 0 0.49249999910593034 0
v 0 0.49249999910593034 0
v 0 0.49249999910593034 0.12999999523162842
v 0.09192388504743576 0.49249999910593034 0.09192388504743576
v 0.12999999523162842 0.49249999910593034 7.960203880059101e-18
v 0.09192388504743576 0.49249999910593034 -0.09192388504743576
v 1.5920407760118202e-17 0.49249999910593034 -0.12999999523162842
v -0.09192388504743576 0.49249999910593034 -0.09192388504743576
v -0.12999999523162842 0.49249999910593034 -2.3880613294538528e-17
v -0.09192388504743576 0.49249999910593034 0.09192388504743576
v -3.1840815520236404e-17 0.49249999910593034 0.12999999523162842
vt 0 1
vt 0.125 1
vt 0.25 1
vt 0.375 1
vt 0.5 1
vt 0.625 1
vt 0.75 1
vt 0.875 1
vt 1 1
vt 0 0
vt 0.125 0
vt 0.25 0
vt 0.375 0
vt 0.5 0
vt 0.625 0
vt 0.75 0
vt 0.875 0
vt 1 0
vt 0.5 0.5
vt 0.5 0.5
vt 0.5 0.5
vt 0.5 0.5
vt 0.5 0.5
vt 0.5 0.5
vt 0.5 0.5
vt 0.5 0.5
vt 1 0.5
vt 0.8535534143447876 0.8535534143447876
vt 0.5 1
vt 0.1464466154575348 0.8535534143447876
vt 0 0.5
vt 0.1464466154575348 0.1464466154575348
vt 0.5 0
vt 0.8535534143447876 0.1464466154575348
vt 1 0.5
vt 0.5 0.5
vt 0.5 0.5
vt 0.5 0.5
vt 0.5 0.5
vt 0.5 0.5
vt 0.5 0.5
vt 0.5 0.5
vt 0.5 0.5
vt 1 0.5
vt 0.8535534143447876 0.1464466154575348
vt 0.5 0
vt 0.1464466154575348 0.1464466154575348
vt 0 0.5
vt 0.1464466154575348 0.8535534143447876
vt 0.5 1
vt 0.8535534143447876 0.8535534143447876
vt 1 0.5
vn 0 0.4856429488913334 0.8741572662811481
vn 0.6181225305315211 0.48564294960250126 0.6181225305315211
vn 0.8741572662811481 0.4856429488913334 5.3526696312277254e-17
vn 0.6181225305315211 0.48564294960250126 -0.6181225305315211
vn 1.0705339262455451e-16 0.4856429488913334 -0.8741572662811481
vn -0.6181225305315211 0.48564294960250126 -0.6181225305315211
vn -0.8741572662811481 0.4856429488913334 -1.6058008562810924e-16
vn -0.6181225305315211 0.48564294960250126 0.6181225305315211
vn -2.1410678524910902e-16 0.4856429488913334 0.8741572662811481
vn 0 0.4856429488913334 0.8741572662811481
vn 0.6181225305315211 0.48564294960250126 0.6181225305315211
vn 0.8741572662811481 0.4856429488913334 5.3526696312277254e-17
vn 0.6181225305315211 0.48564294960250126 -0.6181225305315211
vn 1.0705339262455451e-16 0.4856429488913334 -0.8741572662811481
vn -0.6181225305315211 0.48564294960250126 -0.6181225305315211
vn -0.8741572662811481 0.4856429488913334 -1.6058008562810924e-16
vn -0.6181225305315211 0.48564294960250126 0.6181225305315211
vn -2.1410678524910902e-16 0.4856429488913334 0.8741572662811481
vn 0 1 0
vn 0 1 0
vn 0 1 0
vn 0 1 0
vn 0 1 0
vn 0 1 0
vn 0 1 0
vn 0 1 0
vn 0 1 0
vn 0 1 0
vn 0 1 0
vn 0 1 0
vn 0 1 0
vn 0 1 0
vn 0 1 0
vn 0 1 0
vn 0 1 0
vn 0 -1 0
vn 0 -1 0
vn 0 -1 0
vn 0 -1 0
vn 0 -1 0
vn 0 -1 0
vn 0 -1 0
vn 0 -1 0
vn 0 -1 0
vn 0 -1 0
vn 0 -1 0
vn 0 -1 0
vn 0 -1 0
vn 0 -1 0
vn 0 -1 0
vn 0 -1 0
vn 0 -1 0
f 738/738/738 747/747/747 739/739/739
f 747/747/747 748/748/748 739/739/739
f 739/739/739 748/748/748 740/740/740
f 748/748/748 749/749/749 740/740/740
f 740/740/740 749/749/749 741/741/741
f 749/749/749 750/750/750 741/741/741
f 741/741/741 750/750/750 742/742/742
f 750/750/750 751/751/751 742/742/742
f 742/742/742 751/751/751 743/743/743
f 751/751/751 752/752/752 743/743/743
f 743/743/743 752/752/752 744/744/744
f 752/752/752 753/753/753 744/744/744
f 744/744/744 753/753/753 745/745/745
f 753/753/753 754/754/754 745/745/745
f 745/745/745 754/754/754 746/746/746
f 754/754/754 755/755/755 746/746/746
f 764/764/764 765/765/765 756/756/756
f 765/765/765 766/766/766 757/757/757
f 766/766/766 767/767/767 758/758/758
f 767/767/767 768/768/768 759/759/759
f 768/768/768 769/769/769 760/760/760
f 769/769/769 770/770/770 761/761/761
f 770/770/770 771/771/771 762/762/762
f 771/771/771 772/772/772 763/763/763
f 782/782/782 781/781/781 773/773/773
f 783/783/783 782/782/782 774/774/774
f 784/784/784 783/783/783 775/775/775
f 785/785/785 784/784/784 776/776/776
f 786/786/786 785/785/785 777/777/777
f 787/787/787 786/786/786 778/778/778
f 788/788/788 787/787/787 779/779/779
f 789/789/789 788/788/788 780/780/780
o vent_0
usemtl carbon
v 0.07000000029802322 0.36333943504355043 -0.11382645223103209
v 0.07000000029802322 0.3682875141180427 -0.1332047002321074
v 0.07000000029802322 0.35171248588195725 -0.11679529976789262
v 0.07000000029802322 0.35666056495644954 -0.1361735477689679
v -0.07000000029802322 0.3682875141180427 -0.1332047002321074
v -0.07000000029802322 0.36333943504355043 -0.11382645223103209
v -0.07000000029802322 0.35666056495644954 -0.1361735477689679
v -0.07000000029802322 0.35171248588195725 -0.11679529976789262
v -0.07000000029802322 0.3682875141180427 -0.1332047002321074
v 0.07000000029802322 0.3682875141180427 -0.1332047002321074
v -0.07000000029802322 0.36333943504355043 -0.11382645223103209
v 0.07000000029802322 0.36333943504355043 -0.11382645223103209
v -0.07000000029802322 0.35171248588195725 -0.11679529976789262
v 0.07000000029802322 0.35171248588195725 -0.11679529976789262
v -0.07000000029802322 0.35666056495644954 -0.1361735477689679
v 0.07000000029802322 0.35666056495644954 -0.1361735477689679
v -0.07000000029802322 0.36333943504355043 -0.11382645223103209
v 0.07000000029802322 0.36333943504355043 -0.11382645223103209
v -0.07000000029802322 0.35171248588195725 -0.11679529976789262
v 0.07000000029802322 0.35171248588195725 -0.11679529976789262
v 0.07000000029802322 0.3682875141180427 -0.1332047002321074
v -0.07000000029802322 0.3682875141180427 -0.1332047002321074
v 0.07000000029802322 0.35666056495644954 -0.1361735477689679
v -0.07000000029802322 0.35666056495644954 -0.1361735477689679
vt 0 1
vt 1 1
vt 0 0
vt 1 0
vt 0 1
vt 1 1
vt 0 0
vt 1 0
vt 0 1
vt 1 1
vt 0 0
vt 1 0
vt 0 1
vt 1 1
vt 0 0
vt 1 0
vt 0 1
vt 1 1
vt 0 0
vt 1 0
vt 0 1
vt 1 1
vt 0 0
vt 1 0
vn 1 0 0
vn 1 0 0
vn 1 0 0
vn 1 0 0
vn -1 0 0
vn -1 0 0
vn -1 0 0
vn -1 0 0
vn 0 0.9689124217106447 0.24740395925452294
vn 0 0.9689124217106447 0.24740395925452294
vn 0 0.9689124217106447 0.24740395925452294
vn 0 0.9689124217106447 0.24740395925452294
vn 0 -0.9689124217106447 -0.24740395925452294
vn 0 -0.9689124217106447 -0.24740395925452294
vn 0 -0.9689124217106447 -0.24740395925452294
vn 0 -0.9689124217106447 -0.24740395925452294
vn 0 -0.24740395925452294 0.9689124217106447
vn 0 -0.24740395925452294 0.9689124217106447
vn 0 -0.24740395925452294 0.9689124217106447
vn 0 -0.24740395925452294 0.9689124217106447
vn 0 0.24740395925452294 -0.9689124217106447
vn 0 0.24740395925452294 -0.9689124217106447
vn 0 0.24740395925452294 -0.9689124217106447
vn 0 0.24740395925452294 -0.9689124217106447
f 790/790/790 792/792/792 791/791/791
f 792/792/792 793/793/793 791/791/791
f 794/794/794 796/796/796 795/795/795
f 796/796/796 797/797/797 795/795/795
f 798/798/798 800/800/800 799/799/799
f 800/800/800 801/801/801 799/799/799
f 802/802/802 804/804/804 803/803/803
f 804/804/804 805/805/805 803/803/803
f 806/806/806 808/808/808 807/807/807
f 808/808/808 809/809/809 807/807/807
f 810/810/810 812/812/812 811/811/811
f 812/812/812 813/813/813 811/811/811
o vent_1
usemtl carbon
v 0.07000000029802322 0.39833943504355046 -0.11382645223103209
v 0.07000000029802322 0.40328751411804276 -0.1332047002321074
v 0.07000000029802322 0.3867124858819573 -0.11679529976789262
v 0.07000000029802322 0.3916605649564496 -0.1361735477689679
v -0.07000000029802322 0.40328751411804276 -0.1332047002321074
v -0.07000000029802322 0.39833943504355046 -0.11382645223103209
v -0.07000000029802322 0.3916605649564496 -0.1361735477689679
v -0.07000000029802322 0.3867124858819573 -0.11679529976789262
v -0.07000000029802322 0.40328751411804276 -0.1332047002321074
v 0.07000000029802322 0.40328751411804276 -0.1332047002321074
v -0.07000000029802322 0.39833943504355046 -0.11382645223103209
v 0.07000000029802322 0.39833943504355046 -0.11382645223103209
v -0.07000000029802322 0.3867124858819573 -0.11679529976789262
v 0.07000000029802322 0.3867124858819573 -0.11679529976789262
v -0.07000000029802322 0.3916605649564496 -0.1361735477689679
v 0.07000000029802322 0.3916605649564496 -0.1361735477689679
v -0.07000000029802322 0.39833943504355046 -0.11382645223103209
v 0.07000000029802322 0.39833943504355046 -0.11382645223103209
v -0.07000000029802322 0.3867124858819573 -0.11679529976789262
v 0.07000000029802322 0.3867124858819573 -0.11679529976789262
v 0.07000000029802322 0.40328751411804276 -0.1332047002321074
v -0.07000000029802322 0.40328751411804276 -0.1332047002321074
v 0.07000000029802322 0.3916605649564496 -0.1361735477689679
v -0.07000000029802322 0.3916605649564496 -0.1361735477689679
vt 0 1
vt 1 1
vt 0 0
vt 1 0
vt 0 1
vt 1 1
vt 0 0
vt 1 0
vt 0 1
vt 1 1
vt 0 0
vt 1 0
vt 0 1
vt 1 1
vt 0 0
vt 1 0
vt 0 1
vt 1 1
vt 0 0
vt 1 0
vt 0 1
vt 1 1
vt 0 0
vt 1 0
vn 1 0 0
vn 1 0 0
vn 1 0 0
vn 1 0 0
vn -1 0 0
vn -1 0 0
vn -1 0 0
vn -1 0 0
vn 0 0.9689124217106447 0.24740395925452294
vn 0 0.9689124217106447 0.24740395925452294
vn 0 0.9689124217106447 0.24740395925452294
vn 0 0.9689124217106447 0.24740395925452294
vn 0 -0.9689124217106447 -0.24740395925452294
vn 0 -0.9689124217106447 -0.24740395925452294
vn 0 -0.9689124217106447 -0.24740395925452294
vn 0 -0.9689124217106447 -0.24740395925452294
vn 0 -0.24740395925452294 0.9689124217106447
vn 0 -0.24740395925452294 0.9689124217106447
vn 0 -0.24740395925452294 0.9689124217106447
vn 0 -0.24740395925452294 0.9689124217106447
vn 0 0.24740395925452294 -0.9689124217106447
vn 0 0.24740395925452294 -0.9689124217106447
vn 0 0.24740395925452294 -0.9689124217106447
vn 0 0.24740395925452294 -0.9689124217106447
f 814/814/814 816/816/816 815/815/815
f 816/816/816 817/817/817 815/815/815
f 818/818/818 820/820/820 819/819/819
f 820/820/820 821/821/821 819/819/819
f 822/822/822 824/824/824 823/823/823
f 824/824/824 825/825/825 823/823/823
f 826/826/826 828/828/828 827/827/827
f 828/828/828 829/829/829 827/827/827
f 830/830/830 832/832/832 831/831/831
f 832/832/832 833/833/833 831/831/831
f 834/834/834 836/836/836 835/835/835
f 836/836/836 837/837/837 835/835/835
o vent_2
usemtl carbon
v 0.07000000029802322 0.43333943504355044 -0.11382645223103209
v 0.07000000029802322 0.43828751411804273 -0.1332047002321074
v 0.07000000029802322 0.42171248588195726 -0.11679529976789262
v 0.07000000029802322 0.42666056495644955 -0.1361735477689679
v -0.07000000029802322 0.43828751411804273 -0.1332047002321074
v -0.07000000029802322 0.43333943504355044 -0.11382645223103209
v -0.07000000029802322 0.42666056495644955 -0.1361735477689679
v -0.07000000029802322 0.42171248588195726 -0.11679529976789262
v -0.07000000029802322 0.43828751411804273 -0.1332047002321074
v 0.07000000029802322 0.43828751411804273 -0.1332047002321074
v -0.07000000029802322 0.43333943504355044 -0.11382645223103209
v 0.07000000029802322 0.43333943504355044 -0.11382645223103209
v -0.07000000029802322 0.42171248588195726 -0.11679529976789262
v 0.07000000029802322 0.42171248588195726 -0.11679529976789262
v -0.07000000029802322 0.42666056495644955 -0.1361735477689679
v 0.07000000029802322 0.42666056495644955 -0.1361735477689679
v -0.07000000029802322 0.43333943504355044 -0.11382645223103209
v 0.07000000029802322 0.43333943504355044 -0.11382645223103209
v -0.07000000029802322 0.42171248588195726 -0.11679529976789262
v 0.07000000029802322 0.42171248588195726 -0.11679529976789262
v 0.07000000029802322 0.43828751411804273 -0.1332047002321074
v -0.07000000029802322 0.43828751411804273 -0.1332047002321074
v 0.07000000029802322 0.42666056495644955 -0.1361735477689679
v -0.07000000029802322 0.42666056495644955 -0.1361735477689679
vt 0 1
vt 1 1
vt 0 0
vt 1 0
vt 0 1
vt 1 1
vt 0 0
vt 1 0
vt 0 1
vt 1 1
vt 0 0
vt 1 0
vt 0 1
vt 1 1
vt 0 0
vt 1 0
vt 0 1
vt 1 1
vt 0 0
vt 1 0
vt 0 1
vt 1 1
vt 0 0
vt 1 0
vn 1 0 0
vn 1 0 0
vn 1 0 0
vn 1 0 0
vn -1 0 0
vn -1 0 0
vn -1 0 0
vn -1 0 0
vn 0 0.9689124217106447 0.24740395925452294
vn 0 0.9689124217106447 0.24740395925452294
vn 0 0.9689124217106447 0.24740395925452294
vn 0 0.9689124217106447 0.24740395925452294
vn 0 -0.9689124217106447 -0.24740395925452294
vn 0 -0.9689124217106447 -0.24740395925452294
vn 0 -0.9689124217106447 -0.24740395925452294
vn 0 -0.9689124217106447 -0.24740395925452294
vn 0 -0.24740395925452294 0.9689124217106447
vn 0 -0.24740395925452294 0.9689124217106447
vn 0 -0.24740395925452294 0.9689124217106447
vn 0 -0.24740395925452294 0.9689124217106447
vn 0 0.24740395925452294 -0.9689124217106447
vn 0 0.24740395925452294 -0.9689124217106447
vn 0 0.24740395925452294 -0.9689124217106447
vn 0 0.24740395925452294 -0.9689124217106447
f 838/838/838 840/840/840 839/839/839
f 840/840/840 841/841/841 839/839/839
f 842/842/842 844/844/844 843/843/843
f 844/844/844 845/845/845 843/843/843
f 846/846/846 848/848/848 847/847/847
f 848/848/848 849/849/849 847/847/847
f 850/850/850 852/852/852 851/851/851
f 852/852/852 853/853/853 851/851/851
f 854/854/854 856/856/856 855/855/855
f 856/856/856 857/857/857 855/855/855
f 858/858/858 860/860/860 859/859/859
f 860/860/860 861/861/861 859/859/859
o shoulder_pad_l
usemtl plate
v -0.17214133170946302 0.5102264781315511 0.054999999701976776
v -0.1273976963006323 0.49389377624502434 0.027499999850988388
v -0.1273976963006323 0.49389377624502434 -0.027499999850988388
v -0.17214133170946302 0.5102264781315511 -0.054999999701976776
v -0.21688496711829375 0.5265591800180779 -0.027499999850988388
v -0.21688496711829375 0.5265591800180779 0.027499999850988388
v -0.17214133170946302 0.5102264781315511 0.054999999701976776
v -0.19785866829053697 0.43977352186844887 0.07000000029802322
v -0.14091222290662186 0.41898644662401535 0.03500000014901161
v -0.14091222290662186 0.41898644662401535 -0.03500000014901161
v -0.19785866829053697 0.43977352186844887 -0.07000000029802322
v -0.2548051136744521 0.46056059711288233 -0.03500000014901161
v -0.2548051136744521 0.46056059711288233 0.03500000014901161
v -0.197858668290537 0.43977352186844887 0.07000000029802322
v -0.17214133170946302 0.5102264781315511 0
v -0.17214133170946302 0.5102264781315511 0
v -0.17214133170946302 0.5102264781315511 0
v -0.17214133170946302 0.5102264781315511 0
v -0.17214133170946302 0.5102264781315511 0
v -0.17214133170946302 0.5102264781315511 0
v -0.17214133170946302 0.5102264781315511 0.054999999701976776
v -0.1273976963006323 0.49389377624502434 0.027499999850988388
v -0.1273976963006323 0.49389377624502434 -0.027499999850988388
v -0.17214133170946302 0.5102264781315511 -0.054999999701976776
v -0.21688496711829375 0.5265591800180779 -0.027499999850988388
v -0.21688496711829375 0.5265591800180779 0.027499999850988388
v -0.17214133170946302 0.5102264781315511 0.054999999701976776
v -0.19785866829053697 0.43977352186844887 0
v -0.19785866829053697 0.43977352186844887 0
v -0.19785866829053697 0.43977352186844887 0
v -0.19785866829053697 0.43977352186844887 0
v -0.19785866829053697 0.43977352186844887 0
v -0.19785866829053697 0.43977352186844887 0
v -0.19785866829053697 0.43977352186844887 0.07000000029802322
v -0.14091222290662186 0.41898644662401535 0.03500000014901161
v -0.14091222290662186 0.41898644662401535 -0.03500000014901161
v -0.19785866829053697 0.43977352186844887 -0.07000000029802322
v -0.2548051136744521 0.46056059711288233 -0.03500000014901161
v -0.2548051136744521 0.46056059711288233 0.03500000014901161
v -0.197858668290537 0.43977352186844887 0.07000000029802322
vt 0 1
vt 0.1666666716337204 1
vt 0.3333333432674408 1
vt 0.5 1
vt 0.6666666865348816 1
vt 0.8333333134651184 1
vt 1 1
vt 0 0
vt 0.1666666716337204 0
vt 0.3333333432674408 0
vt 0.5 0
vt 0.6666666865348816 0
vt 0.8333333134651184 0
vt 1 0
vt 0.5 0.5
vt 0.5 0.5
vt 0.5 0.5
vt 0.5 0.5
vt 0.5 0.5
vt 0.5 0.5
vt 1 0.5
vt 0.75 0.9330127239227295
vt 0.25 0.9330127239227295
vt 0 0.5
vt 0.25 0.0669872984290123
vt 0.75 0.0669872984290123
vt 1 0.5
vt 0.5 0.5
vt 0.5 0.5
vt 0.5 0.5
vt 0.5 0.5
vt 0.5 0.5
vt 0.5 0.5
vt 1 0.5
vt 0.75 0.0669872984290123
vt 0.25 0.0669872984290123
vt 0 0.5
vt 0.25 0.9330127239227295
vt 0.75 0.9330127239227295
vt 1 0.5
vn 0.06724779176290964 0.18422614320602526 0.9805806762640418
vn 0.8649703986529441 -0.10696533450091843 0.4902903493535986
vn 0.8649703986529441 -0.10696533450091843 -0.4902903493535986
vn 0.06724779176290975 0.18422614320602523 -0.9805806762640418
vn -0.7304748120488413 0.47541762934596393 -0.4902903493535986
vn -0.7304748120488413 0.47541762934596393 0.4902903493535986
vn 0.06724779176290942 0.18422614320602534 0.9805806762640418
vn 0.06724779176290964 0.18422614320602526 0.9805806762640418
vn 0.8649703986529441 -0.10696533450091843 0.4902903493535986
vn 0.8649703986529441 -0.10696533450091843 -0.4902903493535986
vn 0.06724779176290975 0.18422614320602523 -0.9805806762640418
vn -0.7304748120488413 0.47541762934596393 -0.4902903493535986
vn -0.7304748120488413 0.47541762934596393 0.4902903493535986
vn 0.06724779176290942 0.18422614320602534 0.9805806762640418
vn 0.34289780745545134 0.9393727128473789 0
vn 0.34289780745545134 0.9393727128473789 0
vn 0.34289780745545134 0.9393727128473789 0
vn 0.34289780745545134 0.9393727128473789 0
vn 0.34289780745545134 0.9393727128473789 0
vn 0.34289780745545134 0.9393727128473789 0
vn 0.34289780745545134 0.9393727128473789 0
vn 0.34289780745545134 0.9393727128473789 0
vn 0.34289780745545134 0.9393727128473789 0
vn 0.34289780745545134 0.9393727128473789 0
vn 0.34289780745545134 0.9393727128473789 0
vn 0.34289780745545134 0.9393727128473789 0
vn 0.34289780745545134 0.9393727128473789 0
vn -0.34289780745545134 -0.9393727128473789 0
vn -0.34289780745545134 -0.9393727128473789 0
vn -0.34289780745545134 -0.9393727128473789 0
vn -0.34289780745545134 -0.9393727128473789 0
vn -0.34289780745545134 -0.9393727128473789 0
vn -0.34289780745545134 -0.9393727128473789 0
vn -0.34289780745545134 -0.9393727128473789 0
vn -0.34289780745545134 -0.9393727128473789 0
vn -0.34289780745545134 -0.9393727128473789 0
vn -0.34289780745545134 -0.9393727128473789 0
vn -0.34289780745545134 -0.9393727128473789 0
vn -0.34289780745545134 -0.9393727128473789 0
vn -0.34289780745545134 -0.9393727128473789 0
f 862/862/862 869/869/869 863/863/863
f 869/869/869 870/870/870 863/863/863
f 863/863/863 870/870/870 864/864/864
f 870/870/870 871/871/871 864/864/864
f 864/864/864 871/871/871 865/865/865
f 871/871/871 872/872/872 865/865/865
f 865/865/865 872/872/872 866/866/866
f 872/872/872 873/873/873 866/866/866
f 866/866/866 873/873/873 867/867/867
f 873/873/873 874/874/874 867/867/867
f 867/867/867 874/874/874 868/868/868
f 874/874/874 875/875/875 868/868/868
f 882/882/882 883/883/883 876/876/876
f 883/883/883 884/884/884 877/877/877
f 884/884/884 885/885/885 878/878/878
f 885/885/885 886/886/886 879/879/879
f 886/886/886 887/887/887 880/880/880
f 887/887/887 888/888/888 881/881/881
f 896/896/896 895/895/895 889/889/889
f 897/897/897 896/896/896 890/890/890
f 898/898/898 897/897/897 891/891/891
f 899/899/899 898/898/898 892/892/892
f 900/900/900 899/899/899 893/893/893
f 901/901/901 900/900/900 894/894/894
o shoulder_glow_l
usemtl glow
v -0.21079131835979795 0.49942693130851185 0.05600000005215407
v -0.21079131835979795 0.49942693130851185 0.04399999994784594
v -0.2279362089880493 0.45245829496625567 0.05600000005215407
v -0.2279362089880493 0.45245829496625567 0.04399999994784594
v -0.2220637910119507 0.5035417050337443 0.04399999994784594
v -0.2220637910119507 0.5035417050337443 0.05600000005215407
v -0.23920868164020206 0.4565730686914881 0.04399999994784594
v -0.23920868164020206 0.4565730686914881 0.05600000005215407
v -0.2220637910119507 0.5035417050337443 0.04399999994784594
v -0.21079131835979795 0.49942693130851185 0.04399999994784594
v -0.2220637910119507 0.5035417050337443 0.05600000005215407
v -0.21079131835979795 0.49942693130851185 0.05600000005215407
v -0.23920868164020206 0.4565730686914881 0.05600000005215407
v -0.2279362089880493 0.45245829496625567 0.05600000005215407
v -0.23920868164020206 0.4565730686914881 0.04399999994784594
v -0.2279362089880493 0.45245829496625567 0.04399999994784594
v -0.2220637910119507 0.5035417050337443 0.05600000005215407
v -0.21079131835979795 0.49942693130851185 0.05600000005215407
v -0.23920868164020206 0.4565730686914881 0.05600000005215407
v -0.2279362089880493 0.45245829496625567 0.05600000005215407
v -0.21079131835979795 0.49942693130851185 0.04399999994784594
v -0.2220637910119507 0.5035417050337443 0.04399999994784594
v -0.2279362089880493 0.45245829496625567 0.04399999994784594
v -0.23920868164020206 0.4565730686914881 0.04399999994784594
vt 0 1
vt 1 1
vt 0 0
vt 1 0
vt 0 1
vt 1 1
vt 0 0
vt 1 0
vt 0 1
vt 1 1
vt 0 0
vt 1 0
vt 0 1
vt 1 1
vt 0 0
vt 1 0
vt 0 1
vt 1 1
vt 0 0
vt 1 0
vt 0 1
vt 1 1
vt 0 0
vt 1 0
vn 0.9393727128473789 -0.34289780745545134 0
vn 0.9393727128473789 -0.34289780745545134 0
vn 0.9393727128473789 -0.34289780745545134 0
vn 0.9393727128473789 -0.34289780745545134 0
vn -0.9393727128473789 0.34289780745545134 0
vn -0.9393727128473789 0.34289780745545134 0
vn -0.9393727128473789 0.34289780745545134 0
vn -0.9393727128473789 0.34289780745545134 0
vn 0.34289780745545134 0.9393727128473789 0
vn 0.34289780745545134 0.9393727128473789 0
vn 0.34289780745545134 0.9393727128473789 0
vn 0.34289780745545134 0.9393727128473789 0
vn -0.34289780745545134 -0.9393727128473789 0
vn -0.34289780745545134 -0.9393727128473789 0
vn -0.34289780745545134 -0.9393727128473789 0
vn -0.34289780745545134 -0.9393727128473789 0
vn 0 0 1
vn 0 0 1
vn 0 0 1
vn 0 0 1
vn 0 0 -1
vn 0 0 -1
vn 0 0 -1
vn 0 0 -1
f 902/902/902 904/904/904 903/903/903
f 904/904/904 905/905/905 903/903/903
f 906/906/906 908/908/908 907/907/907
f 908/908/908 909/909/909 907/907/907
f 910/910/910 912/912/912 911/911/911
f 912/912/912 913/913/913 911/911/911
f 914/914/914 916/916/916 915/915/915
f 916/916/916 917/917/917 915/915/915
f 918/918/918 920/920/920 919/919/919
f 920/920/920 921/921/921 919/919/919
f 922/922/922 924/924/924 923/923/923
f 924/924/924 925/925/925 923/923/923
o shoulder_joint_l
usemtl joint
v -0.175 0.4779999987781048 0
v -0.175 0.4779999987781048 0
v -0.175 0.4779999987781048 0
v -0.175 0.4779999987781048 0
v -0.175 0.4779999987781048 0
v -0.175 0.4779999987781048 0
v -0.175 0.4779999987781048 0
v -0.175 0.4779999987781048 0
v -0.175 0.4779999987781048 0
v -0.175 0.4779999987781048 0
v -0.175 0.4779999987781048 0
v -0.175 0.4779999987781048 0
v -0.175 0.4779999987781048 0
v -0.175 0.4779999987781048 0
v -0.175 0.4779999987781048 0
v -0.175 0.4779999987781048 0
v -0.175 0.4779999987781048 0
v -0.175 0.4779999987781048 0
v -0.175 0.4779999987781048 0
v -0.175 0.4779999987781048 0
v -0.175 0.4779999987781048 0
v -0.175 0.4779999987781048 0
v -0.175 0.4779999987781048 0
v -0.175 0.4779999987781048 0
v -0.175 0.4779999987781048 0
v -0.18159863092005252 0.47742269426584244 0
v -0.18137378776445984 0.47742269426584244 0.0017078513046726584
v -0.18071458181366323 0.47742269426584244 0.003299315460026264
v -0.17966593634337186 0.47742269426584244 0.004665936343371868
v -0.17829931546002625 0.47742269426584244 0.005714581813663244
v -0.17670785130467265 0.47742269426584244 0.006373787764459848
v -0.175 0.47742269426584244 0.006598630920052528
v -0.17329214869532733 0.47742269426584244 0.006373787764459848
v -0.17170068453997372 0.47742269426584244 0.005714581813663244
v -0.17033406365662812 0.47742269426584244 0.004665936343371868
v -0.16928541818633674 0.47742269426584244 0.003299315460026264
v -0.16862621223554014 0.47742269426584244 0.0017078513046726584
v -0.16840136907994746 0.47742269426584244 8.080992101826544e-19
v -0.16862621223554014 0.47742269426584244 -0.0017078513046726584
v -0.16928541818633674 0.47742269426584244 -0.003299315460026264
v -0.17033406365662812 0.47742269426584244 -0.004665936343371868
v -0.17170068453997372 0.47742269426584244 -0.005714581813663244
v -0.17329214869532733 0.47742269426584244 -0.006373787764459848
v -0.175 0.47742269426584244 -0.006598630920052528
v -0.17670785130467265 0.47742269426584244 -0.006373787764459848
v -0.17829931546002625 0.47742269426584244 -0.005714581813663244
v -0.17966593634337186 0.47742269426584244 -0.004665936343371868
v -0.18071458181366323 0.47742269426584244 -0.003299315460026264
v -0.18137378776445984 0.47742269426584244 -0.0017078513046726584
v -0.18159863092005252 0.47742269426584244 -1.6161984203653089e-18
v -0.18799676578491925 0.47570831939578057 0
v -0.18755391165614127 0.47570831939578057 0.0033638104796409607
v -0.18625552877783774 0.47570831939578057 0.006498382892459631
v -0.1841901011765003 0.47570831939578057 0.00919010117650032
v -0.18149838289245962 0.47570831939578057 0.011255528777837753
v -0.17836381047964095 0.47570831939578057 0.012553911656141281
v -0.175 0.47570831939578057 0.012996765784919262
v -0.17163618952035903 0.47570831939578057 0.012553911656141281
v -0.16850161710754036 0.47570831939578057 0.011255528777837753
v -0.16580989882349967 0.47570831939578057 0.00919010117650032
v -0.16374447122216224 0.47570831939578057 0.006498382892459631
v -0.1624460883438587 0.47570831939578057 0.0033638104796409607
v -0.16200323421508073 0.47570831939578057 1.5916447012550145e-18
v -0.1624460883438587 0.47570831939578057 -0.0033638104796409607
v -0.16374447122216224 0.47570831939578057 -0.006498382892459631
v -0.16580989882349967 0.47570831939578057 -0.00919010117650032
v -0.16850161710754036 0.47570831939578057 -0.011255528777837753
v -0.17163618952035903 0.47570831939578057 -0.012553911656141281
v -0.175 0.47570831939578057 -0.012996765784919262
v -0.17836381047964095 0.47570831939578057 -0.012553911656141281
v -0.18149838289245962 0.47570831939578057 -0.011255528777837753
v -0.1841901011765003 0.47570831939578057 -0.00919010117650032
v -0.18625552877783774 0.47570831939578057 -0.006498382892459631
v -0.18755391165614127 0.47570831939578057 -0.0033638104796409607
v -0.18799676578491925 0.47570831939578057 -3.183289402510029e-18
v -0.19399999938905238 0.47290896490216255 0
v -0.19335259050130843 0.47290896490216255 0.004917562007904053
v -0.19145448245108126 0.47290896490216255 0.009499999694526196
v -0.18843502849340438 0.47290896490216255 0.013435028493404388
v -0.18449999969452618 0.47290896490216255 0.016454482451081276
v -0.17991756200790404 0.47290896490216255 0.01835259050130844
v -0.175 0.47290896490216255 0.01899999938905239
v -0.17008243799209594 0.47290896490216255 0.01835259050130844
v -0.1655000003054738 0.47290896490216255 0.016454482451081276
v -0.1615649715065956 0.47290896490216255 0.013435028493404388
v -0.1585455175489187 0.47290896490216255 0.009499999694526196
v -0.15664740949869155 0.47290896490216255 0.004917562007904053
v -0.1560000006109476 0.47290896490216255 2.3268288710193087e-18
v -0.15664740949869155 0.47290896490216255 -0.004917562007904053
v -0.1585455175489187 0.47290896490216255 -0.009499999694526196
v -0.1615649715065956 0.47290896490216255 -0.013435028493404388
v -0.1655000003054738 0.47290896490216255 -0.016454482451081276
v -0.17008243799209594 0.47290896490216255 -0.01835259050130844
v -0.175 0.47290896490216255 -0.01899999938905239
v -0.17991756200790404 0.47290896490216255 -0.01835259050130844
v -0.18449999969452618 0.47290896490216255 -0.016454482451081276
v -0.18843502849340438 0.47290896490216255 -0.013435028493404388
v -0.19145448245108126 0.47290896490216255 -0.009499999694526196
v -0.19335259050130843 0.47290896490216255 -0.004917562007904053
v -0.19399999938905238 0.47290896490216255 -4.653657742038617e-18
v -0.19942592941224574 0.46910968847572804 0
v -0.19859363622963427 0.46910968847572804 0.006321895867586136
v -0.1961534760892391 0.46910968847572804 0.012212964706122875
v -0.19227174036204814 0.46910968847572804 0.01727174036204815
v -0.18721296470612286 0.46910968847572804 0.02115347608923912
v -0.18132189586758612 0.46910968847572804 0.023593636229634285
v -0.175 0.46910968847572804 0.02442592941224575
v -0.16867810413241385 0.46910968847572804 0.023593636229634285
v -0.1627870352938771 0.46910968847572804 0.02115347608923912
v -0.15772825963795184 0.46910968847572804 0.01727174036204815
v -0.15384652391076087 0.46910968847572804 0.012212964706122875
v -0.1514063637703657 0.46910968847572804 0.006321895867586136
v -0.15057407058775424 0.46910968847572804 2.991313603635966e-18
v -0.1514063637703657 0.46910968847572804 -0.006321895867586136
v -0.15384652391076087 0.46910968847572804 -0.012212964706122875
v -0.15772825963795184 0.46910968847572804 -0.01727174036204815
v -0.1627870352938771 0.46910968847572804 -0.02115347608923912
v -0.16867810413241385 0.46910968847572804 -0.023593636229634285
v -0.175 0.46910968847572804 -0.02442592941224575
v -0.18132189586758612 0.46910968847572804 -0.023593636229634285
v -0.18721296470612286 0.46910968847572804 -0.02115347608923912
v -0.19227174036204814 0.46910968847572804 -0.01727174036204815
v -0.1961534760892391 0.46910968847572804 -0.012212964706122875
v -0.19859363622963427 0.46910968847572804 -0.006321895867586136
v -0.19942592941224574 0.46910968847572804 -5.982627207271932e-18
v -0.20410968847572802 0.46442592941224575 0
v -0.20311780013144015 0.46442592941224575 0.007534141652286053
v -0.20020973049104213 0.46442592941224575 0.014554844237864017
v -0.19558365754783152 0.46442592941224575 0.020583657547831535
v -0.189554844237864 0.46442592941224575 0.025209730491042137
v -0.18253414165228604 0.46442592941224575 0.028117800131440163
v -0.175 0.46442592941224575 0.029109688475728035
v -0.16746585834771394 0.46442592941224575 0.028117800131440163
v -0.16044515576213597 0.46442592941224575 0.025209730491042137
v -0.15441634245216845 0.46442592941224575 0.020583657547831535
v -0.14979026950895785 0.46442592941224575 0.014554844237864017
v -0.14688219986855983 0.46442592941224575 0.007534141652286053
v -0.14589031152427195 0.46442592941224575 3.564908557725909e-18
v -0.14688219986855983 0.46442592941224575 -0.007534141652286053
v -0.14979026950895785 0.46442592941224575 -0.014554844237864017
v -0.15441634245216845 0.46442592941224575 -0.020583657547831535
v -0.16044515576213597 0.46442592941224575 -0.025209730491042137
v -0.16746585834771394 0.46442592941224575 -0.028117800131440163
v -0.175 0.46442592941224575 -0.029109688475728035
v -0.18253414165228604 0.46442592941224575 -0.028117800131440163
v -0.189554844237864 0.46442592941224575 -0.025209730491042137
v -0.19558365754783152 0.46442592941224575 -0.020583657547831535
v -0.20020973049104213 0.46442592941224575 -0.014554844237864017
v -0.20311780013144015 0.46442592941224575 -0.007534141652286053
v -0.20410968847572802 0.46442592941224575 -7.129817115451818e-18
v -0.20790896490216254 0.4589999993890524 0
v -0.20678761899471282 0.4589999993890524 0.00851746741682291
v -0.20350000001490115 0.4589999993890524 0.016454482451081276
v -0.19827015250921248 0.4589999993890524 0.023270152509212494
v -0.19145448245108126 0.4589999993890524 0.02850000001490116
v -0.1835174674168229 0.4589999993890524 0.03178761899471283
v -0.175 0.4589999993890524 0.03290896490216255
v -0.16648253258317708 0.4589999993890524 0.03178761899471283
v -0.1585455175489187 0.4589999993890524 0.02850000001490116
v -0.1517298474907875 0.4589999993890524 0.023270152509212494
v -0.14649999998509883 0.4589999993890524 0.016454482451081276
v -0.14321238100528716 0.4589999993890524 0.00851746741682291
v -0.14209103509783744 0.4589999993890524 4.030186071758411e-18
v -0.14321238100528716 0.4589999993890524 -0.00851746741682291
v -0.14649999998509883 0.4589999993890524 -0.016454482451081276
v -0.1517298474907875 0.4589999993890524 -0.023270152509212494
v -0.1585455175489187 0.4589999993890524 -0.02850000001490116
v -0.16648253258317708 0.4589999993890524 -0.03178761899471283
v -0.175 0.4589999993890524 -0.03290896490216255
v -0.1835174674168229 0.4589999993890524 -0.03178761899471283
v -0.19145448245108126 0.4589999993890524 -0.02850000001490116
v -0.19827015250921248 0.4589999993890524 -0.023270152509212494
v -0.20350000001490115 0.4589999993890524 -0.016454482451081276
v -0.20678761899471282 0.4589999993890524 -0.00851746741682291
v -0.20790896490216254 0.4589999993890524 -8.060372143516822e-18
v -0.21070831939578055 0.45299676578491926 0
v -0.2094915874302387 0.45299676578491926 0.00924199353903532
v -0.20592431277036666 0.45299676578491926 0.01785415969789028
v -0.20024959482252597 0.45299676578491926 0.025249594822525978
v -0.19285415969789027 0.45299676578491926 0.03092431277036667
v -0.1842419935390353 0.45299676578491926 0.034491587430238724
v -0.175 0.45299676578491926 0.03570831939578056
v -0.16575800646096467 0.45299676578491926 0.034491587430238724
v -0.1571458403021097 0.45299676578491926 0.03092431277036667
v -0.149750405177474 0.45299676578491926 0.025249594822525978
v -0.14407568722963332 0.45299676578491926 0.01785415969789028
v -0.14050841256976127 0.45299676578491926 0.00924199353903532
v -0.13929168060421943 0.45299676578491926 4.373007767908563e-18
v -0.14050841256976127 0.45299676578491926 -0.00924199353903532
v -0.14407568722963332 0.45299676578491926 -0.01785415969789028
v -0.149750405177474 0.45299676578491926 -0.025249594822525978
v -0.1571458403021097 0.45299676578491926 -0.03092431277036667
v -0.16575800646096467 0.45299676578491926 -0.034491587430238724
v -0.175 0.45299676578491926 -0.03570831939578056
v -0.1842419935390353 0.45299676578491926 -0.034491587430238724
v -0.19285415969789027 0.45299676578491926 -0.03092431277036667
v -0.20024959482252597 0.45299676578491926 -0.025249594822525978
v -0.20592431277036666 0.45299676578491926 -0.01785415969789028
v -0.2094915874302387 0.45299676578491926 -0.00924199353903532
v -0.21070831939578055 0.45299676578491926 -8.746015535817127e-18
v -0.21242269426584243 0.44659863092005253 0
v -0.2111475460231304 0.44659863092005253 0.009685706347227097
v -0.20740900486707686 0.44659863092005253 0.01871134713292122
v -0.20146184153854846 0.44659863092005253 0.02646184153854847
v -0.1937113471329212 0.44659863092005253 0.032409004867076874
v -0.18468570634722709 0.44659863092005253 0.03614754602313042
v -0.175 0.44659863092005253 0.03742269426584244
v -0.1653142936527729 0.44659863092005253 0.03614754602313042
v -0.15628865286707877 0.44659863092005253 0.032409004867076874
v -0.14853815846145152 0.44659863092005253 0.02646184153854847
v -0.14259099513292312 0.44659863092005253 0.01871134713292122
v -0.13885245397686957 0.44659863092005253 0.009685706347227097
v -0.13757730573415755 0.44659863092005253 4.582958201493404e-18
v -0.13885245397686957 0.44659863092005253 -0.009685706347227097
v -0.14259099513292312 0.44659863092005253 -0.01871134713292122
v -0.14853815846145152 0.44659863092005253 -0.02646184153854847
v -0.15628865286707877 0.44659863092005253 -0.032409004867076874
v -0.1653142936527729 0.44659863092005253 -0.03614754602313042
v -0.175 0.44659863092005253 -0.03742269426584244
v -0.18468570634722709 0.44659863092005253 -0.03614754602313042
v -0.1937113471329212 0.44659863092005253 -0.032409004867076874
v -0.20146184153854846 0.44659863092005253 -0.02646184153854847
v -0.20740900486707686 0.44659863092005253 -0.01871134713292122
v -0.2111475460231304 0.44659863092005253 -0.009685706347227097
v -0.21242269426584243 0.44659863092005253 -9.165916402986808e-18
v -0.21299999877810477 0.44 0
v -0.21170518100261687 0.44 0.009835124015808105
v -0.20790896490216254 0.44 0.01899999938905239
v -0.20187005698680877 0.44 0.026870056986808777
v -0.19399999938905238 0.44 0.03290896490216255
v -0.1848351240158081 0.44 0.03670518100261688
v -0.175 0.44 0.03799999877810478
v -0.16516487598419188 0.44 0.03670518100261688
v -0.1560000006109476 0.44 0.03290896490216255
v -0.1481299430131912 0.44 0.026870056986808777
v -0.14209103509783744 0.44 0.01899999938905239
v -0.1382948189973831 0.44 0.009835124015808105
v -0.1370000012218952 0.44 4.653657742038617e-18
v -0.1382948189973831 0.44 -0.009835124015808105
v -0.14209103509783744 0.44 -0.01899999938905239
v -0.1481299430131912 0.44 -0.026870056986808777
v -0.1560000006109476 0.44 -0.03290896490216255
v -0.16516487598419188 0.44 -0.03670518100261688
v -0.175 0.44 -0.03799999877810478
v -0.1848351240158081 0.44 -0.03670518100261688
v -0.19399999938905238 0.44 -0.03290896490216255
v -0.20187005698680877 0.44 -0.026870056986808777
v -0.20790896490216254 0.44 -0.01899999938905239
v -0.21170518100261687 0.44 -0.009835124015808105
v -0.21299999877810477 0.44 -9.307315484077235e-18
v -0.21242269426584243 0.4334013690799475 0
v -0.2111475460231304 0.4334013690799475 0.009685706347227097
v -0.20740900486707686 0.4334013690799475 0.01871134713292122
v -0.20146184153854846 0.4334013690799475 0.02646184153854847
v -0.1937113471329212 0.4334013690799475 0.032409004867076874
v -0.18468570634722709 0.4334013690799475 0.03614754602313042
v -0.175 0.4334013690799475 0.03742269426584244
v -0.1653142936527729 0.4334013690799475 0.03614754602313042
v -0.15628865286707877 0.4334013690799475 0.032409004867076874
v -0.14853815846145152 0.4334013690799475 0.02646184153854847
v -0.14259099513292312 0.4334013690799475 0.01871134713292122
v -0.13885245397686957 0.4334013690799475 0.009685706347227097
v -0.13757730573415755 0.4334013690799475 4.582958201493404e-18
v -0.13885245397686957 0.4334013690799475 -0.009685706347227097
v -0.14259099513292312 0.4334013690799475 -0.01871134713292122
v -0.14853815846145152 0.4334013690799475 -0.02646184153854847
v -0.15628865286707877 0.4334013690799475 -0.032409004867076874
v -0.1653142936527729 0.4334013690799475 -0.03614754602313042
v -0.175 0.4334013690799475 -0.03742269426584244
v -0.18468570634722709 0.4334013690799475 -0.03614754602313042
v -0.1937113471329212 0.4334013690799475 -0.032409004867076874
v -0.20146184153854846 0.4334013690799475 -0.02646184153854847
v -0.20740900486707686 0.4334013690799475 -0.01871134713292122
v -0.2111475460231304 0.4334013690799475 -0.009685706347227097
v -0.21242269426584243 0.4334013690799475 -9.165916402986808e-18
v -0.21070831939578055 0.42700323421508074 0
v -0.2094915874302387 0.42700323421508074 0.00924199353903532
v -0.20592431277036666 0.42700323421508074 0.01785415969789028
v -0.20024959482252597 0.42700323421508074 0.025249594822525978
v -0.19285415969789027 0.42700323421508074 0.03092431277036667
v -0.1842419935390353 0.42700323421508074 0.034491587430238724
v -0.175 0.42700323421508074 0.03570831939578056
v -0.16575800646096467 0.42700323421508074 0.034491587430238724
v -0.1571458403021097 0.42700323421508074 0.03092431277036667
v -0.149750405177474 0.42700323421508074 0.025249594822525978
v -0.14407568722963332 0.42700323421508074 0.01785415969789028
v -0.14050841256976127 0.42700323421508074 0.00924199353903532
v -0.13929168060421943 0.42700323421508074 4.373007767908563e-18
v -0.14050841256976127 0.42700323421508074 -0.00924199353903532
v -0.14407568722963332 0.42700323421508074 -0.01785415969789028
v -0.149750405177474 0.42700323421508074 -0.025249594822525978
v -0.1571458403021097 0.42700323421508074 -0.03092431277036667
v -0.16575800646096467 0.42700323421508074 -0.034491587430238724
v -0.175 0.42700323421508074 -0.03570831939578056
v -0.1842419935390353 0.42700323421508074 -0.034491587430238724
v -0.19285415969789027 0.42700323421508074 -0.03092431277036667
v -0.20024959482252597 0.42700323421508074 -0.025249594822525978
v -0.20592431277036666 0.42700323421508074 -0.01785415969789028
v -0.2094915874302387 0.42700323421508074 -0.00924199353903532
v -0.21070831939578055 0.42700323421508074 -8.746015535817127e-18
v -0.20790896490216254 0.4210000006109476 0
v -0.20678761899471282 0.4210000006109476 0.00851746741682291
v -0.20350000001490115 0.4210000006109476 0.016454482451081276
v -0.19827015250921248 0.4210000006109476 0.023270152509212494
v -0.19145448245108126 0.4210000006109476 0.02850000001490116
v -0.1835174674168229 0.4210000006109476 0.03178761899471283
v -0.175 0.4210000006109476 0.03290896490216255
v -0.16648253258317708 0.4210000006109476 0.03178761899471283
v -0.1585455175489187 0.4210000006109476 0.02850000001490116
v -0.1517298474907875 0.4210000006109476 0.023270152509212494
v -0.14649999998509883 0.4210000006109476 0.016454482451081276
v -0.14321238100528716 0.4210000006109476 0.00851746741682291
v -0.14209103509783744 0.4210000006109476 4.030186071758411e-18
v -0.14321238100528716 0.4210000006109476 -0.00851746741682291
v -0.14649999998509883 0.4210000006109476 -0.016454482451081276
v -0.1517298474907875 0.4210000006109476 -0.023270152509212494
v -0.1585455175489187 0.4210000006109476 -0.02850000001490116
v -0.16648253258317708 0.4210000006109476 -0.03178761899471283
v -0.175 0.4210000006109476 -0.03290896490216255
v -0.1835174674168229 0.4210000006109476 -0.03178761899471283
v -0.19145448245108126 0.4210000006109476 -0.02850000001490116
v -0.19827015250921248 0.4210000006109476 -0.023270152509212494
v -0.20350000001490115 0.4210000006109476 -0.016454482451081276
v -0.20678761899471282 0.4210000006109476 -0.00851746741682291
v -0.20790896490216254 0.4210000006109476 -8.060372143516822e-18
v -0.20410968847572802 0.41557407058775425 0
v -0.20311780013144015 0.41557407058775425 0.007534141652286053
v -0.20020973049104213 0.41557407058775425 0.014554844237864017
v -0.19558365754783152 0.41557407058775425 0.020583657547831535
v -0.189554844237864 0.41557407058775425 0.025209730491042137
v -0.18253414165228604 0.41557407058775425 0.028117800131440163
v -0.175 0.41557407058775425 0.029109688475728035
v -0.16746585834771394 0.41557407058775425 0.028117800131440163
v -0.16044515576213597 0.41557407058775425 0.025209730491042137
v -0.15441634245216845 0.41557407058775425 0.020583657547831535
v -0.14979026950895785 0.41557407058775425 0.014554844237864017
v -0.14688219986855983 0.41557407058775425 0.007534141652286053
v -0.14589031152427195 0.41557407058775425 3.564908557725909e-18
v -0.14688219986855983 0.41557407058775425 -0.007534141652286053
v -0.14979026950895785 0.41557407058775425 -0.014554844237864017
v -0.15441634245216845 0.41557407058775425 -0.020583657547831535
v -0.16044515576213597 0.41557407058775425 -0.025209730491042137
v -0.16746585834771394 0.41557407058775425 -0.028117800131440163
v -0.175 0.41557407058775425 -0.029109688475728035
v -0.18253414165228604 0.41557407058775425 -0.028117800131440163
v -0.189554844237864 0.41557407058775425 -0.025209730491042137
v -0.19558365754783152 0.41557407058775425 -0.020583657547831535
v -0.20020973049104213 0.41557407058775425 -0.014554844237864017
v -0.20311780013144015 0.41557407058775425 -0.007534141652286053
v -0.20410968847572802 0.41557407058775425 -7.129817115451818e-18
v -0.19942592941224574 0.41089031152427197 0
v -0.19859363622963427 0.41089031152427197 0.006321895867586136
v -0.1961534760892391 0.41089031152427197 0.012212964706122875
v -0.19227174036204814 0.41089031152427197 0.01727174036204815
v -0.18721296470612286 0.41089031152427197 0.02115347608923912
v -0.18132189586758612 0.41089031152427197 0.023593636229634285
v -0.175 0.41089031152427197 0.02442592941224575
v -0.16867810413241385 0.41089031152427197 0.023593636229634285
v -0.1627870352938771 0.41089031152427197 0.02115347608923912
v -0.15772825963795184 0.41089031152427197 0.01727174036204815
v -0.15384652391076087 0.41089031152427197 0.012212964706122875
v -0.1514063637703657 0.41089031152427197 0.006321895867586136
v -0.15057407058775424 0.41089031152427197 2.991313603635966e-18
v -0.1514063637703657 0.41089031152427197 -0.006321895867586136
v -0.15384652391076087 0.41089031152427197 -0.012212964706122875
v -0.15772825963795184 0.41089031152427197 -0.01727174036204815
v -0.1627870352938771 0.41089031152427197 -0.02115347608923912
v -0.16867810413241385 0.41089031152427197 -0.023593636229634285
v -0.175 0.41089031152427197 -0.02442592941224575
v -0.18132189586758612 0.41089031152427197 -0.023593636229634285
v -0.18721296470612286 0.41089031152427197 -0.02115347608923912
v -0.19227174036204814 0.41089031152427197 -0.01727174036204815
v -0.1961534760892391 0.41089031152427197 -0.012212964706122875
v -0.19859363622963427 0.41089031152427197 -0.006321895867586136
v -0.19942592941224574 0.41089031152427197 -5.982627207271932e-18
v -0.19399999938905238 0.40709103509783745 0
v -0.19335259050130843 0.40709103509783745 0.004917562007904053
v -0.19145448245108126 0.40709103509783745 0.009499999694526196
v -0.18843502849340438 0.40709103509783745 0.013435028493404388
v -0.18449999969452618 0.40709103509783745 0.016454482451081276
v -0.17991756200790404 0.40709103509783745 0.01835259050130844
v -0.175 0.40709103509783745 0.01899999938905239
v -0.17008243799209594 0.40709103509783745 0.01835259050130844
v -0.1655000003054738 0.40709103509783745 0.016454482451081276
v -0.1615649715065956 0.40709103509783745 0.013435028493404388
v -0.1585455175489187 0.40709103509783745 0.009499999694526196
v -0.15664740949869155 0.40709103509783745 0.004917562007904053
v -0.1560000006109476 0.40709103509783745 2.3268288710193087e-18
v -0.15664740949869155 0.40709103509783745 -0.004917562007904053
v -0.1585455175489187 0.40709103509783745 -0.009499999694526196
v -0.1615649715065956 0.40709103509783745 -0.013435028493404388
v -0.1655000003054738 0.40709103509783745 -0.016454482451081276
v -0.17008243799209594 0.40709103509783745 -0.01835259050130844
v -0.175 0.40709103509783745 -0.01899999938905239
v -0.17991756200790404 0.40709103509783745 -0.01835259050130844
v -0.18449999969452618 0.40709103509783745 -0.016454482451081276
v -0.18843502849340438 0.40709103509783745 -0.013435028493404388
v -0.19145448245108126 0.40709103509783745 -0.009499999694526196
v -0.19335259050130843 0.40709103509783745 -0.004917562007904053
v -0.19399999938905238 0.40709103509783745 -4.653657742038617e-18
v -0.18799676578491925 0.40429168060421944 0
v -0.18755391165614127 0.40429168060421944 0.0033638104796409607
v -0.18625552877783774 0.40429168060421944 0.006498382892459631
v -0.1841901011765003 0.40429168060421944 0.00919010117650032
v -0.18149838289245962 0.40429168060421944 0.011255528777837753
v -0.17836381047964095 0.40429168060421944 0.012553911656141281
v -0.175 0.40429168060421944 0.012996765784919262
v -0.17163618952035903 0.40429168060421944 0.012553911656141281
v -0.16850161710754036 0.40429168060421944 0.011255528777837753
v -0.16580989882349967 0.40429168060421944 0.00919010117650032
v -0.16374447122216224 0.40429168060421944 0.006498382892459631
v -0.1624460883438587 0.40429168060421944 0.0033638104796409607
v -0.16200323421508073 0.40429168060421944 1.5916447012550145e-18
v -0.1624460883438587 0.40429168060421944 -0.0033638104796409607
v -0.16374447122216224 0.40429168060421944 -0.006498382892459631
v -0.16580989882349967 0.40429168060421944 -0.00919010117650032
v -0.16850161710754036 0.40429168060421944 -0.011255528777837753
v -0.17163618952035903 0.40429168060421944 -0.012553911656141281
v -0.175 0.40429168060421944 -0.012996765784919262
v -0.17836381047964095 0.40429168060421944 -0.012553911656141281
v -0.18149838289245962 0.40429168060421944 -0.011255528777837753
v -0.1841901011765003 0.40429168060421944 -0.00919010117650032
v -0.18625552877783774 0.40429168060421944 -0.006498382892459631
v -0.18755391165614127 0.40429168060421944 -0.0033638104796409607
v -0.18799676578491925 0.40429168060421944 -3.183289402510029e-18
v -0.18159863092005252 0.40257730573415756 0
v -0.18137378776445984 0.40257730573415756 0.0017078513046726584
v -0.18071458181366323 0.40257730573415756 0.003299315460026264
v -0.17966593634337186 0.40257730573415756 0.004665936343371868
v -0.17829931546002625 0.40257730573415756 0.005714581813663244
v -0.17670785130467265 0.40257730573415756 0.006373787764459848
v -0.175 0.40257730573415756 0.006598630920052528
v -0.17329214869532733 0.40257730573415756 0.006373787764459848
v -0.17170068453997372 0.40257730573415756 0.005714581813663244
v -0.17033406365662812 0.40257730573415756 0.004665936343371868
v -0.16928541818633674 0.40257730573415756 0.003299315460026264
v -0.16862621223554014 0.40257730573415756 0.0017078513046726584
v -0.16840136907994746 0.40257730573415756 8.080992101826544e-19
v -0.16862621223554014 0.40257730573415756 -0.0017078513046726584
v -0.16928541818633674 0.40257730573415756 -0.003299315460026264
v -0.17033406365662812 0.40257730573415756 -0.004665936343371868
v -0.17170068453997372 0.40257730573415756 -0.005714581813663244
v -0.17329214869532733 0.40257730573415756 -0.006373787764459848
v -0.175 0.40257730573415756 -0.006598630920052528
v -0.17670785130467265 0.40257730573415756 -0.006373787764459848
v -0.17829931546002625 0.40257730573415756 -0.005714581813663244
v -0.17966593634337186 0.40257730573415756 -0.004665936343371868
v -0.18071458181366323 0.40257730573415756 -0.003299315460026264
v -0.18137378776445984 0.40257730573415756 -0.0017078513046726584
v -0.18159863092005252 0.40257730573415756 -1.6161984203653089e-18
v -0.175 0.4020000012218952 0
v -0.175 0.4020000012218952 1.2044553117942025e-18
v -0.175 0.4020000012218952 2.3268288710193087e-18
v -0.175 0.4020000012218952 3.2906330441913417e-18
v -0.175 0.4020000012218952 4.030186071758411e-18
v -0.175 0.4020000012218952 4.495088459383121e-18
v -0.175 0.4020000012218952 4.653657742038617e-18
v -0.175 0.4020000012218952 4.495088459383121e-18
v -0.175 0.4020000012218952 4.030186071758411e-18
v -0.175 0.4020000012218952 3.2906330441913417e-18
v -0.175 0.4020000012218952 2.3268288710193087e-18
v -0.175 0.4020000012218952 1.2044553117942025e-18
v -0.175 0.4020000012218952 5.69908727213179e-34
v -0.175 0.4020000012218952 -1.2044553117942025e-18
v -0.175 0.4020000012218952 -2.3268288710193087e-18
v -0.175 0.4020000012218952 -3.2906330441913417e-18
v -0.175 0.4020000012218952 -4.030186071758411e-18
v -0.175 0.4020000012218952 -4.495088459383121e-18
v -0.175 0.4020000012218952 -4.653657742038617e-18
v -0.175 0.4020000012218952 -4.495088459383121e-18
v -0.175 0.4020000012218952 -4.030186071758411e-18
v -0.175 0.4020000012218952 -3.2906330441913417e-18
v -0.175 0.4020000012218952 -2.3268288710193087e-18
v -0.175 0.4020000012218952 -1.2044553117942025e-18
v -0.175 0.4020000012218952 -1.139817454426358e-33
vt 0.02083333395421505 1
vt 0.0625 1
vt 0.1041666641831398 1
vt 0.1458333283662796 1
vt 0.1875 1
vt 0.2291666716337204 1
vt 0.2708333432674408 1
vt 0.3125 1
vt 0.3541666567325592 1
vt 0.3958333432674408 1
vt 0.4375 1
vt 0.4791666567325592 1
vt 0.5208333134651184 1
vt 0.5625 1
vt 0.6041666865348816 1
vt 0.6458333134651184 1
vt 0.6875 1
vt 0.7291666865348816 1
vt 0.7708333134651184 1
vt 0.8125 1
vt 0.8541666865348816 1
vt 0.8958333134651184 1
vt 0.9375 1
vt 0.9791666865348816 1
vt 1.0208333730697632 1
vt 0 0.9444444179534912
vt 0.0416666679084301 0.9444444179534912
vt 0.0833333358168602 0.9444444179534912
vt 0.125 0.9444444179534912
vt 0.1666666716337204 0.9444444179534912
vt 0.2083333283662796 0.9444444179534912
vt 0.25 0.9444444179534912
vt 0.2916666567325592 0.9444444179534912
vt 0.3333333432674408 0.9444444179534912
vt 0.375 0.9444444179534912
vt 0.4166666567325592 0.9444444179534912
vt 0.4583333432674408 0.9444444179534912
vt 0.5 0.9444444179534912
vt 0.5416666865348816 0.9444444179534912
vt 0.5833333134651184 0.9444444179534912
vt 0.625 0.9444444179534912
vt 0.6666666865348816 0.9444444179534912
vt 0.7083333134651184 0.9444444179534912
vt 0.75 0.9444444179534912
vt 0.7916666865348816 0.9444444179534912
vt 0.8333333134651184 0.9444444179534912
vt 0.875 0.9444444179534912
vt 0.9166666865348816 0.9444444179534912
vt 0.9583333134651184 0.9444444179534912
vt 1 0.9444444179534912
vt 0 0.8888888955116272
vt 0.0416666679084301 0.8888888955116272
vt 0.0833333358168602 0.8888888955116272
vt 0.125 0.8888888955116272
vt 0.1666666716337204 0.8888888955116272
vt 0.2083333283662796 0.8888888955116272
vt 0.25 0.8888888955116272
vt 0.2916666567325592 0.8888888955116272
vt 0.3333333432674408 0.8888888955116272
vt 0.375 0.8888888955116272
vt 0.4166666567325592 0.8888888955116272
vt 0.4583333432674408 0.8888888955116272
vt 0.5 0.8888888955116272
vt 0.5416666865348816 0.8888888955116272
vt 0.5833333134651184 0.8888888955116272
vt 0.625 0.8888888955116272
vt 0.6666666865348816 0.8888888955116272
vt 0.7083333134651184 0.8888888955116272
vt 0.75 0.8888888955116272
vt 0.7916666865348816 0.8888888955116272
vt 0.8333333134651184 0.8888888955116272
vt 0.875 0.8888888955116272
vt 0.9166666865348816 0.8888888955116272
vt 0.9583333134651184 0.8888888955116272
vt 1 0.8888888955116272
vt 0 0.8333333134651184
vt 0.0416666679084301 0.8333333134651184
vt 0.0833333358168602 0.8333333134651184
vt 0.125 0.8333333134651184
vt 0.1666666716337204 0.8333333134651184
vt 0.2083333283662796 0.8333333134651184
vt 0.25 0.8333333134651184
vt 0.2916666567325592 0.8333333134651184
vt 0.3333333432674408 0.8333333134651184
vt 0.375 0.8333333134651184
vt 0.4166666567325592 0.8333333134651184
vt 0.4583333432674408 0.8333333134651184
vt 0.5 0.8333333134651184
vt 0.5416666865348816 0.8333333134651184
vt 0.5833333134651184 0.8333333134651184
vt 0.625 0.8333333134651184
vt 0.6666666865348816 0.8333333134651184
vt 0.7083333134651184 0.8333333134651184
vt 0.75 0.8333333134651184
vt 0.7916666865348816 0.8333333134651184
vt 0.8333333134651184 0.8333333134651184
vt 0.875 0.8333333134651184
vt 0.9166666865348816 0.8333333134651184
vt 0.9583333134651184 0.8333333134651184
vt 1 0.8333333134651184
vt 0 0.7777777910232544
vt 0.0416666679084301 0.7777777910232544
vt 0.0833333358168602 0.7777777910232544
vt 0.125 0.7777777910232544
vt 0.1666666716337204 0.7777777910232544
vt 0.2083333283662796 0.7777777910232544
vt 0.25 0.7777777910232544
vt 0.2916666567325592 0.7777777910232544
vt 0.3333333432674408 0.7777777910232544
vt 0.375 0.7777777910232544
vt 0.4166666567325592 0.7777777910232544
vt 0.4583333432674408 0.7777777910232544
vt 0.5 0.7777777910232544
vt 0.5416666865348816 0.7777777910232544
vt 0.5833333134651184 0.7777777910232544
vt 0.625 0.7777777910232544
vt 0.6666666865348816 0.7777777910232544
vt 0.7083333134651184 0.7777777910232544
vt 0.75 0.7777777910232544
vt 0.7916666865348816 0.7777777910232544
vt 0.8333333134651184 0.7777777910232544
vt 0.875 0.7777777910232544
vt 0.9166666865348816 0.7777777910232544
vt 0.9583333134651184 0.7777777910232544
vt 1 0.7777777910232544
vt 0 0.7222222089767456
vt 0.0416666679084301 0.7222222089767456
vt 0.0833333358168602 0.7222222089767456
vt 0.125 0.7222222089767456
vt 0.1666666716337204 0.7222222089767456
vt 0.2083333283662796 0.7222222089767456
vt 0.25 0.7222222089767456
vt 0.2916666567325592 0.7222222089767456
vt 0.3333333432674408 0.7222222089767456
vt 0.375 0.7222222089767456
vt 0.4166666567325592 0.7222222089767456
vt 0.4583333432674408 0.7222222089767456
vt 0.5 0.7222222089767456
vt 0.5416666865348816 0.7222222089767456
vt 0.5833333134651184 0.7222222089767456
vt 0.625 0.7222222089767456
vt 0.6666666865348816 0.7222222089767456
vt 0.7083333134651184 0.7222222089767456
vt 0.75 0.7222222089767456
vt 0.7916666865348816 0.7222222089767456
vt 0.8333333134651184 0.7222222089767456
vt 0.875 0.7222222089767456
vt 0.9166666865348816 0.7222222089767456
vt 0.9583333134651184 0.7222222089767456
vt 1 0.7222222089767456
vt 0 0.6666666865348816
vt 0.0416666679084301 0.6666666865348816
vt 0.0833333358168602 0.6666666865348816
vt 0.125 0.6666666865348816
vt 0.1666666716337204 0.6666666865348816
vt 0.2083333283662796 0.6666666865348816
vt 0.25 0.6666666865348816
vt 0.2916666567325592 0.6666666865348816
vt 0.3333333432674408 0.6666666865348816
vt 0.375 0.6666666865348816
vt 0.4166666567325592 0.6666666865348816
vt 0.4583333432674408 0.6666666865348816
vt 0.5 0.6666666865348816
vt 0.5416666865348816 0.6666666865348816
vt 0.5833333134651184 0.6666666865348816
vt 0.625 0.6666666865348816
vt 0.6666666865348816 0.6666666865348816
vt 0.7083333134651184 0.6666666865348816
vt 0.75 0.6666666865348816
vt 0.7916666865348816 0.6666666865348816
vt 0.8333333134651184 0.6666666865348816
vt 0.875 0.6666666865348816
vt 0.9166666865348816 0.6666666865348816
vt 0.9583333134651184 0.6666666865348816
vt 1 0.6666666865348816
vt 0 0.6111111044883728
vt 0.0416666679084301 0.6111111044883728
vt 0.0833333358168602 0.6111111044883728
vt 0.125 0.6111111044883728
vt 0.1666666716337204 0.6111111044883728
vt 0.2083333283662796 0.6111111044883728
vt 0.25 0.6111111044883728
vt 0.2916666567325592 0.6111111044883728
vt 0.3333333432674408 0.6111111044883728
vt 0.375 0.6111111044883728
vt 0.4166666567325592 0.6111111044883728
vt 0.4583333432674408 0.6111111044883728
vt 0.5 0.6111111044883728
vt 0.5416666865348816 0.6111111044883728
vt 0.5833333134651184 0.6111111044883728
vt 0.625 0.6111111044883728
vt 0.6666666865348816 0.6111111044883728
vt 0.7083333134651184 0.6111111044883728
vt 0.75 0.6111111044883728
vt 0.7916666865348816 0.6111111044883728
vt 0.8333333134651184 0.6111111044883728
vt 0.875 0.6111111044883728
vt 0.9166666865348816 0.6111111044883728
vt 0.9583333134651184 0.6111111044883728
vt 1 0.6111111044883728
vt 0 0.5555555820465088
vt 0.0416666679084301 0.5555555820465088
vt 0.0833333358168602 0.5555555820465088
vt 0.125 0.5555555820465088
vt 0.1666666716337204 0.5555555820465088
vt 0.2083333283662796 0.5555555820465088
vt 0.25 0.5555555820465088
vt 0.2916666567325592 0.5555555820465088
vt 0.3333333432674408 0.5555555820465088
vt 0.375 0.5555555820465088
vt 0.4166666567325592 0.5555555820465088
vt 0.4583333432674408 0.5555555820465088
vt 0.5 0.5555555820465088
vt 0.5416666865348816 0.5555555820465088
vt 0.5833333134651184 0.5555555820465088
vt 0.625 0.5555555820465088
vt 0.6666666865348816 0.5555555820465088
vt 0.7083333134651184 0.5555555820465088
vt 0.75 0.5555555820465088
vt 0.7916666865348816 0.5555555820465088
vt 0.8333333134651184 0.5555555820465088
vt 0.875 0.5555555820465088
vt 0.9166666865348816 0.5555555820465088
vt 0.9583333134651184 0.5555555820465088
vt 1 0.5555555820465088
vt 0 0.5
vt 0.0416666679084301 0.5
vt 0.0833333358168602 0.5
vt 0.125 0.5
vt 0.1666666716337204 0.5
vt 0.2083333283662796 0.5
vt 0.25 0.5
vt 0.2916666567325592 0.5
vt 0.3333333432674408 0.5
vt 0.375 0.5
vt 0.4166666567325592 0.5
vt 0.4583333432674408 0.5
vt 0.5 0.5
vt 0.5416666865348816 0.5
vt 0.5833333134651184 0.5
vt 0.625 0.5
vt 0.6666666865348816 0.5
vt 0.7083333134651184 0.5
vt 0.75 0.5
vt 0.7916666865348816 0.5
vt 0.8333333134651184 0.5
vt 0.875 0.5
vt 0.9166666865348816 0.5
vt 0.9583333134651184 0.5
vt 1 0.5
vt 0 0.4444444477558136
vt 0.0416666679084301 0.4444444477558136
vt 0.0833333358168602 0.4444444477558136
vt 0.125 0.4444444477558136
vt 0.1666666716337204 0.4444444477558136
vt 0.2083333283662796 0.4444444477558136
vt 0.25 0.4444444477558136
vt 0.2916666567325592 0.4444444477558136
vt 0.3333333432674408 0.4444444477558136
vt 0.375 0.4444444477558136
vt 0.4166666567325592 0.4444444477558136
vt 0.4583333432674408 0.4444444477558136
vt 0.5 0.4444444477558136
vt 0.5416666865348816 0.4444444477558136
vt 0.5833333134651184 0.4444444477558136
vt 0.625 0.4444444477558136
vt 0.6666666865348816 0.4444444477558136
vt 0.7083333134651184 0.4444444477558136
vt 0.75 0.4444444477558136
vt 0.7916666865348816 0.4444444477558136
vt 0.8333333134651184 0.4444444477558136
vt 0.875 0.4444444477558136
vt 0.9166666865348816 0.4444444477558136
vt 0.9583333134651184 0.4444444477558136
vt 1 0.4444444477558136
vt 0 0.3888888955116272
vt 0.0416666679084301 0.3888888955116272
vt 0.0833333358168602 0.3888888955116272
vt 0.125 0.3888888955116272
vt 0.1666666716337204 0.3888888955116272
vt 0.2083333283662796 0.3888888955116272
vt 0.25 0.3888888955116272
vt 0.2916666567325592 0.3888888955116272
vt 0.3333333432674408 0.3888888955116272
vt 0.375 0.3888888955116272
vt 0.4166666567325592 0.3888888955116272
vt 0.4583333432674408 0.3888888955116272
vt 0.5 0.3888888955116272
vt 0.5416666865348816 0.3888888955116272
vt 0.5833333134651184 0.3888888955116272
vt 0.625 0.3888888955116272
vt 0.6666666865348816 0.3888888955116272
vt 0.7083333134651184 0.3888888955116272
vt 0.75 0.3888888955116272
vt 0.7916666865348816 0.3888888955116272
vt 0.8333333134651184 0.3888888955116272
vt 0.875 0.3888888955116272
vt 0.9166666865348816 0.3888888955116272
vt 0.9583333134651184 0.3888888955116272
vt 1 0.3888888955116272
vt 0 0.3333333432674408
vt 0.0416666679084301 0.3333333432674408
vt 0.0833333358168602 0.3333333432674408
vt 0.125 0.3333333432674408
vt 0.1666666716337204 0.3333333432674408
vt 0.2083333283662796 0.3333333432674408
vt 0.25 0.3333333432674408
vt 0.2916666567325592 0.3333333432674408
vt 0.3333333432674408 0.3333333432674408
vt 0.375 0.3333333432674408
vt 0.4166666567325592 0.3333333432674408
vt 0.4583333432674408 0.3333333432674408
vt 0.5 0.3333333432674408
vt 0.5416666865348816 0.3333333432674408
vt 0.5833333134651184 0.3333333432674408
vt 0.625 0.3333333432674408
vt 0.6666666865348816 0.3333333432674408
vt 0.7083333134651184 0.3333333432674408
vt 0.75 0.3333333432674408
vt 0.7916666865348816 0.3333333432674408
vt 0.8333333134651184 0.3333333432674408
vt 0.875 0.3333333432674408
vt 0.9166666865348816 0.3333333432674408
vt 0.9583333134651184 0.3333333432674408
vt 1 0.3333333432674408
vt 0 0.2777777910232544
vt 0.0416666679084301 0.2777777910232544
vt 0.0833333358168602 0.2777777910232544
vt 0.125 0.2777777910232544
vt 0.1666666716337204 0.2777777910232544
vt 0.2083333283662796 0.2777777910232544
vt 0.25 0.2777777910232544
vt 0.2916666567325592 0.2777777910232544
vt 0.3333333432674408 0.2777777910232544
vt 0.375 0.2777777910232544
vt 0.4166666567325592 0.2777777910232544
vt 0.4583333432674408 0.2777777910232544
vt 0.5 0.2777777910232544
vt 0.5416666865348816 0.2777777910232544
vt 0.5833333134651184 0.2777777910232544
vt 0.625 0.2777777910232544
vt 0.6666666865348816 0.2777777910232544
vt 0.7083333134651184 0.2777777910232544
vt 0.75 0.2777777910232544
vt 0.7916666865348816 0.2777777910232544
vt 0.8333333134651184 0.2777777910232544
vt 0.875 0.2777777910232544
vt 0.9166666865348816 0.2777777910232544
vt 0.9583333134651184 0.2777777910232544
vt 1 0.2777777910232544
vt 0 0.2222222238779068
vt 0.0416666679084301 0.2222222238779068
vt 0.0833333358168602 0.2222222238779068
vt 0.125 0.2222222238779068
vt 0.1666666716337204 0.2222222238779068
vt 0.2083333283662796 0.2222222238779068
vt 0.25 0.2222222238779068
vt 0.2916666567325592 0.2222222238779068
vt 0.3333333432674408 0.2222222238779068
vt 0.375 0.2222222238779068
vt 0.4166666567325592 0.2222222238779068
vt 0.4583333432674408 0.2222222238779068
vt 0.5 0.2222222238779068
vt 0.5416666865348816 0.2222222238779068
vt 0.5833333134651184 0.2222222238779068
vt 0.625 0.2222222238779068
vt 0.6666666865348816 0.2222222238779068
vt 0.7083333134651184 0.2222222238779068
vt 0.75 0.2222222238779068
vt 0.7916666865348816 0.2222222238779068
vt 0.8333333134651184 0.2222222238779068
vt 0.875 0.2222222238779068
vt 0.9166666865348816 0.2222222238779068
vt 0.9583333134651184 0.2222222238779068
vt 1 0.2222222238779068
vt 0 0.1666666716337204
vt 0.0416666679084301 0.1666666716337204
vt 0.0833333358168602 0.1666666716337204
vt 0.125 0.1666666716337204
vt 0.1666666716337204 0.1666666716337204
vt 0.2083333283662796 0.1666666716337204
vt 0.25 0.1666666716337204
vt 0.2916666567325592 0.1666666716337204
vt 0.3333333432674408 0.1666666716337204
vt 0.375 0.1666666716337204
vt 0.4166666567325592 0.1666666716337204
vt 0.4583333432674408 0.1666666716337204
vt 0.5 0.1666666716337204
vt 0.5416666865348816 0.1666666716337204
vt 0.5833333134651184 0.1666666716337204
vt 0.625 0.1666666716337204
vt 0.6666666865348816 0.1666666716337204
vt 0.7083333134651184 0.1666666716337204
vt 0.75 0.1666666716337204
vt 0.7916666865348816 0.1666666716337204
vt 0.8333333134651184 0.1666666716337204
vt 0.875 0.1666666716337204
vt 0.9166666865348816 0.1666666716337204
vt 0.9583333134651184 0.1666666716337204
vt 1 0.1666666716337204
vt 0 0.1111111119389534
vt 0.0416666679084301 0.1111111119389534
vt 0.0833333358168602 0.1111111119389534
vt 0.125 0.1111111119389534
vt 0.1666666716337204 0.1111111119389534
vt 0.2083333283662796 0.1111111119389534
vt 0.25 0.1111111119389534
vt 0.2916666567325592 0.1111111119389534
vt 0.3333333432674408 0.1111111119389534
vt 0.375 0.1111111119389534
vt 0.4166666567325592 0.1111111119389534
vt 0.4583333432674408 0.1111111119389534
vt 0.5 0.1111111119389534
vt 0.5416666865348816 0.1111111119389534
vt 0.5833333134651184 0.1111111119389534
vt 0.625 0.1111111119389534
vt 0.6666666865348816 0.1111111119389534
vt 0.7083333134651184 0.1111111119389534
vt 0.75 0.1111111119389534
vt 0.7916666865348816 0.1111111119389534
vt 0.8333333134651184 0.1111111119389534
vt 0.875 0.1111111119389534
vt 0.9166666865348816 0.1111111119389534
vt 0.9583333134651184 0.1111111119389534
vt 1 0.1111111119389534
vt 0 0.0555555559694767
vt 0.0416666679084301 0.0555555559694767
vt 0.0833333358168602 0.0555555559694767
vt 0.125 0.0555555559694767
vt 0.1666666716337204 0.0555555559694767
vt 0.2083333283662796 0.0555555559694767
vt 0.25 0.0555555559694767
vt 0.2916666567325592 0.0555555559694767
vt 0.3333333432674408 0.0555555559694767
vt 0.375 0.0555555559694767
vt 0.4166666567325592 0.0555555559694767
vt 0.4583333432674408 0.0555555559694767
vt 0.5 0.0555555559694767
vt 0.5416666865348816 0.0555555559694767
vt 0.5833333134651184 0.0555555559694767
vt 0.625 0.0555555559694767
vt 0.6666666865348816 0.0555555559694767
vt 0.7083333134651184 0.0555555559694767
vt 0.75 0.0555555559694767
vt 0.7916666865348816 0.0555555559694767
vt 0.8333333134651184 0.0555555559694767
vt 0.875 0.0555555559694767
vt 0.9166666865348816 0.0555555559694767
vt 0.9583333134651184 0.0555555559694767
vt 1 0.0555555559694767
vt -0.02083333395421505 0
vt 0.02083333395421505 0
vt 0.0625 0
vt 0.1041666641831398 0
vt 0.1458333283662796 0
vt 0.1875 0
vt 0.2291666716337204 0
vt 0.2708333432674408 0
vt 0.3125 0
vt 0.3541666567325592 0
vt 0.3958333432674408 0
vt 0.4375 0
vt 0.4791666567325592 0
vt 0.5208333134651184 0
vt 0.5625 0
vt 0.6041666865348816 0
vt 0.6458333134651184 0
vt 0.6875 0
vt 0.7291666865348816 0
vt 0.7708333134651184 0
vt 0.8125 0
vt 0.8541666865348816 0
vt 0.8958333134651184 0
vt 0.9375 0
vt 0.9791666865348816 0
vn 0 1 0
vn 0 1 0
vn 0 1 0
vn 0 1 0
vn 0 1 0
vn 0 1 0
vn 0 1 0
vn 0 1 0
vn 0 1 0
vn 0 1 0
vn 0 1 0
vn 0 1 0
vn 0 1 0
vn 0 1 0
vn 0 1 0
vn 0 1 0
vn 0 1 0
vn 0 1 0
vn 0 1 0
vn 0 1 0
vn 0 1 0
vn 0 1 0
vn 0 1 0
vn 0 1 0
vn 0 1 0
vn -0.17364818253298778 0.9848077521541907 0
vn -0.16773125925786092 0.9848077530007592 0.044943456669109115
vn -0.15038372937358055 0.9848077533695775 0.08682409137364663
vn -0.12278780624471411 0.98480775244472 0.12278780624471411
vn -0.08682409137364663 0.9848077533695775 0.15038372937358055
vn -0.044943456669109115 0.9848077530007592 0.16773125925786092
vn -1.063288423843051e-17 0.9848077521541907 0.17364818253298778
vn 0.044943456669109115 0.9848077530007592 0.16773125925786092
vn 0.08682409137364663 0.9848077533695775 0.15038372937358055
vn 0.12278780624471411 0.98480775244472 0.12278780624471411
vn 0.15038372937358055 0.9848077533695775 0.08682409137364663
vn 0.16773125925786092 0.9848077530007592 0.044943456669109115
vn 0.17364818253298778 0.9848077521541907 2.126576847686102e-17
vn 0.16773125925786092 0.9848077530007592 -0.044943456669109115
vn 0.15038372937358055 0.9848077533695775 -0.08682409137364663
vn 0.12278780624471411 0.98480775244472 -0.12278780624471411
vn 0.08682409137364663 0.9848077533695775 -0.15038372937358055
vn 0.044943456669109115 0.9848077530007592 -0.16773125925786092
vn 3.189865271529153e-17 0.9848077521541907 -0.17364818253298778
vn -0.044943456669109115 0.9848077530007592 -0.16773125925786092
vn -0.08682409137364663 0.9848077533695775 -0.15038372937358055
vn -0.12278780624471411 0.98480775244472 -0.12278780624471411
vn -0.15038372937358055 0.9848077533695775 -0.08682409137364663
vn -0.16773125925786092 0.9848077530007592 -0.044943456669109115
vn -0.17364818253298778 0.9848077521541907 -4.253153695372204e-17
vn -0.34202015414019754 0.9396926168497417 0
vn -0.33036607804669044 0.9396926250180325 0.08852132490404258
vn -0.2961981308564289 0.9396926202776495 0.171010077693927
vn -0.2418447598717968 0.9396926222148952 0.2418447598717968
vn -0.171010077693927 0.9396926202776495 0.2961981308564289
vn -0.08852132490404258 0.9396926250180325 0.33036607804669044
vn -2.0942694414863748e-17 0.9396926168497417 0.34202015414019754
vn 0.08852132490404258 0.9396926250180325 0.33036607804669044
vn 0.171010077693927 0.9396926202776495 0.2961981308564289
vn 0.2418447598717968 0.9396926222148952 0.2418447598717968
vn 0.2961981308564289 0.9396926202776495 0.171010077693927
vn 0.33036607804669044 0.9396926250180325 0.08852132490404258
vn 0.34202015414019754 0.9396926168497417 4.1885388829727496e-17
vn 0.33036607804669044 0.9396926250180325 -0.08852132490404258
vn 0.2961981308564289 0.9396926202776495 -0.171010077693927
vn 0.2418447598717968 0.9396926222148952 -0.2418447598717968
vn 0.171010077693927 0.9396926202776495 -0.2961981308564289
vn 0.08852132490404258 0.9396926250180325 -0.33036607804669044
vn 6.282807993586879e-17 0.9396926168497417 -0.34202015414019754
vn -0.08852132490404258 0.9396926250180325 -0.33036607804669044
vn -0.171010077693927 0.9396926202776495 -0.2961981308564289
vn -0.2418447598717968 0.9396926222148952 -0.2418447598717968
vn -0.2961981308564289 0.9396926202776495 -0.171010077693927
vn -0.33036607804669044 0.9396926250180325 -0.08852132490404258
vn -0.34202015414019754 0.9396926168497417 -8.377077765945499e-17
vn -0.5000000067305869 0.8660253998985324 0
vn -0.4829629144900607 0.8660254028181172 0.12940952399643643
vn -0.43301270140648107 0.8660254028129621 0.25000000420661683
vn -0.3535533908144109 0.8660254036038809 0.3535533908144109
vn -0.25000000420661683 0.8660254028129621 0.43301270140648107
vn -0.12940952399643643 0.8660254028181172 0.4829629144900607
vn -3.06161717267588e-17 0.8660253998985324 0.5000000067305869
vn 0.12940952399643643 0.8660254028181172 0.4829629144900607
vn 0.25000000420661683 0.8660254028129621 0.43301270140648107
vn 0.3535533908144109 0.8660254036038809 0.3535533908144109
vn 0.43301270140648107 0.8660254028129621 0.25000000420661683
vn 0.4829629144900607 0.8660254028181172 0.12940952399643643
vn 0.5000000067305869 0.8660253998985324 6.12323434535176e-17
vn 0.4829629144900607 0.8660254028181172 -0.12940952399643643
vn 0.43301270140648107 0.8660254028129621 -0.25000000420661683
vn 0.3535533908144109 0.8660254036038809 -0.3535533908144109
vn 0.25000000420661683 0.8660254028129621 -0.43301270140648107
vn 0.12940952399643643 0.8660254028181172 -0.4829629144900607
vn 9.18485085628314e-17 0.8660253998985324 -0.5000000067305869
vn -0.12940952399643643 0.8660254028181172 -0.4829629144900607
vn -0.25000000420661683 0.8660254028129621 -0.43301270140648107
vn -0.3535533908144109 0.8660254036038809 -0.3535533908144109
vn -0.43301270140648107 0.8660254028129621 -0.25000000420661683
vn -0.4829629144900607 0.8660254028181172 -0.12940952399643643
vn -0.5000000067305869 0.8660253998985324 -1.224646869070352e-16
vn -0.6427876273097093 0.7660444283313822 0
vn -0.6208851444018412 0.7660444510357471 0.16636567103355587
vn -0.5566704185541628 0.7660444258191684 0.32139381260085575
vn -0.45451948113437757 0.7660444390103438 0.45451948113437757
vn -0.32139381260085575 0.7660444258191684 0.5566704185541628
vn -0.16636567103355587 0.7660444510357471 0.6208851444018412
vn -3.9359390489096047e-17 0.7660444283313822 0.6427876273097093
vn 0.16636567103355587 0.7660444510357471 0.6208851444018412
vn 0.32139381260085575 0.7660444258191684 0.5566704185541628
vn 0.45451948113437757 0.7660444390103438 0.45451948113437757
vn 0.5566704185541628 0.7660444258191684 0.32139381260085575
vn 0.6208851444018412 0.7660444510357471 0.16636567103355587
vn 0.6427876273097093 0.7660444283313822 7.871878097819209e-17
vn 0.6208851444018412 0.7660444510357471 -0.16636567103355587
vn 0.5566704185541628 0.7660444258191684 -0.32139381260085575
vn 0.45451948113437757 0.7660444390103438 -0.45451948113437757
vn 0.32139381260085575 0.7660444258191684 -0.5566704185541628
vn 0.16636567103355587 0.7660444510357471 -0.6208851444018412
vn 1.1807816484984333e-16 0.7660444283313822 -0.6427876273097093
vn -0.16636567103355587 0.7660444510357471 -0.6208851444018412
vn -0.32139381260085575 0.7660444258191684 -0.5566704185541628
vn -0.45451948113437757 0.7660444390103438 -0.45451948113437757
vn -0.5566704185541628 0.7660444258191684 -0.32139381260085575
vn -0.6208851444018412 0.7660444510357471 -0.16636567103355587
vn -0.6427876273097093 0.7660444283313822 -1.5743756195638419e-16
vn -0.7660444283313822 0.6427876273097093 0
vn -0.7399421089877467 0.6427876140962993 0.19826688707687073
vn -0.6634139343680269 0.6427876280671536 0.3830222146170346
vn -0.5416752071868176 0.6427876319891636 0.5416752071868176
vn -0.3830222146170346 0.6427876280671536 0.6634139343680269
vn -0.19826688707687073 0.6427876140962993 0.7399421089877467
vn -4.690669218302034e-17 0.6427876273097093 0.7660444283313822
vn 0.19826688707687073 0.6427876140962993 0.7399421089877467
vn 0.3830222146170346 0.6427876280671536 0.6634139343680269
vn 0.5416752071868176 0.6427876319891636 0.5416752071868176
vn 0.6634139343680269 0.6427876280671536 0.3830222146170346
vn 0.7399421089877467 0.6427876140962993 0.19826688707687073
vn 0.7660444283313822 0.6427876273097093 9.381338436604068e-17
vn 0.7399421089877467 0.6427876140962993 -0.19826688707687073
vn 0.6634139343680269 0.6427876280671536 -0.3830222146170346
vn 0.5416752071868176 0.6427876319891636 -0.5416752071868176
vn 0.3830222146170346 0.6427876280671536 -0.6634139343680269
vn 0.19826688707687073 0.6427876140962993 -0.7399421089877467
vn 1.4072008316650585e-16 0.6427876273097093 -0.7660444283313822
vn -0.19826688707687073 0.6427876140962993 -0.7399421089877467
vn -0.3830222146170346 0.6427876280671536 -0.6634139343680269
vn -0.5416752071868176 0.6427876319891636 -0.5416752071868176
vn -0.6634139343680269 0.6427876280671536 -0.3830222146170346
vn -0.7399421089877467 0.6427876140962993 -0.19826688707687073
vn -0.7660444283313822 0.6427876273097093 -1.8762676873208136e-16
vn -0.8660253998985324 0.5000000067305869 0
vn -0.8365163098292402 0.4999999934991265 0.2241438598100424
vn -0.75000000252397 0.5000000016826467 0.43301269557762184
vn -0.6123724412671231 0.4999999863530877 0.6123724412671231
vn -0.43301269557762184 0.5000000016826467 0.75000000252397
vn -0.2241438598100424 0.4999999934991265 0.8365163098292402
vn -5.302876307448087e-17 0.5000000067305869 0.8660253998985324
vn 0.2241438598100424 0.4999999934991265 0.8365163098292402
vn 0.43301269557762184 0.5000000016826467 0.75000000252397
vn 0.6123724412671231 0.4999999863530877 0.6123724412671231
vn 0.75000000252397 0.5000000016826467 0.43301269557762184
vn 0.8365163098292402 0.4999999934991265 0.2241438598100424
vn 0.8660253998985324 0.5000000067305869 1.0605752614896174e-16
vn 0.8365163098292402 0.4999999934991265 -0.2241438598100424
vn 0.75000000252397 0.5000000016826467 -0.43301269557762184
vn 0.6123724412671231 0.4999999863530877 -0.6123724412671231
vn 0.43301269557762184 0.5000000016826467 -0.75000000252397
vn 0.2241438598100424 0.4999999934991265 -0.8365163098292402
vn 1.5908628922344263e-16 0.5000000067305869 -0.8660253998985324
vn -0.2241438598100424 0.4999999934991265 -0.8365163098292402
vn -0.43301269557762184 0.5000000016826467 -0.75000000252397
vn -0.6123724412671231 0.4999999863530877 -0.6123724412671231
vn -0.75000000252397 0.5000000016826467 -0.43301269557762184
vn -0.8365163098292402 0.4999999934991265 -0.2241438598100424
vn -0.8660253998985324 0.5000000067305869 -2.1211505229792348e-16
vn -0.9396926168497417 0.34202015414019754 0
vn -0.907673366001039 0.3420201566685744 0.2432103474047673
vn -0.8137976695364079 0.34202016106628175 0.4698463179395005
vn -0.6644630241649965 0.3420201441947748 0.6644630241649965
vn -0.4698463179395005 0.34202016106628175 0.8137976695364079
vn -0.2432103474047673 0.3420201566685744 0.907673366001039
vn -5.753957678794917e-17 0.34202015414019754 0.9396926168497417
vn 0.2432103474047673 0.3420201566685744 0.907673366001039
vn 0.4698463179395005 0.34202016106628175 0.8137976695364079
vn 0.6644630241649965 0.3420201441947748 0.6644630241649965
vn 0.8137976695364079 0.34202016106628175 0.4698463179395005
vn 0.907673366001039 0.3420201566685744 0.2432103474047673
vn 0.9396926168497417 0.34202015414019754 1.1507915357589834e-16
vn 0.907673366001039 0.3420201566685744 -0.2432103474047673
vn 0.8137976695364079 0.34202016106628175 -0.4698463179395005
vn 0.6644630241649965 0.3420201441947748 -0.6644630241649965
vn 0.4698463179395005 0.34202016106628175 -0.8137976695364079
vn 0.2432103474047673 0.3420201566685744 -0.907673366001039
vn 1.7261873698129241e-16 0.34202015414019754 -0.9396926168497417
vn -0.2432103474047673 0.3420201566685744 -0.907673366001039
vn -0.4698463179395005 0.34202016106628175 -0.8137976695364079
vn -0.6644630241649965 0.3420201441947748 -0.6644630241649965
vn -0.8137976695364079 0.34202016106628175 -0.4698463179395005
vn -0.907673366001039 0.3420201566685744 -0.2432103474047673
vn -0.9396926168497417 0.34202015414019754 -2.301583071517967e-16
vn -0.9848077521541907 0.17364818253298778 0
vn -0.9512512418676082 0.17364817373641359 0.25488700752164956
vn -0.8528685435301142 0.17364817583971065 0.4924038570973655
vn -0.6963642397165164 0.17364818250726397 0.6963642397165164
vn -0.4924038570973655 0.17364817583971065 0.8528685435301142
vn -0.25488700752164956 0.17364817373641359 0.9512512418676082
vn -6.030208345112398e-17 0.17364818253298778 0.9848077521541907
vn 0.25488700752164956 0.17364817373641359 0.9512512418676082
vn 0.4924038570973655 0.17364817583971065 0.8528685435301142
vn 0.6963642397165164 0.17364818250726397 0.6963642397165164
vn 0.8528685435301142 0.17364817583971065 0.4924038570973655
vn 0.9512512418676082 0.17364817373641359 0.25488700752164956
vn 0.9848077521541907 0.17364818253298778 1.2060416690224796e-16
vn 0.9512512418676082 0.17364817373641359 -0.25488700752164956
vn 0.8528685435301142 0.17364817583971065 -0.4924038570973655
vn 0.6963642397165164 0.17364818250726397 -0.6963642397165164
vn 0.4924038570973655 0.17364817583971065 -0.8528685435301142
vn 0.25488700752164956 0.17364817373641359 -0.9512512418676082
vn 1.80906256970817e-16 0.17364818253298778 -0.9848077521541907
vn -0.25488700752164956 0.17364817373641359 -0.9512512418676082
vn -0.4924038570973655 0.17364817583971065 -0.8528685435301142
vn -0.6963642397165164 0.17364818250726397 -0.6963642397165164
vn -0.8528685435301142 0.17364817583971065 -0.4924038570973655
vn -0.9512512418676082 0.17364817373641359 -0.25488700752164956
vn -0.9848077521541907 0.17364818253298778 -2.412083338044959e-16
vn -1 6.123234262925839e-17 0
vn -0.9659258257467466 6.123234345497556e-17 0.2588190471264927
vn -0.8660253998985324 6.12323434535176e-17 0.5000000067305869
vn -0.7071067811865476 6.123234367720532e-17 0.7071067811865476
vn -0.5000000067305869 6.12323434535176e-17 0.8660253998985324
vn -0.2588190471264927 6.123234345497556e-17 0.9659258257467466
vn -6.123234262925839e-17 6.123234262925839e-17 1
vn 0.2588190471264927 6.123234345497556e-17 0.9659258257467466
vn 0.5000000067305869 6.12323434535176e-17 0.8660253998985324
vn 0.7071067811865476 6.123234367720532e-17 0.7071067811865476
vn 0.8660253998985324 6.12323434535176e-17 0.5000000067305869
vn 0.9659258257467466 6.123234345497556e-17 0.2588190471264927
vn 1 6.123234262925839e-17 1.2246468525851679e-16
vn 0.9659258257467466 6.123234345497556e-17 -0.2588190471264927
vn 0.8660253998985324 6.12323434535176e-17 -0.5000000067305869
vn 0.7071067811865476 6.123234367720532e-17 -0.7071067811865476
vn 0.5000000067305869 6.12323434535176e-17 -0.8660253998985324
vn 0.2588190471264927 6.123234345497556e-17 -0.9659258257467466
vn 1.8369701465288538e-16 6.123234262925839e-17 -1
vn -0.2588190471264927 6.123234345497556e-17 -0.9659258257467466
vn -0.5000000067305869 6.12323434535176e-17 -0.8660253998985324
vn -0.7071067811865476 6.123234367720532e-17 -0.7071067811865476
vn -0.8660253998985324 6.12323434535176e-17 -0.5000000067305869
vn -0.9659258257467466 6.123234345497556e-17 -0.2588190471264927
vn -1 6.123234262925839e-17 -2.4492937051703357e-16
vn -0.9848077521541907 -0.17364818253298778 0
vn -0.9512512418676082 -0.17364817373641359 0.25488700752164956
vn -0.8528685435301142 -0.17364817583971065 0.4924038570973655
vn -0.6963642397165164 -0.17364818250726397 0.6963642397165164
vn -0.4924038570973655 -0.17364817583971065 0.8528685435301142
vn -0.25488700752164956 -0.17364817373641359 0.9512512418676082
vn -6.030208345112398e-17 -0.17364818253298778 0.9848077521541907
vn 0.25488700752164956 -0.17364817373641359 0.9512512418676082
vn 0.4924038570973655 -0.17364817583971065 0.8528685435301142
vn 0.6963642397165164 -0.17364818250726397 0.6963642397165164
vn 0.8528685435301142 -0.17364817583971065 0.4924038570973655
vn 0.9512512418676082 -0.17364817373641359 0.25488700752164956
vn 0.9848077521541907 -0.17364818253298778 1.2060416690224796e-16
vn 0.9512512418676082 -0.17364817373641359 -0.25488700752164956
vn 0.8528685435301142 -0.17364817583971065 -0.4924038570973655
vn 0.6963642397165164 -0.17364818250726397 -0.6963642397165164
vn 0.4924038570973655 -0.17364817583971065 -0.8528685435301142
vn 0.25488700752164956 -0.17364817373641359 -0.9512512418676082
vn 1.80906256970817e-16 -0.17364818253298778 -0.9848077521541907
vn -0.25488700752164956 -0.17364817373641359 -0.9512512418676082
vn -0.4924038570973655 -0.17364817583971065 -0.8528685435301142
vn -0.6963642397165164 -0.17364818250726397 -0.6963642397165164
vn -0.8528685435301142 -0.17364817583971065 -0.4924038570973655
vn -0.9512512418676082 -0.17364817373641359 -0.25488700752164956
vn -0.9848077521541907 -0.17364818253298778 -2.412083338044959e-16
vn -0.9396926168497417 -0.34202015414019754 0
vn -0.907673366001039 -0.3420201566685744 0.2432103474047673
vn -0.8137976695364079 -0.34202016106628175 0.4698463179395005
vn -0.6644630241649965 -0.3420201441947748 0.6644630241649965
vn -0.4698463179395005 -0.34202016106628175 0.8137976695364079
vn -0.2432103474047673 -0.3420201566685744 0.907673366001039
vn -5.753957678794917e-17 -0.34202015414019754 0.9396926168497417
vn 0.2432103474047673 -0.3420201566685744 0.907673366001039
vn 0.4698463179395005 -0.34202016106628175 0.8137976695364079
vn 0.6644630241649965 -0.3420201441947748 0.6644630241649965
vn 0.8137976695364079 -0.34202016106628175 0.4698463179395005
vn 0.907673366001039 -0.3420201566685744 0.2432103474047673
vn 0.9396926168497417 -0.34202015414019754 1.1507915357589834e-16
vn 0.907673366001039 -0.3420201566685744 -0.2432103474047673
vn 0.8137976695364079 -0.34202016106628175 -0.4698463179395005
vn 0.6644630241649965 -0.3420201441947748 -0.6644630241649965
vn 0.4698463179395005 -0.34202016106628175 -0.8137976695364079
vn 0.2432103474047673 -0.3420201566685744 -0.907673366001039
vn 1.7261873698129241e-16 -0.34202015414019754 -0.9396926168497417
vn -0.2432103474047673 -0.3420201566685744 -0.907673366001039
vn -0.4698463179395005 -0.34202016106628175 -0.8137976695364079
vn -0.6644630241649965 -0.3420201441947748 -0.6644630241649965
vn -0.8137976695364079 -0.34202016106628175 -0.4698463179395005
vn -0.907673366001039 -0.3420201566685744 -0.2432103474047673
vn -0.9396926168497417 -0.34202015414019754 -2.301583071517967e-16
vn -0.8660253998985324 -0.5000000067305869 0
vn -0.8365163098292402 -0.4999999934991265 0.2241438598100424
vn -0.75000000252397 -0.5000000016826467 0.43301269557762184
vn -0.6123724412671231 -0.4999999863530877 0.6123724412671231
vn -0.43301269557762184 -0.5000000016826467 0.75000000252397
vn -0.2241438598100424 -0.4999999934991265 0.8365163098292402
vn -5.302876307448087e-17 -0.5000000067305869 0.8660253998985324
vn 0.2241438598100424 -0.4999999934991265 0.8365163098292402
vn 0.43301269557762184 -0.5000000016826467 0.75000000252397
vn 0.6123724412671231 -0.4999999863530877 0.6123724412671231
vn 0.75000000252397 -0.5000000016826467 0.43301269557762184
vn 0.8365163098292402 -0.4999999934991265 0.2241438598100424
vn 0.8660253998985324 -0.5000000067305869 1.0605752614896174e-16
vn 0.8365163098292402 -0.4999999934991265 -0.2241438598100424
vn 0.75000000252397 -0.5000000016826467 -0.43301269557762184
vn 0.6123724412671231 -0.4999999863530877 -0.6123724412671231
vn 0.43301269557762184 -0.5000000016826467 -0.75000000252397
vn 0.2241438598100424 -0.4999999934991265 -0.8365163098292402
vn 1.5908628922344263e-16 -0.5000000067305869 -0.8660253998985324
vn -0.2241438598100424 -0.4999999934991265 -0.8365163098292402
vn -0.43301269557762184 -0.5000000016826467 -0.75000000252397
vn -0.6123724412671231 -0.4999999863530877 -0.6123724412671231
vn -0.75000000252397 -0.5000000016826467 -0.43301269557762184
vn -0.8365163098292402 -0.4999999934991265 -0.2241438598100424
vn -0.8660253998985324 -0.5000000067305869 -2.1211505229792348e-16
vn -0.7660444283313822 -0.6427876273097093 0
vn -0.7399421089877467 -0.6427876140962993 0.19826688707687073
vn -0.6634139343680269 -0.6427876280671536 0.3830222146170346
vn -0.5416752071868176 -0.6427876319891636 0.5416752071868176
vn -0.3830222146170346 -0.6427876280671536 0.6634139343680269
vn -0.19826688707687073 -0.6427876140962993 0.7399421089877467
vn -4.690669218302034e-17 -0.6427876273097093 0.7660444283313822
vn 0.19826688707687073 -0.6427876140962993 0.7399421089877467
vn 0.3830222146170346 -0.6427876280671536 0.6634139343680269
vn 0.5416752071868176 -0.6427876319891636 0.5416752071868176
vn 0.6634139343680269 -0.6427876280671536 0.3830222146170346
vn 0.7399421089877467 -0.6427876140962993 0.19826688707687073
vn 0.7660444283313822 -0.6427876273097093 9.381338436604068e-17
vn 0.7399421089877467 -0.6427876140962993 -0.19826688707687073
vn 0.6634139343680269 -0.6427876280671536 -0.3830222146170346
vn 0.5416752071868176 -0.6427876319891636 -0.5416752071868176
vn 0.3830222146170346 -0.6427876280671536 -0.6634139343680269
vn 0.19826688707687073 -0.6427876140962993 -0.7399421089877467
vn 1.4072008316650585e-16 -0.6427876273097093 -0.7660444283313822
vn -0.19826688707687073 -0.6427876140962993 -0.7399421089877467
vn -0.3830222146170346 -0.6427876280671536 -0.6634139343680269
vn -0.5416752071868176 -0.6427876319891636 -0.5416752071868176
vn -0.6634139343680269 -0.6427876280671536 -0.3830222146170346
vn -0.7399421089877467 -0.6427876140962993 -0.19826688707687073
vn -0.7660444283313822 -0.6427876273097093 -1.8762676873208136e-16
vn -0.6427876273097093 -0.7660444283313822 0
vn -0.6208851444018412 -0.7660444510357471 0.16636567103355587
vn -0.5566704185541628 -0.7660444258191684 0.32139381260085575
vn -0.45451948113437757 -0.7660444390103438 0.45451948113437757
vn -0.32139381260085575 -0.7660444258191684 0.5566704185541628
vn -0.16636567103355587 -0.7660444510357471 0.6208851444018412
vn -3.9359390489096047e-17 -0.7660444283313822 0.6427876273097093
vn 0.16636567103355587 -0.7660444510357471 0.6208851444018412
vn 0.32139381260085575 -0.7660444258191684 0.5566704185541628
vn 0.45451948113437757 -0.7660444390103438 0.45451948113437757
vn 0.5566704185541628 -0.7660444258191684 0.32139381260085575
vn 0.6208851444018412 -0.7660444510357471 0.16636567103355587
vn 0.6427876273097093 -0.7660444283313822 7.871878097819209e-17
vn 0.6208851444018412 -0.7660444510357471 -0.16636567103355587
vn 0.5566704185541628 -0.7660444258191684 -0.32139381260085575
vn 0.45451948113437757 -0.7660444390103438 -0.45451948113437757
vn 0.32139381260085575 -0.7660444258191684 -0.5566704185541628
vn 0.16636567103355587 -0.7660444510357471 -0.6208851444018412
vn 1.1807816484984333e-16 -0.7660444283313822 -0.6427876273097093
vn -0.16636567103355587 -0.7660444510357471 -0.6208851444018412
vn -0.32139381260085575 -0.7660444258191684 -0.5566704185541628
vn -0.45451948113437757 -0.7660444390103438 -0.45451948113437757
vn -0.5566704185541628 -0.7660444258191684 -0.32139381260085575
vn -0.6208851444018412 -0.7660444510357471 -0.16636567103355587
vn -0.6427876273097093 -0.7660444283313822 -1.5743756195638419e-16
vn -0.5000000067305869 -0.8660253998985324 0
vn -0.4829629144900607 -0.8660254028181172 0.12940952399643643
vn -0.43301270140648107 -0.8660254028129621 0.25000000420661683
vn -0.3535533908144109 -0.8660254036038809 0.3535533908144109
vn -0.25000000420661683 -0.8660254028129621 0.43301270140648107
vn -0.12940952399643643 -0.8660254028181172 0.4829629144900607
vn -3.06161717267588e-17 -0.8660253998985324 0.5000000067305869
vn 0.12940952399643643 -0.8660254028181172 0.4829629144900607
vn 0.25000000420661683 -0.8660254028129621 0.43301270140648107
vn 0.3535533908144109 -0.8660254036038809 0.3535533908144109
vn 0.43301270140648107 -0.8660254028129621 0.25000000420661683
vn 0.4829629144900607 -0.8660254028181172 0.12940952399643643
vn 0.5000000067305869 -0.8660253998985324 6.12323434535176e-17
vn 0.4829629144900607 -0.8660254028181172 -0.12940952399643643
vn 0.43301270140648107 -0.8660254028129621 -0.25000000420661683
vn 0.3535533908144109 -0.8660254036038809 -0.3535533908144109
vn 0.25000000420661683 -0.8660254028129621 -0.43301270140648107
vn 0.12940952399643643 -0.8660254028181172 -0.4829629144900607
vn 9.18485085628314e-17 -0.8660253998985324 -0.5000000067305869
vn -0.12940952399643643 -0.8660254028181172 -0.4829629144900607
vn -0.25000000420661683 -0.8660254028129621 -0.43301270140648107
vn -0.3535533908144109 -0.8660254036038809 -0.3535533908144109
vn -0.43301270140648107 -0.8660254028129621 -0.25000000420661683
vn -0.4829629144900607 -0.8660254028181172 -0.12940952399643643
vn -0.5000000067305869 -0.8660253998985324 -1.224646869070352e-16
vn -0.34202015414019754 -0.9396926168497417 0
vn -0.33036607804669044 -0.9396926250180325 0.08852132490404258
vn -0.2961981308564289 -0.9396926202776495 0.171010077693927
vn -0.2418447598717968 -0.9396926222148952 0.2418447598717968
vn -0.171010077693927 -0.9396926202776495 0.2961981308564289
vn -0.08852132490404258 -0.9396926250180325 0.33036607804669044
vn -2.0942694414863748e-17 -0.9396926168497417 0.34202015414019754
vn 0.08852132490404258 -0.9396926250180325 0.33036607804669044
vn 0.171010077693927 -0.9396926202776495 0.2961981308564289
vn 0.2418447598717968 -0.9396926222148952 0.2418447598717968
vn 0.2961981308564289 -0.9396926202776495 0.171010077693927
vn 0.33036607804669044 -0.9396926250180325 0.08852132490404258
vn 0.34202015414019754 -0.9396926168497417 4.1885388829727496e-17
vn 0.33036607804669044 -0.9396926250180325 -0.08852132490404258
vn 0.2961981308564289 -0.9396926202776495 -0.171010077693927
vn 0.2418447598717968 -0.9396926222148952 -0.2418447598717968
vn 0.171010077693927 -0.9396926202776495 -0.2961981308564289
vn 0.08852132490404258 -0.9396926250180325 -0.33036607804669044
vn 6.282807993586879e-17 -0.9396926168497417 -0.34202015414019754
vn -0.08852132490404258 -0.9396926250180325 -0.33036607804669044
vn -0.171010077693927 -0.9396926202776495 -0.2961981308564289
vn -0.2418447598717968 -0.9396926222148952 -0.2418447598717968
vn -0.2961981308564289 -0.9396926202776495 -0.171010077693927
vn -0.33036607804669044 -0.9396926250180325 -0.08852132490404258
vn -0.34202015414019754 -0.9396926168497417 -8.377077765945499e-17
vn -0.17364818253298778 -0.9848077521541907 0
vn -0.16773125925786092 -0.9848077530007592 0.044943456669109115
vn -0.15038372937358055 -0.9848077533695775 0.08682409137364663
vn -0.12278780624471411 -0.98480775244472 0.12278780624471411
vn -0.08682409137364663 -0.9848077533695775 0.15038372937358055
vn -0.044943456669109115 -0.9848077530007592 0.16773125925786092
vn -1.063288423843051e-17 -0.9848077521541907 0.17364818253298778
vn 0.044943456669109115 -0.9848077530007592 0.16773125925786092
vn 0.08682409137364663 -0.9848077533695775 0.15038372937358055
vn 0.12278780624471411 -0.98480775244472 0.12278780624471411
vn 0.15038372937358055 -0.9848077533695775 0.08682409137364663
vn 0.16773125925786092 -0.9848077530007592 0.044943456669109115
vn 0.17364818253298778 -0.9848077521541907 2.126576847686102e-17
vn 0.16773125925786092 -0.9848077530007592 -0.044943456669109115
vn 0.15038372937358055 -0.9848077533695775 -0.08682409137364663
vn 0.12278780624471411 -0.98480775244472 -0.12278780624471411
vn 0.08682409137364663 -0.9848077533695775 -0.15038372937358055
vn 0.044943456669109115 -0.9848077530007592 -0.16773125925786092
vn 3.189865271529153e-17 -0.9848077521541907 -0.17364818253298778
vn -0.044943456669109115 -0.9848077530007592 -0.16773125925786092
vn -0.08682409137364663 -0.9848077533695775 -0.15038372937358055
vn -0.12278780624471411 -0.98480775244472 -0.12278780624471411
vn -0.15038372937358055 -0.9848077533695775 -0.08682409137364663
vn -0.16773125925786092 -0.9848077530007592 -0.044943456669109115
vn -0.17364818253298778 -0.9848077521541907 -4.253153695372204e-17
vn -1.2246468525851679e-16 -1 0
vn -1.1829179067875828e-16 -1 3.169619126193763e-17
vn -1.0605752472130298e-16 -1 6.123234262925839e-17
vn -8.659560603426554e-17 -1 8.659560603426554e-17
vn -6.123234262925839e-17 -1 1.0605752472130298e-16
vn -3.169619126193763e-17 -1 1.1829179067875828e-16
vn -7.498798786105971e-33 -1 1.2246468525851679e-16
vn 3.169619126193763e-17 -1 1.1829179067875828e-16
vn 6.123234262925839e-17 -1 1.0605752472130298e-16
vn 8.659560603426554e-17 -1 8.659560603426554e-17
vn 1.0605752472130298e-16 -1 6.123234262925839e-17
vn 1.1829179067875828e-16 -1 3.169619126193763e-17
vn 1.2246468525851679e-16 -1 1.4997597572211942e-32
vn 1.1829179067875828e-16 -1 -3.169619126193763e-17
vn 1.0605752472130298e-16 -1 -6.123234262925839e-17
vn 8.659560603426554e-17 -1 -8.659560603426554e-17
vn 6.123234262925839e-17 -1 -1.0605752472130298e-16
vn 3.169619126193763e-17 -1 -1.1829179067875828e-16
vn 2.2496396358317913e-32 -1 -1.2246468525851679e-16
vn -3.169619126193763e-17 -1 -1.1829179067875828e-16
vn -6.123234262925839e-17 -1 -1.0605752472130298e-16
vn -8.659560603426554e-17 -1 -8.659560603426554e-17
vn -1.0605752472130298e-16 -1 -6.123234262925839e-17
vn -1.1829179067875828e-16 -1 -3.169619126193763e-17
vn -1.2246468525851679e-16 -1 -2.9995195144423884e-32
f 926/926/926 951/951/951 952/952/952
f 927/927/927 952/952/952 953/953/953
f 928/928/928 953/953/953 954/954/954
f 929/929/929 954/954/954 955/955/955
f 930/930/930 955/955/955 956/956/956
f 931/931/931 956/956/956 957/957/957
f 932/932/932 957/957/957 958/958/958
f 933/933/933 958/958/958 959/959/959
f 934/934/934 959/959/959 960/960/960
f 935/935/935 960/960/960 961/961/961
f 936/936/936 961/961/961 962/962/962
f 937/937/937 962/962/962 963/963/963
f 938/938/938 963/963/963 964/964/964
f 939/939/939 964/964/964 965/965/965
f 940/940/940 965/965/965 966/966/966
f 941/941/941 966/966/966 967/967/967
f 942/942/942 967/967/967 968/968/968
f 943/943/943 968/968/968 969/969/969
f 944/944/944 969/969/969 970/970/970
f 945/945/945 970/970/970 971/971/971
f 946/946/946 971/971/971 972/972/972
f 947/947/947 972/972/972 973/973/973
f 948/948/948 973/973/973 974/974/974
f 949/949/949 974/974/974 975/975/975
f 952/952/952 951/951/951 977/977/977
f 951/951/951 976/976/976 977/977/977
f 953/953/953 952/952/952 978/978/978
f 952/952/952 977/977/977 978/978/978
f 954/954/954 953/953/953 979/979/979
f 953/953/953 978/978/978 979/979/979
f 955/955/955 954/954/954 980/980/980
f 954/954/954 979/979/979 980/980/980
f 956/956/956 955/955/955 981/981/981
f 955/955/955 980/980/980 981/981/981
f 957/957/957 956/956/956 982/982/982
f 956/956/956 981/981/981 982/982/982
f 958/958/958 957/957/957 983/983/983
f 957/957/957 982/982/982 983/983/983
f 959/959/959 958/958/958 984/984/984
f 958/958/958 983/983/983 984/984/984
f 960/960/960 959/959/959 985/985/985
f 959/959/959 984/984/984 985/985/985
f 961/961/961 960/960/960 986/986/986
f 960/960/960 985/985/985 986/986/986
f 962/962/962 961/961/961 987/987/987
f 961/961/961 986/986/986 987/987/987
f 963/963/963 962/962/962 988/988/988
f 962/962/962 987/987/987 988/988/988
f 964/964/964 963/963/963 989/989/989
f 963/963/963 988/988/988 989/989/989
f 965/965/965 964/964/964 990/990/990
f 964/964/964 989/989/989 990/990/990
f 966/966/966 965/965/965 991/991/991
f 965/965/965 990/990/990 991/991/991
f 967/967/967 966/966/966 992/992/992
f 966/966/966 991/991/991 992/992/992
f 968/968/968 967/967/967 993/993/993
f 967/967/967 992/992/992 993/993/993
f 969/969/969 968/968/968 994/994/994
f 968/968/968 993/993/993 994/994/994
f 970/970/970 969/969/969 995/995/995
f 969/969/969 994/994/994 995/995/995
f 971/971/971 970/970/970 996/996/996
f 970/970/970 995/995/995 996/996/996
f 972/972/972 971/971/971 997/997/997
f 971/971/971 996/996/996 997/997/997
f 973/973/973 972/972/972 998/998/998
f 972/972/972 997/997/997 998/998/998
f 974/974/974 973/973/973 999/999/999
f 973/973/973 998/998/998 999/999/999
f 975/975/975 974/974/974 1000/1000/1000
f 974/974/974 999/999/999 1000/1000/1000
f 977/977/977 976/976/976 1002/1002/1002
f 976/976/976 1001/1001/1001 1002/1002/1002
f 978/978/978 977/977/977 1003/1003/1003
f 977/977/977 1002/1002/1002 1003/1003/1003
f 979/979/979 978/978/978 1004/1004/1004
f 978/978/978 1003/1003/1003 1004/1004/1004
f 980/980/980 979/979/979 1005/1005/1005
f 979/979/979 1004/1004/1004 1005/1005/1005
f 981/981/981 980/980/980 1006/1006/1006
f 980/980/980 1005/1005/1005 1006/1006/1006
f 982/982/982 981/981/981 1007/1007/1007
f 981/981/981 1006/1006/1006 1007/1007/1007
f 983/983/983 982/982/982 1008/1008/1008
f 982/982/982 1007/1007/1007 1008/1008/1008
f 984/984/984 983/983/983 1009/1009/1009
f 983/983/983 1008/1008/1008 1009/1009/1009
f 985/985/985 984/984/984 1010/1010/1010
f 984/984/984 1009/1009/1009 1010/1010/1010
f 986/986/986 985/985/985 1011/1011/1011
f 985/985/985 1010/1010/1010 1011/1011/1011
f 987/987/987 986/986/986 1012/1012/1012
f 986/986/986 1011/1011/1011 1012/1012/1012
f 988/988/988 987/987/987 1013/1013/1013
f 987/987/987 1012/1012/1012 1013/1013/1013
f 989/989/989 988/988/988 1014/1014/1014
f 988/988/988 1013/1013/1013 1014/1014/1014
f 990/990/990 989/989/989 1015/1015/1015
f 989/989/989 1014/1014/1014 1015/1015/1015
f 991/991/991 990/990/990 1016/1016/1016
f 990/990/990 1015/1015/1015 1016/1016/1016
f 992/992/992 991/991/991 1017/1017/1017
f 991/991/991 1016/1016/1016 1017/1017/1017
f 993/993/993 992/992/992 1018/1018/1018
f 992/992/992 1017/1017/1017 1018/1018/1018
f 994/994/994 993/993/993 1019/1019/1019
f 993/993/993 1018/1018/1018 1019/1019/1019
f 995/995/995 994/994/994 1020/1020/1020
f 994/994/994 1019/1019/1019 1020/1020/1020
f 996/996/996 995/995/995 1021/1021/1021
f 995/995/995 1020/1020/1020 1021/1021/1021
f 997/997/997 996/996/996 1022/1022/1022
f 996/996/996 1021/1021/1021 1022/1022/1022
f 998/998/998 997/997/997 1023/1023/1023
f 997/997/997 1022/1022/1022 1023/1023/1023
f 999/999/999 998/998/998 1024/1024/1024
f 998/998/998 1023/1023/1023 1024/1024/1024
f 1000/1000/1000 999/999/999 1025/1025/1025
f 999/999/999 1024/1024/1024 1025/1025/1025
f 1002/1002/1002 1001/1001/1001 1027/1027/1027
f 1001/1001/1001 1026/1026/1026 1027/1027/1027
f 1003/1003/1003 1002/1002/1002 1028/1028/1028
f 1002/1002/1002 1027/1027/1027 1028/1028/1028
f 1004/1004/1004 1003/1003/1003 1029/1029/1029
f 1003/1003/1003 1028/1028/1028 1029/1029/1029
f 1005/1005/1005 1004/1004/1004 1030/1030/1030
f 1004/1004/1004 1029/1029/1029 1030/1030/1030
f 1006/1006/1006 1005/1005/1005 1031/1031/1031
f 1005/1005/1005 1030/1030/1030 1031/1031/1031
f 1007/1007/1007 1006/1006/1006 1032/1032/1032
f 1006/1006/1006 1031/1031/1031 1032/1032/1032
f 1008/1008/1008 1007/1007/1007 1033/1033/1033
f 1007/1007/1007 1032/1032/1032 1033/1033/1033
f 1009/1009/1009 1008/1008/1008 1034/1034/1034
f 1008/1008/1008 1033/1033/1033 1034/1034/1034
f 1010/1010/1010 1009/1009/1009 1035/1035/1035
f 1009/1009/1009 1034/1034/1034 1035/1035/1035
f 1011/1011/1011 1010/1010/1010 1036/1036/1036
f 1010/1010/1010 1035/1035/1035 1036/1036/1036
f 1012/1012/1012 1011/1011/1011 1037/1037/1037
f 1011/1011/1011 1036/1036/1036 1037/1037/1037
f 1013/1013/1013 1012/1012/1012 1038/1038/1038
f 1012/1012/1012 1037/1037/1037 1038/1038/1038
f 1014/1014/1014 1013/1013/1013 1039/1039/1039
f 1013/1013/1013 1038/1038/1038 1039/1039/1039
f 1015/1015/1015 1014/1014/1014 1040/1040/1040
f 1014/1014/1014 1039/1039/1039 1040/1040/1040
f 1016/1016/1016 1015/1015/1015 1041/1041/1041
f 1015/1015/1015 1040/1040/1040 1041/1041/1041
f 1017/1017/1017 1016/1016/1016 1042/1042/1042
f 1016/1016/1016 1041/1041/1041 1042/1042/1042
f 1018/1018/1018 1017/1017/1017 1043/1043/1043
f 1017/1017/1017 1042/1042/1042 1043/1043/1043
f 1019/1019/1019 1018/1018/1018 1044/1044/1044
f 1018/1018/1018 1043/1043/1043 1044/1044/1044
f 1020/1020/1020 1019/1019/1019 1045/1045/1045
f 1019/1019/1019 1044/1044/1044 1045/1045/1045
f 1021/1021/1021 1020/1020/1020 1046/1046/1046
f 1020/1020/1020 1045/1045/1045 1046/1046/1046
f 1022/1022/1022 1021/1021/1021 1047/1047/1047
f 1021/1021/1021 1046/1046/1046 1047/1047/1047
f 1023/1023/1023 1022/1022/1022 1048/1048/1048
f 1022/1022/1022 1047/1047/1047 1048/1048/1048
f 1024/1024/1024 1023/1023/1023 1049/1049/1049
f 1023/1023/1023 1048/1048/1048 1049/1049/1049
f 1025/1025/1025 1024/1024/1024 1050/1050/1050
f 1024/1024/1024 1049/1049/1049 1050/1050/1050
f 1027/1027/1027 1026/1026/1026 1052/1052/1052
f 1026/1026/1026 1051/1051/1051 1052/1052/1052
f 1028/1028/1028 1027/1027/1027 1053/1053/1053
f 1027/1027/1027 1052/1052/1052 1053/1053/1053
f 1029/1029/1029 1028/1028/1028 1054/1054/1054
f 1028/1028/1028 1053/1053/1053 1054/1054/1054
f 1030/1030/1030 1029/1029/1029 1055/1055/1055
f 1029/1029/1029 1054/1054/1054 1055/1055/1055
f 1031/1031/1031 1030/1030/1030 1056/1056/1056
f 1030/1030/1030 1055/1055/1055 1056/1056/1056
f 1032/1032/1032 1031/1031/1031 1057/1057/1057
f 1031/1031/1031 1056/1056/1056 1057/1057/1057
f 1033/1033/1033 1032/1032/1032 1058/1058/1058
f 1032/1032/1032 1057/1057/1057 1058/1058/1058
f 1034/1034/1034 1033/1033/1033 1059/1059/1059
f 1033/1033/1033 1058/1058/1058 1059/1059/1059
f 1035/1035/1035 1034/1034/1034 1060/1060/1060
f 1034/1034/1034 1059/1059/1059 1060/1060/1060
f 1036/1036/1036 1035/1035/1035 1061/1061/1061
f 1035/1035/1035 1060/1060/1060 1061/1061/1061
f 1037/1037/1037 1036/1036/1036 1062/1062/1062
f 1036/1036/1036 1061/1061/1061 1062/1062/1062
f 1038/1038/1038 1037/1037/1037 1063/1063/1063
f 1037/1037/1037 1062/1062/1062 1063/1063/1063
f 1039/1039/1039 1038/1038/1038 1064/1064/1064
f 1038/1038/1038 1063/1063/1063 1064/1064/1064
f 1040/1040/1040 1039/1039/1039 1065/1065/1065
f 1039/1039/1039 1064/1064/1064 1065/1065/1065
f 1041/1041/1041 1040/1040/1040 1066/1066/1066
f 1040/1040/1040 1065/1065/1065 1066/1066/1066
f 1042/1042/1042 1041/1041/1041 1067/1067/1067
f 1041/1041/1041 1066/1066/1066 1067/1067/1067
f 1043/1043/1043 1042/1042/1042 1068/1068/1068
f 1042/1042/1042 1067/1067/1067 1068/1068/1068
f 1044/1044/1044 1043/1043/1043 1069/1069/1069
f 1043/1043/1043 1068/1068/1068 1069/1069/1069
f 1045/1045/1045 1044/1044/1044 1070/1070/1070
f 1044/1044/1044 1069/1069/1069 1070/1070/1070
f 1046/1046/1046 1045/1045/1045 1071/1071/1071
f 1045/1045/1045 1070/1070/1070 1071/1071/1071
f 1047/1047/1047 1046/1046/1046 1072/1072/1072
f 1046/1046/1046 1071/1071/1071 1072/1072/1072
f 1048/1048/1048 1047/1047/1047 1073/1073/1073
f 1047/1047/1047 1072/1072/1072 1073/1073/1073
f 1049/1049/1049 1048/1048/1048 1074/1074/1074
f 1048/1048/1048 1073/1073/1073 1074/1074/1074
f 1050/1050/1050 1049/1049/1049 1075/1075/1075
f 1049/1049/1049 1074/1074/1074 1075/1075/1075
f 1052/1052/1052 1051/1051/1051 1077/1077/1077
f 1051/1051/1051 1076/1076/1076 1077/1077/1077
f 1053/1053/1053 1052/1052/1052 1078/1078/1078
f 1052/1052/1052 1077/1077/1077 1078/1078/1078
f 1054/1054/1054 1053/1053/1053 1079/1079/1079
f 1053/1053/1053 1078/1078/1078 1079/1079/1079
f 1055/1055/1055 1054/1054/1054 1080/1080/1080
f 1054/1054/1054 1079/1079/1079 1080/1080/1080
f 1056/1056/1056 1055/1055/1055 1081/1081/1081
f 1055/1055/1055 1080/1080/1080 1081/1081/1081
f 1057/1057/1057 1056/1056/1056 1082/1082/1082
f 1056/1056/1056 1081/1081/1081 1082/1082/1082
f 1058/1058/1058 1057/1057/1057 1083/1083/1083
f 1057/1057/1057 1082/1082/1082 1083/1083/1083
f 1059/1059/1059 1058/1058/1058 1084/1084/1084
f 1058/1058/1058 1083/1083/1083 1084/1084/1084
f 1060/1060/1060 1059/1059/1059 1085/1085/1085
f 1059/1059/1059 1084/1084/1084 1085/1085/1085
f 1061/1061/1061 1060/1060/1060 1086/1086/1086
f 1060/1060/1060 1085/1085/1085 1086/1086/1086
f 1062/1062/1062 1061/1061/1061 1087/1087/1087
f 1061/1061/1061 1086/1086/1086 1087/1087/1087
f 1063/1063/1063 1062/1062/1062 1088/1088/1088
f 1062/1062/1062 1087/1087/1087 1088/1088/1088
f 1064/1064/1064 1063/1063/1063 1089/1089/1089
f 1063/1063/1063 1088/1088/1088 1089/1089/1089
f 1065/1065/1065 1064/1064/1064 1090/1090/1090
f 1064/1064/1064 1089/1089/1089 1090/1090/1090
f 1066/1066/1066 1065/1065/1065 1091/1091/1091
f 1065/1065/1065 1090/1090/1090 1091/1091/1091
f 1067/1067/1067 1066/1066/1066 1092/1092/1092
f 1066/1066/1066 1091/1091/1091 1092/1092/1092
f 1068/1068/1068 1067/1067/1067 1093/1093/1093
f 1067/1067/1067 1092/1092/1092 1093/1093/1093
f 1069/1069/1069 1068/1068/1068 1094/1094/1094
f 1068/1068/1068 1093/1093/1093 1094/1094/1094
f 1070/1070/1070 1069/1069/1069 1095/1095/1095
f 1069/1069/1069 1094/1094/1094 1095/1095/1095
f 1071/1071/1071 1070/1070/1070 1096/1096/1096
f 1070/1070/1070 1095/1095/1095 1096/1096/1096
f 1072/1072/1072 1071/1071/1071 1097/1097/1097
f 1071/1071/1071 1096/1096/1096 1097/1097/1097
f 1073/1073/1073 1072/1072/1072 1098/1098/1098
f 1072/1072/1072 1097/1097/1097 1098/1098/1098
f 1074/1074/1074 1073/1073/1073 1099/1099/1099
f 1073/1073/1073 1098/1098/1098 1099/1099/1099
f 1075/1075/1075 1074/1074/1074 1100/1100/1100
f 1074/1074/1074 1099/1099/1099 1100/1100/1100
f 1077/1077/1077 1076/1076/1076 1102/1102/1102
f 1076/1076/1076 1101/1101/1101 1102/1102/1102
f 1078/1078/1078 1077/1077/1077 1103/1103/1103
f 1077/1077/1077 1102/1102/1102 1103/1103/1103
f 1079/1079/1079 1078/1078/1078 1104/1104/1104
f 1078/1078/1078 1103/1103/1103 1104/1104/1104
f 1080/1080/1080 1079/1079/1079 1105/1105/1105
f 1079/1079/1079 1104/1104/1104 1105/1105/1105
f 1081/1081/1081 1080/1080/1080 1106/1106/1106
f 1080/1080/1080 1105/1105/1105 1106/1106/1106
f 1082/1082/1082 1081/1081/1081 1107/1107/1107
f 1081/1081/1081 1106/1106/1106 1107/1107/1107
f 1083/1083/1083 1082/1082/1082 1108/1108/1108
f 1082/1082/1082 1107/1107/1107 1108/1108/1108
f 1084/1084/1084 1083/1083/1083 1109/1109/1109
f 1083/1083/1083 1108/1108/1108 1109/1109/1109
f 1085/1085/1085 1084/1084/1084 1110/1110/1110
f 1084/1084/1084 1109/1109/1109 1110/1110/1110
f 1086/1086/1086 1085/1085/1085 1111/1111/1111
f 1085/1085/1085 1110/1110/1110 1111/1111/1111
f 1087/1087/1087 1086/1086/1086 1112/1112/1112
f 1086/1086/1086 1111/1111/1111 1112/1112/1112
f 1088/1088/1088 1087/1087/1087 1113/1113/1113
f 1087/1087/1087 1112/1112/1112 1113/1113/1113
f 1089/1089/1089 1088/1088/1088 1114/1114/1114
f 1088/1088/1088 1113/1113/1113 1114/1114/1114
f 1090/1090/1090 1089/1089/1089 1115/1115/1115
f 1089/1089/1089 1114/1114/1114 1115/1115/1115
f 1091/1091/1091 1090/1090/1090 1116/1116/1116
f 1090/1090/1090 1115/1115/1115 1116/1116/1116
f 1092/1092/1092 1091/1091/1091 1117/1117/1117
f 1091/1091/1091 1116/1116/1116 1117/1117/1117
f 1093/1093/1093 1092/1092/1092 1118/1118/1118
f 1092/1092/1092 1117/1117/1117 1118/1118/1118
f 1094/1094/1094 1093/1093/1093 1119/1119/1119
f 1093/1093/1093 1118/1118/1118 1119/1119/1119
f 1095/1095/1095 1094/1094/1094 1120/1120/1120
f 1094/1094/1094 1119/1119/1119 1120/1120/1120
f 1096/1096/1096 1095/1095/1095 1121/1121/1121
f 1095/1095/1095 1120/1120/1120 1121/1121/1121
f 1097/1097/1097 1096/1096/1096 1122/1122/1122
f 1096/1096/1096 1121/1121/1121 1122/1122/1122
f 1098/1098/1098 1097/1097/1097 1123/1123/1123
f 1097/1097/1097 1122/1122/1122 1123/1123/1123
f 1099/1099/1099 1098/1098/1098 1124/1124/1124
f 1098/1098/1098 1123/1123/1123 1124/1124/1124
f 1100/1100/1100 1099/1099/1099 1125/1125/1125
f 1099/1099/1099 1124/1124/1124 1125/1125/1125
f 1102/1102/1102 1101/1101/1101 1127/1127/1127
f 1101/1101/1101 1126/1126/1126 1127/1127/1127
f 1103/1103/1103 1102/1102/1102 1128/1128/1128
f 1102/1102/1102 1127/1127/1127 1128/1128/1128
f 1104/1104/1104 1103/1103/1103 1129/1129/1129
f 1103/1103/1103 1128/1128/1128 1129/1129/1129
f 1105/1105/1105 1104/1104/1104 1130/1130/1130
f 1104/1104/1104 1129/1129/1129 1130/1130/1130
f 1106/1106/1106 1105/1105/1105 1131/1131/1131
f 1105/1105/1105 1130/1130/1130 1131/1131/1131
f 1107/1107/1107 1106/1106/1106 1132/1132/1132
f 1106/1106/1106 1131/1131/1131 1132/1132/1132
f 1108/1108/1108 1107/1107/1107 1133/1133/1133
f 1107/1107/1107 1132/1132/1132 1133/1133/1133
f 1109/1109/1109 1108/1108/1108 1134/1134/1134
f 1108/1108/1108 1133/1133/1133 1134/1134/1134
f 1110/1110/1110 1109/1109/1109 1135/1135/1135
f 1109/1109/1109 1134/1134/1134 1135/1135/1135
f 1111/1111/1111 1110/1110/1110 1136/1136/1136
f 1110/1110/1110 1135/1135/1135 1136/1136/1136
f 1112/1112/1112 1111/1111/1111 1137/1137/1137
f 1111/1111/1111 1136/1136/1136 1137/1137/1137
f 1113/1113/1113 1112/1112/1112 1138/1138/1138
f 1112/1112/1112 1137/1137/1137 1138/1138/1138
f 1114/1114/1114 1113/1113/1113 1139/1139/1139
f 1113/1113/1113 1138/1138/1138 1139/1139/1139
f 1115/1115/1115 1114/1114/1114 1140/1140/1140
f 1114/1114/1114 1139/1139/1139 1140/1140/1140
f 1116/1116/1116 1115/1115/1115 1141/1141/1141
f 1115/1115/1115 1140/1140/1140 1141/1141/1141
f 1117/1117/1117 1116/1116/1116 1142/1142/1142
f 1116/1116/1116 1141/1141/1141 1142/1142/1142
f 1118/1118/1118 1117/1117/1117 1143/1143/1143
f 1117/1117/1117 1142/1142/1142 1143/1143/1143
f 1119/1119/1119 1118/1118/1118 1144/1144/1144
f 1118/1118/1118 1143/1143/1143 1144/1144/1144
f 1120/1120/1120 1119/1119/1119 1145/1145/1145
f 1119/1119/1119 1144/1144/1144 1145/1145/1145
f 1121/1121/1121 1120/1120/1120 1146/1146/1146
f 1120/1120/1120 1145/1145/1145 1146/1146/1146
f 1122/1122/1122 1121/1121/1121 1147/1147/1147
f 1121/1121/1121 1146/1146/1146 1147/1147/1147
f 1123/1123/1123 1122/1122/1122 1148/1148/1148
f 1122/1122/1122 1147/1147/1147 1148/1148/1148
f 1124/1124/1124 1123/1123/1123 1149/1149/1149
f 1123/1123/1123 1148/1148/1148 1149/1149/1149
f 1125/1125/1125 1124/1124/1124 1150/1150/1150
f 1124/1124/1124 1149/1149/1149 1150/1150/1150
f 1127/1127/1127 1126/1126/1126 1152/1152/1152
f 1126/1126/1126 1151/1151/1151 1152/1152/1152
f 1128/1128/1128 1127/1127/1127 1153/1153/1153
f 1127/1127/1127 1152/1152/1152 1153/1153/1153
f 1129/1129/1129 1128/1128/1128 1154/1154/1154
f 1128/1128/1128 1153/1153/1153 1154/1154/1154
f 1130/1130/1130 1129/1129/1129 1155/1155/1155
f 1129/1129/1129 1154/1154/1154 1155/1155/1155
f 1131/1131/1131 1130/1130/1130 1156/1156/1156
f 1130/1130/1130 1155/1155/1155 1156/1156/1156
f 1132/1132/1132 1131/1131/1131 1157/1157/1157
f 1131/1131/1131 1156/1156/1156 1157/1157/1157
f 1133/1133/1133 1132/1132/1132 1158/1158/1158
f 1132/1132/1132 1157/1157/1157 1158/1158/1158
f 1134/1134/1134 1133/1133/1133 1159/1159/1159
f 1133/1133/1133 1158/1158/1158 1159/1159/1159
f 1135/1135/1135 1134/1134/1134 1160/1160/1160
f 1134/1134/1134 1159/1159/1159 1160/1160/1160
f 1136/1136/1136 1135/1135/1135 1161/1161/1161
f 1135/1135/1135 1160/1160/1160 1161/1161/1161
f 1137/1137/1137 1136/1136/1136 1162/1162/1162
f 1136/1136/1136 1161/1161/1161 1162/1162/1162
f 1138/1138/1138 1137/1137/1137 1163/1163/1163
f 1137/1137/1137 1162/1162/1162 1163/1163/1163
f 1139/1139/1139 1138/1138/1138 1164/1164/1164
f 1138/1138/1138 1163/1163/1163 1164/1164/1164
f 1140/1140/1140 1139/1139/1139 1165/1165/1165
f 1139/1139/1139 1164/1164/1164 1165/1165/1165
f 1141/1141/1141 1140/1140/1140 1166/1166/1166
f 1140/1140/1140 1165/1165/1165 1166/1166/1166
f 1142/1142/1142 1141/1141/1141 1167/1167/1167
f 1141/1141/1141 1166/1166/1166 1167/1167/1167
f 1143/1143/1143 1142/1142/1142 1168/1168/1168
f 1142/1142/1142 1167/1167/1167 1168/1168/1168
f 1144/1144/1144 1143/1143/1143 1169/1169/1169
f 1143/1143/1143 1168/1168/1168 1169/1169/1169
f 1145/1145/1145 1144/1144/1144 1170/1170/1170
f 1144/1144/1144 1169/1169/1169 1170/1170/1170
f 1146/1146/1146 1145/1145/1145 1171/1171/1171
f 1145/1145/1145 1170/1170/1170 1171/1171/1171
f 1147/1147/1147 1146/1146/1146 1172/1172/1172
f 1146/1146/1146 1171/1171/1171 1172/1172/1172
f 1148/1148/1148 1147/1147/1147 1173/1173/1173
f 1147/1147/1147 1172/1172/1172 1173/1173/1173
f 1149/1149/1149 1148/1148/1148 1174/1174/1174
f 1148/1148/1148 1173/1173/1173 1174/1174/1174
f 1150/1150/1150 1149/1149/1149 1175/1175/1175
f 1149/1149/1149 1174/1174/1174 1175/1175/1175
f 1152/1152/1152 1151/1151/1151 1177/1177/1177
f 1151/1151/1151 1176/1176/1176 1177/1177/1177
f 1153/1153/1153 1152/1152/1152 1178/1178/1178
f 1152/1152/1152 1177/1177/1177 1178/1178/1178
f 1154/1154/1154 1153/1153/1153 1179/1179/1179
f 1153/1153/1153 1178/1178/1178 1179/1179/1179
f 1155/1155/1155 1154/1154/1154 1180/1180/1180
f 1154/1154/1154 1179/1179/1179 1180/1180/1180
f 1156/1156/1156 1155/1155/1155 1181/1181/1181
f 1155/1155/1155 1180/1180/1180 1181/1181/1181
f 1157/1157/1157 1156/1156/1156 1182/1182/1182
f 1156/1156/1156 1181/1181/1181 1182/1182/1182
f 1158/1158/1158 1157/1157/1157 1183/1183/1183
f 1157/1157/1157 1182/1182/1182 1183/1183/1183
f 1159/1159/1159 1158/1158/1158 1184/1184/1184
f 1158/1158/1158 1183/1183/1183 1184/1184/1184
f 1160/1160/1160 1159/1159/1159 1185/1185/1185
f 1159/1159/1159 1184/1184/1184 1185/1185/1185
f 1161/1161/1161 1160/1160/1160 1186/1186/1186
f 1160/1160/1160 1185/1185/1185 1186/1186/1186
f 1162/1162/1162 1161/1161/1161 1187/1187/1187
f 1161/1161/1161 1186/1186/1186 1187/1187/1187
f 1163/1163/1163 1162/1162/1162 1188/1188/1188
f 1162/1162/1162 1187/1187/1187 1188/1188/1188
f 1164/1164/1164 1163/1163/1163 1189/1189/1189
f 1163/1163/1163 1188/1188/1188 1189/1189/1189
f 1165/1165/1165 1164/1164/1164 1190/1190/1190
f 1164/1164/1164 1189/1189/1189 1190/1190/1190
f 1166/1166/1166 1165/1165/1165 1191/1191/1191
f 1165/1165/1165 1190/1190/1190 1191/1191/1191
f 1167/1167/1167 1166/1166/1166 1192/1192/1192
f 1166/1166/1166 1191/1191/1191 1192/1192/1192
f 1168/1168/1168 1167/1167/1167 1193/1193/1193
f 1167/1167/1167 1192/1192/1192 1193/1193/1193
f 1169/1169/1169 1168/1168/1168 1194/1194/1194
f 1168/1168/1168 1193/1193/1193 1194/1194/1194
f 1170/1170/1170 1169/1169/1169 1195/1195/1195
f 1169/1169/1169 1194/1194/1194 1195/1195/1195
f 1171/1171/1171 1170/1170/1170 1196/1196/1196
f 1170/1170/1170 1195/1195/1195 1196/1196/1196
f 1172/1172/1172 1171/1171/1171 1197/1197/1197
f 1171/1171/1171 1196/1196/1196 1197/1197/1197
f 1173/1173/1173 1172/1172/1172 1198/1198/1198
f 1172/1172/1172 1197/1197/1197 1198/1198/1198
f 1174/1174/1174 1173/1173/1173 1199/1199/1199
f 1173/1173/1173 1198/1198/1198 1199/1199/1199
f 1175/1175/1175 1174/1174/1174 1200/1200/1200
f 1174/1174/1174 1199/1199/1199 1200/1200/1200
f 1177/1177/1177 1176/1176/1176 1202/1202/1202
f 1176/1176/1176 1201/1201/1201 1202/1202/1202
f 1178/1178/1178 1177/1177/1177 1203/1203/1203
f 1177/1177/1177 1202/1202/1202 1203/1203/1203
f 1179/1179/1179 1178/1178/1178 1204/1204/1204
f 1178/1178/1178 1203/1203/1203 1204/1204/1204
f 1180/1180/1180 1179/1179/1179 1205/1205/1205
f 1179/1179/1179 1204/1204/1204 1205/1205/1205
f 1181/1181/1181 1180/1180/1180 1206/1206/1206
f 1180/1180/1180 1205/1205/1205 1206/1206/1206
f 1182/1182/1182 1181/1181/1181 1207/1207/1207
f 1181/1181/1181 1206/1206/1206 1207/1207/1207
f 1183/1183/1183 1182/1182/1182 1208/1208/1208
f 1182/1182/1182 1207/1207/1207 1208/1208/1208
f 1184/1184/1184 1183/1183/1183 1209/1209/1209
f 1183/1183/1183 1208/1208/1208 1209/1209/1209
f 1185/1185/1185 1184/1184/1184 1210/1210/1210
f 1184/1184/1184 1209/1209/1209 1210/1210/1210
f 1186/1186/1186 1185/1185/1185 1211/1211/1211
f 1185/1185/1185 1210/1210/1210 1211/1211/1211
f 1187/1187/1187 1186/1186/1186 1212/1212/1212
f 1186/1186/1186 1211/1211/1211 1212/1212/1212
f 1188/1188/1188 1187/1187/1187 1213/1213/1213
f 1187/1187/1187 1212/1212/1212 1213/1213/1213
f 1189/1189/1189 1188/1188/1188 1214/1214/1214
f 1188/1188/1188 1213/1213/1213 1214/1214/1214
f 1190/1190/1190 1189/1189/1189 1215/1215/1215
f 1189/1189/1189 1214/1214/1214 1215/1215/1215
f 1191/1191/1191 1190/1190/1190 1216/1216/1216
f 1190/1190/1190 1215/1215/1215 1216/1216/1216
f 1192/1192/1192 1191/1191/1191 1217/1217/1217
f 1191/1191/1191 1216/1216/1216 1217/1217/1217
f 1193/1193/1193 1192/1192/1192 1218/1218/1218
f 1192/1192/1192 1217/1217/1217 1218/1218/1218
f 1194/1194/1194 1193/1193/1193 1219/1219/1219
f 1193/1193/1193 1218/1218/1218 1219/1219/1219
f 1195/1195/1195 1194/1194/1194 1220/1220/1220
f 1194/1194/1194 1219/1219/1219 1220/1220/1220
f 1196/1196/1196 1195/1195/1195 1221/1221/1221
f 1195/1195/1195 1220/1220/1220 1221/1221/1221
f 1197/1197/1197 1196/1196/1196 1222/1222/1222
f 1196/1196/1196 1221/1221/1221 1222/1222/1222
f 1198/1198/1198 1197/1197/1197 1223/1223/1223
f 1197/1197/1197 1222/1222/1222 1223/1223/1223
f 1199/1199/1199 1198/1198/1198 1224/1224/1224
f 1198/1198/1198 1223/1223/1223 1224/1224/1224
f 1200/1200/1200 1199/1199/1199 1225/1225/1225
f 1199/1199/1199 1224/1224/1224 1225/1225/1225
f 1202/1202/1202 1201/1201/1201 1227/1227/1227
f 1201/1201/1201 1226/1226/1226 1227/1227/1227
f 1203/1203/1203 1202/1202/1202 1228/1228/1228
f 1202/1202/1202 1227/1227/1227 1228/1228/1228
f 1204/1204/1204 1203/1203/1203 1229/1229/1229
f 1203/1203/1203 1228/1228/1228 1229/1229/1229
f 1205/1205/1205 1204/1204/1204 1230/1230/1230
f 1204/1204/1204 1229/1229/1229 1230/1230/1230
f 1206/1206/1206 1205/1205/1205 1231/1231/1231
f 1205/1205/1205 1230/1230/1230 1231/1231/1231
f 1207/1207/1207 1206/1206/1206 1232/1232/1232
f 1206/1206/1206 1231/1231/1231 1232/1232/1232
f 1208/1208/1208 1207/1207/1207 1233/1233/1233
f 1207/1207/1207 1232/1232/1232 1233/1233/1233
f 1209/1209/1209 1208/1208/1208 1234/1234/1234
f 1208/1208/1208 1233/1233/1233 1234/1234/1234
f 1210/1210/1210 1209/1209/1209 1235/1235/1235
f 1209/1209/1209 1234/1234/1234 1235/1235/1235
f 1211/1211/1211 1210/1210/1210 1236/1236/1236
f 1210/1210/1210 1235/1235/1235 1236/1236/1236
f 1212/1212/1212 1211/1211/1211 1237/1237/1237
f 1211/1211/1211 1236/1236/1236 1237/1237/1237
f 1213/1213/1213 1212/1212/1212 1238/1238/1238
f 1212/1212/1212 1237/1237/1237 1238/1238/1238
f 1214/1214/1214 1213/1213/1213 1239/1239/1239
f 1213/1213/1213 1238/1238/1238 1239/1239/1239
f 1215/1215/1215 1214/1214/1214 1240/1240/1240
f 1214/1214/1214 1239/1239/1239 1240/1240/1240
f 1216/1216/1216 1215/1215/1215 1241/1241/1241
f 1215/1215/1215 1240/1240/1240 1241/1241/1241
f 1217/1217/1217 1216/1216/1216 1242/1242/1242
f 1216/1216/1216 1241/1241/1241 1242/1242/1242
f 1218/1218/1218 1217/1217/1217 1243/1243/1243
f 1217/1217/1217 1242/1242/1242 1243/1243/1243
f 1219/1219/1219 1218/1218/1218 1244/1244/1244
f 1218/1218/1218 1243/1243/1243 1244/1244/1244
f 1220/1220/1220 1219/1219/1219 1245/1245/1245
f 1219/1219/1219 1244/1244/1244 1245/1245/1245
f 1221/1221/1221 1220/1220/1220 1246/1246/1246
f 1220/1220/1220 1245/1245/1245 1246/1246/1246
f 1222/1222/1222 1221/1221/1221 1247/1247/1247
f 1221/1221/1221 1246/1246/1246 1247/1247/1247
f 1223/1223/1223 1222/1222/1222 1248/1248/1248
f 1222/1222/1222 1247/1247/1247 1248/1248/1248
f 1224/1224/1224 1223/1223/1223 1249/1249/1249
f 1223/1223/1223 1248/1248/1248 1249/1249/1249
f 1225/1225/1225 1224/1224/1224 1250/1250/1250
f 1224/1224/1224 1249/1249/1249 1250/1250/1250
f 1227/1227/1227 1226/1226/1226 1252/1252/1252
f 1226/1226/1226 1251/1251/1251 1252/1252/1252
f 1228/1228/1228 1227/1227/1227 1253/1253/1253
f 1227/1227/1227 1252/1252/1252 1253/1253/1253
f 1229/1229/1229 1228/1228/1228 1254/1254/1254
f 1228/1228/1228 1253/1253/1253 1254/1254/1254
f 1230/1230/1230 1229/1229/1229 1255/1255/1255
f 1229/1229/1229 1254/1254/1254 1255/1255/1255
f 1231/1231/1231 1230/1230/1230 1256/1256/1256
f 1230/1230/1230 1255/1255/1255 1256/1256/1256
f 1232/1232/1232 1231/1231/1231 1257/1257/1257
f 1231/1231/1231 1256/1256/1256 1257/1257/1257
f 1233/1233/1233 1232/1232/1232 1258/1258/1258
f 1232/1232/1232 1257/1257/1257 1258/1258/1258
f 1234/1234/1234 1233/1233/1233 1259/1259/1259
f 1233/1233/1233 1258/1258/1258 1259/1259/1259
f 1235/1235/1235 1234/1234/1234 1260/1260/1260
f 1234/1234/1234 1259/1259/1259 1260/1260/1260
f 1236/1236/1236 1235/1235/1235 1261/1261/1261
f 1235/1235/1235 1260/1260/1260 1261/1261/1261
f 1237/1237/1237 1236/1236/1236 1262/1262/1262
f 1236/1236/1236 1261/1261/1261 1262/1262/1262
f 1238/1238/1238 1237/1237/1237 1263/1263/1263
f 1237/1237/1237 1262/1262/1262 1263/1263/1263
f 1239/1239/1239 1238/1238/1238 1264/1264/1264
f 1238/1238/1238 1263/1263/1263 1264/1264/1264
f 1240/1240/1240 1239/1239/1239 1265/1265/1265
f 1239/1239/1239 1264/1264/1264 1265/1265/1265
f 1241/1241/1241 1240/1240/1240 1266/1266/1266
f 1240/1240/1240 1265/1265/1265 1266/1266/1266
f 1242/1242/1242 1241/1241/1241 1267/1267/1267
f 1241/1241/1241 1266/1266/1266 1267/1267/1267
f 1243/1243/1243 1242/1242/1242 1268/1268/1268
f 1242/1242/1242 1267/1267/1267 1268/1268/1268
f 1244/1244/1244 1243/1243/1243 1269/1269/1269
f 1243/1243/1243 1268/1268/1268 1269/1269/1269
f 1245/1245/1245 1244/1244/1244 1270/1270/1270
f 1244/1244/1244 1269/1269/1269 1270/1270/1270
f 1246/1246/1246 1245/1245/1245 1271/1271/1271
f 1245/1245/1245 1270/1270/1270 1271/1271/1271
f 1247/1247/1247 1246/1246/1246 1272/1272/1272
f 1246/1246/1246 1271/1271/1271 1272/1272/1272
f 1248/1248/1248 1247/1247/1247 1273/1273/1273
f 1247/1247/1247 1272/1272/1272 1273/1273/1273
f 1249/1249/1249 1248/1248/1248 1274/1274/1274
f 1248/1248/1248 1273/1273/1273 1274/1274/1274
f 1250/1250/1250 1249/1249/1249 1275/1275/1275
f 1249/1249/1249 1274/1274/1274 1275/1275/1275
f 1252/1252/1252 1251/1251/1251 1277/1277/1277
f 1251/1251/1251 1276/1276/1276 1277/1277/1277
f 1253/1253/1253 1252/1252/1252 1278/1278/1278
f 1252/1252/1252 1277/1277/1277 1278/1278/1278
f 1254/1254/1254 1253/1253/1253 1279/1279/1279
f 1253/1253/1253 1278/1278/1278 1279/1279/1279
f 1255/1255/1255 1254/1254/1254 1280/1280/1280
f 1254/1254/1254 1279/1279/1279 1280/1280/1280
f 1256/1256/1256 1255/1255/1255 1281/1281/1281
f 1255/1255/1255 1280/1280/1280 1281/1281/1281
f 1257/1257/1257 1256/1256/1256 1282/1282/1282
f 1256/1256/1256 1281/1281/1281 1282/1282/1282
f 1258/1258/1258 1257/1257/1257 1283/1283/1283
f 1257/1257/1257 1282/1282/1282 1283/1283/1283
f 1259/1259/1259 1258/1258/1258 1284/1284/1284
f 1258/1258/1258 1283/1283/1283 1284/1284/1284
f 1260/1260/1260 1259/1259/1259 1285/1285/1285
f 1259/1259/1259 1284/1284/1284 1285/1285/1285
f 1261/1261/1261 1260/1260/1260 1286/1286/1286
f 1260/1260/1260 1285/1285/1285 1286/1286/1286
f 1262/1262/1262 1261/1261/1261 1287/1287/1287
f 1261/1261/1261 1286/1286/1286 1287/1287/1287
f 1263/1263/1263 1262/1262/1262 1288/1288/1288
f 1262/1262/1262 1287/1287/1287 1288/1288/1288
f 1264/1264/1264 1263/1263/1263 1289/1289/1289
f 1263/1263/1263 1288/1288/1288 1289/1289/1289
f 1265/1265/1265 1264/1264/1264 1290/1290/1290
f 1264/1264/1264 1289/1289/1289 1290/1290/1290
f 1266/1266/1266 1265/1265/1265 1291/1291/1291
f 1265/1265/1265 1290/1290/1290 1291/1291/1291
f 1267/1267/1267 1266/1266/1266 1292/1292/1292
f 1266/1266/1266 1291/1291/1291 1292/1292/1292
f 1268/1268/1268 1267/1267/1267 1293/1293/1293
f 1267/1267/1267 1292/1292/1292 1293/1293/1293
f 1269/1269/1269 1268/1268/1268 1294/1294/1294
f 1268/1268/1268 1293/1293/1293 1294/1294/1294
f 1270/1270/1270 1269/1269/1269 1295/1295/1295
f 1269/1269/1269 1294/1294/1294 1295/1295/1295
f 1271/1271/1271 1270/1270/1270 1296/1296/1296
f 1270/1270/1270 1295/1295/1295 1296/1296/1296
f 1272/1272/1272 1271/1271/1271 1297/1297/1297
f 1271/1271/1271 1296/1296/1296 1297/1297/1297
f 1273/1273/1273 1272/1272/1272 1298/1298/1298
f 1272/1272/1272 1297/1297/1297 1298/1298/1298
f 1274/1274/1274 1273/1273/1273 1299/1299/1299
f 1273/1273/1273 1298/1298/1298 1299/1299/1299
f 1275/1275/1275 1274/1274/1274 1300/1300/1300
f 1274/1274/1274 1299/1299/1299 1300/1300/1300
f 1277/1277/1277 1276/1276/1276 1302/1302/1302
f 1276/1276/1276 1301/1301/1301 1302/1302/1302
f 1278/1278/1278 1277/1277/1277 1303/1303/1303
f 1277/1277/1277 1302/1302/1302 1303/1303/1303
f 1279/1279/1279 1278/1278/1278 1304/1304/1304
f 1278/1278/1278 1303/1303/1303 1304/1304/1304
f 1280/1280/1280 1279/1279/1279 1305/1305/1305
f 1279/1279/1279 1304/1304/1304 1305/1305/1305
f 1281/1281/1281 1280/1280/1280 1306/1306/1306
f 1280/1280/1280 1305/1305/1305 1306/1306/1306
f 1282/1282/1282 1281/1281/1281 1307/1307/1307
f 1281/1281/1281 1306/1306/1306 1307/1307/1307
f 1283/1283/1283 1282/1282/1282 1308/1308/1308
f 1282/1282/1282 1307/1307/1307 1308/1308/1308
f 1284/1284/1284 1283/1283/1283 1309/1309/1309
f 1283/1283/1283 1308/1308/1308 1309/1309/1309
f 1285/1285/1285 1284/1284/1284 1310/1310/1310
f 1284/1284/1284 1309/1309/1309 1310/1310/1310
f 1286/1286/1286 1285/1285/1285 1311/1311/1311
f 1285/1285/1285 1310/1310/1310 1311/1311/1311
f 1287/1287/1287 1286/1286/1286 1312/1312/1312
f 1286/1286/1286 1311/1311/1311 1312/1312/1312
f 1288/1288/1288 1287/1287/1287 1313/1313/1313
f 1287/1287/1287 1312/1312/1312 1313/1313/1313
f 1289/1289/1289 1288/1288/1288 1314/1314/1314
f 1288/1288/1288 1313/1313/1313 1314/1314/1314
f 1290/1290/1290 1289/1289/1289 1315/1315/1315
f 1289/1289/1289 1314/1314/1314 1315/1315/1315
f 1291/1291/1291 1290/1290/1290 1316/1316/1316
f 1290/1290/1290 1315/1315/1315 1316/1316/1316
f 1292/1292/1292 1291/1291/1291 1317/1317/1317
f 1291/1291/1291 1316/1316/1316 1317/1317/1317
f 1293/1293/1293 1292/1292/1292 1318/1318/1318
f 1292/1292/1292 1317/1317/1317 1318/1318/1318
f 1294/1294/1294 1293/1293/1293 1319/1319/1319
f 1293/1293/1293 1318/1318/1318 1319/1319/1319
f 1295/1295/1295 1294/1294/1294 1320/1320/1320
f 1294/1294/1294 1319/1319/1319 1320/1320/1320
f 1296/1296/1296 1295/1295/1295 1321/1321/1321
f 1295/1295/1295 1320/1320/1320 1321/1321/1321
f 1297/1297/1297 1296/1296/1296 1322/1322/1322
f 1296/1296/1296 1321/1321/1321 1322/1322/1322
f 1298/1298/1298 1297/1297/1297 1323/1323/1323
f 1297/1297/1297 1322/1322/1322 1323/1323/1323
f 1299/1299/1299 1298/1298/1298 1324/1324/1324
f 1298/1298/1298 1323/1323/1323 1324/1324/1324
f 1300/1300/1300 1299/1299/1299 1325/1325/1325
f 1299/1299/1299 1324/1324/1324 1325/1325/1325
f 1302/1302/1302 1301/1301/1301 1327/1327/1327
f 1301/1301/1301 1326/1326/1326 1327/1327/1327
f 1303/1303/1303 1302/1302/1302 1328/1328/1328
f 1302/1302/1302 1327/1327/1327 1328/1328/1328
f 1304/1304/1304 1303/1303/1303 1329/1329/1329
f 1303/1303/1303 1328/1328/1328 1329/1329/1329
f 1305/1305/1305 1304/1304/1304 1330/1330/1330
f 1304/1304/1304 1329/1329/1329 1330/1330/1330
f 1306/1306/1306 1305/1305/1305 1331/1331/1331
f 1305/1305/1305 1330/1330/1330 1331/1331/1331
f 1307/1307/1307 1306/1306/1306 1332/1332/1332
f 1306/1306/1306 1331/1331/1331 1332/1332/1332
f 1308/1308/1308 1307/1307/1307 1333/1333/1333
f 1307/1307/1307 1332/1332/1332 1333/1333/1333
f 1309/1309/1309 1308/1308/1308 1334/1334/1334
f 1308/1308/1308 1333/1333/1333 1334/1334/1334
f 1310/1310/1310 1309/1309/1309 1335/1335/1335
f 1309/1309/1309 1334/1334/1334 1335/1335/1335
f 1311/1311/1311 1310/1310/1310 1336/1336/1336
f 1310/1310/1310 1335/1335/1335 1336/1336/1336
f 1312/1312/1312 1311/1311/1311 1337/1337/1337
f 1311/1311/1311 1336/1336/1336 1337/1337/1337
f 1313/1313/1313 1312/1312/1312 1338/1338/1338
f 1312/1312/1312 1337/1337/1337 1338/1338/1338
f 1314/1314/1314 1313/1313/1313 1339/1339/1339
f 1313/1313/1313 1338/1338/1338 1339/1339/1339
f 1315/1315/1315 1314/1314/1314 1340/1340/1340
f 1314/1314/1314 1339/1339/1339 1340/1340/1340
f 1316/1316/1316 1315/1315/1315 1341/1341/1341
f 1315/1315/1315 1340/1340/1340 1341/1341/1341
f 1317/1317/1317 1316/1316/1316 1342/1342/1342
f 1316/1316/1316 1341/1341/1341 1342/1342/1342
f 1318/1318/1318 1317/1317/1317 1343/1343/1343
f 1317/1317/1317 1342/1342/1342 1343/1343/1343
f 1319/1319/1319 1318/1318/1318 1344/1344/1344
f 1318/1318/1318 1343/1343/1343 1344/1344/1344
f 1320/1320/1320 1319/1319/1319 1345/1345/1345
f 1319/1319/1319 1344/1344/1344 1345/1345/1345
f 1321/1321/1321 1320/1320/1320 1346/1346/1346
f 1320/1320/1320 1345/1345/1345 1346/1346/1346
f 1322/1322/1322 1321/1321/1321 1347/1347/1347
f 1321/1321/1321 1346/1346/1346 1347/1347/1347
f 1323/1323/1323 1322/1322/1322 1348/1348/1348
f 1322/1322/1322 1347/1347/1347 1348/1348/1348
f 1324/1324/1324 1323/1323/1323 1349/1349/1349
f 1323/1323/1323 1348/1348/1348 1349/1349/1349
f 1325/1325/1325 1324/1324/1324 1350/1350/1350
f 1324/1324/1324 1349/1349/1349 1350/1350/1350
f 1327/1327/1327 1326/1326/1326 1352/1352/1352
f 1326/1326/1326 1351/1351/1351 1352/1352/1352
f 1328/1328/1328 1327/1327/1327 1353/1353/1353
f 1327/1327/1327 1352/1352/1352 1353/1353/1353
f 1329/1329/1329 1328/1328/1328 1354/1354/1354
f 1328/1328/1328 1353/1353/1353 1354/1354/1354
f 1330/1330/1330 1329/1329/1329 1355/1355/1355
f 1329/1329/1329 1354/1354/1354 1355/1355/1355
f 1331/1331/1331 1330/1330/1330 1356/1356/1356
f 1330/1330/1330 1355/1355/1355 1356/1356/1356
f 1332/1332/1332 1331/1331/1331 1357/1357/1357
f 1331/1331/1331 1356/1356/1356 1357/1357/1357
f 1333/1333/1333 1332/1332/1332 1358/1358/1358
f 1332/1332/1332 1357/1357/1357 1358/1358/1358
f 1334/1334/1334 1333/1333/1333 1359/1359/1359
f 1333/1333/1333 1358/1358/1358 1359/1359/1359
f 1335/1335/1335 1334/1334/1334 1360/1360/1360
f 1334/1334/1334 1359/1359/1359 1360/1360/1360
f 1336/1336/1336 1335/1335/1335 1361/1361/1361
f 1335/1335/1335 1360/1360/1360 1361/1361/1361
f 1337/1337/1337 1336/1336/1336 1362/1362/1362
f 1336/1336/1336 1361/1361/1361 1362/1362/1362
f 1338/1338/1338 1337/1337/1337 1363/1363/1363
f 1337/1337/1337 1362/1362/1362 1363/1363/1363
f 1339/1339/1339 1338/1338/1338 1364/1364/1364
f 1338/1338/1338 1363/1363/1363 1364/1364/1364
f 1340/1340/1340 1339/1339/1339 1365/1365/1365
f 1339/1339/1339 1364/1364/1364 1365/1365/1365
f 1341/1341/1341 1340/1340/1340 1366/1366/1366
f 1340/1340/1340 1365/1365/1365 1366/1366/1366
f 1342/1342/1342 1341/1341/1341 1367/1367/1367
f 1341/1341/1341 1366/1366/1366 1367/1367/1367
f 1343/1343/1343 1342/1342/1342 1368/1368/1368
f 1342/1342/1342 1367/1367/1367 1368/1368/1368
f 1344/1344/1344 1343/1343/1343 1369/1369/1369
f 1343/1343/1343 1368/1368/1368 1369/1369/1369
f 1345/1345/1345 1344/1344/1344 1370/1370/1370
f 1344/1344/1344 1369/1369/1369 1370/1370/1370
f 1346/1346/1346 1345/1345/1345 1371/1371/1371
f 1345/1345/1345 1370/1370/1370 1371/1371/1371
f 1347/1347/1347 1346/1346/1346 1372/1372/1372
f 1346/1346/1346 1371/1371/1371 1372/1372/1372
f 1348/1348/1348 1347/1347/1347 1373/1373/1373
f 1347/1347/1347 1372/1372/1372 1373/1373/1373
f 1349/1349/1349 1348/1348/1348 1374/1374/1374
f 1348/1348/1348 1373/1373/1373 1374/1374/1374
f 1350/1350/1350 1349/1349/1349 1375/1375/1375
f 1349/1349/1349 1374/1374/1374 1375/1375/1375
f 1352/1352/1352 1351/1351/1351 1377/1377/1377
f 1353/1353/1353 1352/1352/1352 1378/1378/1378
f 1354/1354/1354 1353/1353/1353 1379/1379/1379
f 1355/1355/1355 1354/1354/1354 1380/1380/1380
f 1356/1356/1356 1355/1355/1355 1381/1381/1381
f 1357/1357/1357 1356/1356/1356 1382/1382/1382
f 1358/1358/1358 1357/1357/1357 1383/1383/1383
f 1359/1359/1359 1358/1358/1358 1384/1384/1384
f 1360/1360/1360 1359/1359/1359 1385/1385/1385
f 1361/1361/1361 1360/1360/1360 1386/1386/1386
f 1362/1362/1362 1361/1361/1361 1387/1387/1387
f 1363/1363/1363 1362/1362/1362 1388/1388/1388
f 1364/1364/1364 1363/1363/1363 1389/1389/1389
f 1365/1365/1365 1364/1364/1364 1390/1390/1390
f 1366/1366/1366 1365/1365/1365 1391/1391/1391
f 1367/1367/1367 1366/1366/1366 1392/1392/1392
f 1368/1368/1368 1367/1367/1367 1393/1393/1393
f 1369/1369/1369 1368/1368/1368 1394/1394/1394
f 1370/1370/1370 1369/1369/1369 1395/1395/1395
f 1371/1371/1371 1370/1370/1370 1396/1396/1396
f 1372/1372/1372 1371/1371/1371 1397/1397/1397
f 1373/1373/1373 1372/1372/1372 1398/1398/1398
f 1374/1374/1374 1373/1373/1373 1399/1399/1399
f 1375/1375/1375 1374/1374/1374 1400/1400/1400
o upper_arm_l
usemtl gunmetal
v -0.186237498683697 0.4292975002914428 0.026000000536441803
v -0.17641481536882997 0.42771232095511685 0.02402086742222309
v -0.16808754522115432 0.4263684705892885 0.018384777009487152
v -0.1625234429941296 0.4254705387724157 0.009949768893420696
v -0.1605695887863407 0.42515522683400747 1.5920408173708508e-18
v -0.1625234429941296 0.4254705387724157 -0.009949768893420696
v -0.16808754522115432 0.4263684705892885 -0.018384777009487152
v -0.17641481536882997 0.42771232095511685 -0.02402086742222309
v -0.186237498683697 0.4292975002914428 -0.026000000536441803
v -0.19606018199856404 0.4308826796277688 -0.02402086742222309
v -0.20438745214623968 0.4322265299935971 -0.018384777009487152
v -0.2099515543732644 0.43312446181047 -0.009949768893420696
v -0.21190540858105328 0.43343977374887815 -4.776122658907706e-18
v -0.2099515543732644 0.43312446181047 0.009949768893420696
v -0.20438745214623968 0.4322265299935971 0.018384777009487152
v -0.19606018199856404 0.4308826796277688 0.02402086742222309
v -0.18623749868369702 0.4292975002914428 0.026000000536441803
v -0.20376250131630302 0.3207024997085572 0.023000000044703484
v -0.1950732040073281 0.31930022559466686 0.021249229088425636
v -0.18770677466778765 0.3181114352003078 0.016263455152511597
v -0.18278468260951022 0.31731711063825396 0.008801719173789024
v -0.1810562737545311 0.3170381809493074 1.4083438556575247e-18
v -0.18278468260951022 0.31731711063825396 -0.008801719173789024
v -0.18770677466778765 0.3181114352003078 -0.016263455152511597
v -0.1950732040073281 0.31930022559466686 -0.021249229088425636
v -0.203762501316303 0.3207024997085572 -0.023000000044703484
v -0.2124517986252779 0.32210477382244745 -0.021249229088425636
v -0.21981822796481837 0.32329356421680655 -0.016263455152511597
v -0.2247403200230958 0.3240878887788604 -0.008801719173789024
v -0.22646872887807493 0.3243668184678069 -4.225031360177421e-18
v -0.2247403200230958 0.3240878887788604 0.008801719173789024
v -0.21981822796481837 0.32329356421680655 0.016263455152511597
v -0.2124517986252779 0.32210477382244745 0.021249229088425636
v -0.20376250131630302 0.3207024997085572 0.023000000044703484
v -0.186237498683697 0.4292975002914428 0
v -0.186237498683697 0.4292975002914428 0
v -0.186237498683697 0.4292975002914428 0
v -0.186237498683697 0.4292975002914428 0
v -0.186237498683697 0.4292975002914428 0
v -0.186237498683697 0.4292975002914428 0
v -0.186237498683697 0.4292975002914428 0
v -0.186237498683697 0.4292975002914428 0
v -0.186237498683697 0.4292975002914428 0
v -0.186237498683697 0.4292975002914428 0
v -0.186237498683697 0.4292975002914428 0
v -0.186237498683697 0.4292975002914428 0
v -0.186237498683697 0.4292975002914428 0
v -0.186237498683697 0.4292975002914428 0
v -0.186237498683697 0.4292975002914428 0
v -0.186237498683697 0.4292975002914428 0
v -0.186237498683697 0.4292975002914428 0.026000000536441803
v -0.17641481536882997 0.42771232095511685 0.02402086742222309
v -0.16808754522115432 0.4263684705892885 0.018384777009487152
v -0.1625234429941296 0.4254705387724157 0.009949768893420696
v -0.1605695887863407 0.42515522683400747 1.5920408173708508e-18
v -0.1625234429941296 0.4254705387724157 -0.009949768893420696
v -0.16808754522115432 0.4263684705892885 -0.018384777009487152
v -0.17641481536882997 0.42771232095511685 -0.02402086742222309
v -0.186237498683697 0.4292975002914428 -0.026000000536441803
v -0.19606018199856404 0.4308826796277688 -0.02402086742222309
v -0.20438745214623968 0.4322265299935971 -0.018384777009487152
v -0.2099515543732644 0.43312446181047 -0.009949768893420696
v -0.21190540858105328 0.43343977374887815 -4.776122658907706e-18
v -0.2099515543732644 0.43312446181047 0.009949768893420696
v -0.20438745214623968 0.4322265299935971 0.018384777009487152
v -0.19606018199856404 0.4308826796277688 0.02402086742222309
v -0.18623749868369702 0.4292975002914428 0.026000000536441803
v -0.20376250131630302 0.3207024997085572 0
v -0.20376250131630302 0.3207024997085572 0
v -0.20376250131630302 0.3207024997085572 0
v -0.20376250131630302 0.3207024997085572 0
v -0.20376250131630302 0.3207024997085572 0
v -0.20376250131630302 0.3207024997085572 0
v -0.20376250131630302 0.3207024997085572 0
v -0.20376250131630302 0.3207024997085572 0
v -0.20376250131630302 0.3207024997085572 0
v -0.20376250131630302 0.3207024997085572 0
v -0.20376250131630302 0.3207024997085572 0
v -0.20376250131630302 0.3207024997085572 0
v -0.20376250131630302 0.3207024997085572 0
v -0.20376250131630302 0.3207024997085572 0
v -0.20376250131630302 0.3207024997085572 0
v -0.20376250131630302 0.3207024997085572 0
v -0.20376250131630302 0.3207024997085572 0.023000000044703484
v -0.1950732040073281 0.31930022559466686 0.021249229088425636
v -0.18770677466778765 0.3181114352003078 0.016263455152511597
v -0.18278468260951022 0.31731711063825396 0.008801719173789024
v -0.1810562737545311 0.3170381809493074 1.4083438556575247e-18
v -0.18278468260951022 0.31731711063825396 -0.008801719173789024
v -0.18770677466778765 0.3181114352003078 -0.016263455152511597
v -0.1950732040073281 0.31930022559466686 -0.021249229088425636
v -0.203762501316303 0.3207024997085572 -0.023000000044703484
v -0.2124517986252779 0.32210477382244745 -0.021249229088425636
v -0.21981822796481837 0.32329356421680655 -0.016263455152511597
v -0.2247403200230958 0.3240878887788604 -0.008801719173789024
v -0.22646872887807493 0.3243668184678069 -4.225031360177421e-18
v -0.2247403200230958 0.3240878887788604 0.008801719173789024
v -0.21981822796481837 0.32329356421680655 0.016263455152511597
v -0.2124517986252779 0.32210477382244745 0.021249229088425636
v -0.20376250131630302 0.3207024997085572 0.023000000044703484
vt 0 1
vt 0.0625 1
vt 0.125 1
vt 0.1875 1
vt 0.25 1
vt 0.3125 1
vt 0.375 1
vt 0.4375 1
vt 0.5 1
vt 0.5625 1
vt 0.625 1
vt 0.6875 1
vt 0.75 1
vt 0.8125 1
vt 0.875 1
vt 0.9375 1
vt 1 1
vt 0 0
vt 0.0625 0
vt 0.125 0
vt 0.1875 0
vt 0.25 0
vt 0.3125 0
vt 0.375 0
vt 0.4375 0
vt 0.5 0
vt 0.5625 0
vt 0.625 0
vt 0.6875 0
vt 0.75 0
vt 0.8125 0
vt 0.875 0
vt 0.9375 0
vt 1 0
vt 0.5 0.5
vt 0.5 0.5
vt 0.5 0.5
vt 0.5 0.5
vt 0.5 0.5
vt 0.5 0.5
vt 0.5 0.5
vt 0.5 0.5
vt 0.5 0.5
vt 0.5 0.5
vt 0.5 0.5
vt 0.5 0.5
vt 0.5 0.5
vt 0.5 0.5
vt 0.5 0.5
vt 0.5 0.5
vt 1 0.5
vt 0.9619397521018982 0.6913416981697083
vt 0.8535534143447876 0.8535534143447876
vt 0.6913416981697083 0.9619397521018982
vt 0.5 1
vt 0.30865827202796936 0.9619397521018982
vt 0.1464466154575348 0.8535534143447876
vt 0.03806023299694061 0.6913416981697083
vt 0 0.5
vt 0.03806023299694061 0.30865827202796936
vt 0.1464466154575348 0.1464466154575348
vt 0.30865827202796936 0.03806023299694061
vt 0.5 0
vt 0.6913416981697083 0.03806023299694061
vt 0.8535534143447876 0.1464466154575348
vt 0.9619397521018982 0.30865827202796936
vt 1 0.5
vt 0.5 0.5
vt 0.5 0.5
vt 0.5 0.5
vt 0.5 0.5
vt 0.5 0.5
vt 0.5 0.5
vt 0.5 0.5
vt 0.5 0.5
vt 0.5 0.5
vt 0.5 0.5
vt 0.5 0.5
vt 0.5 0.5
vt 0.5 0.5
vt 0.5 0.5
vt 0.5 0.5
vt 0.5 0.5
vt 1 0.5
vt 0.9619397521018982 0.30865827202796936
vt 0.8535534143447876 0.1464466154575348
vt 0.6913416981697083 0.03806023299694061
vt 0.5 0
vt 0.30865827202796936 0.03806023299694061
vt 0.1464466154575348 0.1464466154575348
vt 0.03806023299694061 0.30865827202796936
vt 0 0.5
vt 0.03806023299694061 0.6913416981697083
vt 0.1464466154575348 0.8535534143447876
vt 0.30865827202796936 0.9619397521018982
vt 0.5 1
vt 0.6913416981697083 0.9619397521018982
vt 0.8535534143447876 0.8535534143447876
vt 0.9619397521018982 0.6913416981697083
vt 1 0.5
vn -0.004343427082577434 -0.026914373506948724 0.9996283064919215
vn 0.37331166784273867 -0.08786014943636877 0.9235361350772863
vn 0.6934722097084134 -0.1395274839322282 0.7068439542004105
vn 0.9073966425913588 -0.1740504946480798 0.38254118513787305
vn 0.9825169103208209 -0.1861733625780775 6.120957868350764e-17
vn 0.9073966425913588 -0.1740504946480798 -0.38254118513787305
vn 0.6934722097084134 -0.1395274839322282 -0.7068439542004105
vn 0.37331166784273867 -0.08786014943636877 -0.9235361350772863
vn -0.0043434270825773134 -0.026914373506948745 -0.9996283064919215
vn -0.38199852212317204 0.03403140170813965 -0.9235361350772863
vn -0.7021590636431015 0.08569873834643506 -0.7068439542004105
vn -0.916083496871792 0.1202217469198507 -0.38254118513787305
vn -0.9912037644859758 0.13234461556418006 -1.8362873605052293e-16
vn -0.916083496871792 0.1202217469198507 0.38254118513787305
vn -0.7021590636431015 0.08569873834643506 0.7068439542004105
vn -0.38199852212317204 0.03403140170813965 0.9235361350772863
vn -0.004343427082577676 -0.026914373506948686 0.9996283064919215
vn -0.004343427082577434 -0.026914373506948724 0.9996283064919215
vn 0.37331166784273867 -0.08786014943636877 0.9235361350772863
vn 0.6934722097084134 -0.1395274839322282 0.7068439542004105
vn 0.9073966425913588 -0.1740504946480798 0.38254118513787305
vn 0.9825169103208209 -0.1861733625780775 6.120957868350764e-17
vn 0.9073966425913588 -0.1740504946480798 -0.38254118513787305
vn 0.6934722097084134 -0.1395274839322282 -0.7068439542004105
vn 0.37331166784273867 -0.08786014943636877 -0.9235361350772863
vn -0.0043434270825773134 -0.026914373506948745 -0.9996283064919215
vn -0.38199852212317204 0.03403140170813965 -0.9235361350772863
vn -0.7021590636431015 0.08569873834643506 -0.7068439542004105
vn -0.916083496871792 0.1202217469198507 -0.38254118513787305
vn -0.9912037644859758 0.13234461556418006 -1.8362873605052293e-16
vn -0.916083496871792 0.1202217469198507 0.38254118513787305
vn -0.7021590636431015 0.08569873834643506 0.7068439542004105
vn -0.38199852212317204 0.03403140170813965 0.9235361350772863
vn -0.004343427082577676 -0.026914373506948686 0.9996283064919215
vn 0.15931820661424598 0.9872272833756269 0
vn 0.15931820661424598 0.9872272833756269 0
vn 0.15931820661424598 0.9872272833756269 0
vn 0.15931820661424598 0.9872272833756269 0
vn 0.15931820661424598 0.9872272833756269 0
vn 0.15931820661424598 0.9872272833756269 0
vn 0.15931820661424598 0.9872272833756269 0
vn 0.15931820661424598 0.9872272833756269 0
vn 0.15931820661424598 0.9872272833756269 0
vn 0.15931820661424598 0.9872272833756269 0
vn 0.15931820661424598 0.9872272833756269 0
vn 0.15931820661424598 0.9872272833756269 0
vn 0.15931820661424598 0.9872272833756269 0
vn 0.15931820661424598 0.9872272833756269 0
vn 0.15931820661424598 0.9872272833756269 0
vn 0.15931820661424598 0.9872272833756269 0
vn 0.15931820661424598 0.9872272833756269 0
vn 0.15931820661424598 0.9872272833756269 0
vn 0.15931820661424598 0.9872272833756269 0
vn 0.15931820661424598 0.9872272833756269 0
vn 0.15931820661424598 0.9872272833756269 0
vn 0.15931820661424598 0.9872272833756269 0
vn 0.15931820661424598 0.9872272833756269 0
vn 0.15931820661424598 0.9872272833756269 0
vn 0.15931820661424598 0.9872272833756269 0
vn 0.15931820661424598 0.9872272833756269 0
vn 0.15931820661424598 0.9872272833756269 0
vn 0.15931820661424598 0.9872272833756269 0
vn 0.15931820661424598 0.9872272833756269 0
vn 0.15931820661424598 0.9872272833756269 0
vn 0.15931820661424598 0.9872272833756269 0
vn 0.15931820661424598 0.9872272833756269 0
vn 0.15931820661424598 0.9872272833756269 0
vn -0.15931820661424598 -0.9872272833756269 0
vn -0.15931820661424598 -0.9872272833756269 0
vn -0.15931820661424598 -0.9872272833756269 0
vn -0.15931820661424598 -0.9872272833756269 0
vn -0.15931820661424598 -0.9872272833756269 0
vn -0.15931820661424598 -0.9872272833756269 0
vn -0.15931820661424598 -0.9872272833756269 0
vn -0.15931820661424598 -0.9872272833756269 0
vn -0.15931820661424598 -0.9872272833756269 0
vn -0.15931820661424598 -0.9872272833756269 0
vn -0.15931820661424598 -0.9872272833756269 0
vn -0.15931820661424598 -0.9872272833756269 0
vn -0.15931820661424598 -0.9872272833756269 0
vn -0.15931820661424598 -0.9872272833756269 0
vn -0.15931820661424598 -0.9872272833756269 0
vn -0.15931820661424598 -0.9872272833756269 0
vn -0.15931820661424598 -0.9872272833756269 0
vn -0.15931820661424598 -0.9872272833756269 0
vn -0.15931820661424598 -0.9872272833756269 0
vn -0.15931820661424598 -0.9872272833756269 0
vn -0.15931820661424598 -0.9872272833756269 0
vn -0.15931820661424598 -0.9872272833756269 0
vn -0.15931820661424598 -0.9872272833756269 0
vn -0.15931820661424598 -0.9872272833756269 0
vn -0.15931820661424598 -0.9872272833756269 0
vn -0.15931820661424598 -0.9872272833756269 0
vn -0.15931820661424598 -0.9872272833756269 0
vn -0.15931820661424598 -0.9872272833756269 0
vn -0.15931820661424598 -0.9872272833756269 0
vn -0.15931820661424598 -0.9872272833756269 0
vn -0.15931820661424598 -0.9872272833756269 0
vn -0.15931820661424598 -0.9872272833756269 0
vn -0.15931820661424598 -0.9872272833756269 0
f 1401/1401/1401 1418/1418/1418 1402/1402/1402
f 1418/1418/1418 1419/1419/1419 1402/1402/1402
f 1402/1402/1402 1419/1419/1419 1403/1403/1403
f 1419/1419/1419 1420/1420/1420 1403/1403/1403
f 1403/1403/1403 1420/1420/1420 1404/1404/1404
f 1420/1420/1420 1421/1421/1421 1404/1404/1404
f 1404/1404/1404 1421/1421/1421 1405/1405/1405
f 1421/1421/1421 1422/1422/1422 1405/1405/1405
f 1405/1405/1405 1422/1422/1422 1406/1406/1406
f 1422/1422/1422 1423/1423/1423 1406/1406/1406
f 1406/1406/1406 1423/1423/1423 1407/1407/1407
f 1423/1423/1423 1424/1424/1424 1407/1407/1407
f 1407/1407/1407 1424/1424/1424 1408/1408/1408
f 1424/1424/1424 1425/1425/1425 1408/1408/1408
f 1408/1408/1408 1425/1425/1425 1409/1409/1409
f 1425/1425/1425 1426/1426/1426 1409/1409/1409
f 1409/1409/1409 1426/1426/1426 1410/1410/1410
f 1426/1426/1426 1427/1427/1427 1410/1410/1410
f 1410/1410/1410 1427/1427/1427 1411/1411/1411
f 1427/1427/1427 1428/1428/1428 1411/1411/1411
f 1411/1411/1411 1428/1428/1428 1412/1412/1412
f 1428/1428/1428 1429/1429/1429 1412/1412/1412
f 1412/1412/1412 1429/1429/1429 1413/1413/1413
f 1429/1429/1429 1430/1430/1430 1413/1413/1413
f 1413/1413/1413 1430/1430/1430 1414/1414/1414
f 1430/1430/1430 1431/1431/1431 1414/1414/1414
f 1414/1414/1414 1431/1431/1431 1415/1415/1415
f 1431/1431/1431 1432/1432/1432 1415/1415/1415
f 1415/1415/1415 1432/1432/1432 1416/1416/1416
f 1432/1432/1432 1433/1433/1433 1416/1416/1416
f 1416/1416/1416 1433/1433/1433 1417/1417/1417
f 1433/1433/1433 1434/1434/1434 1417/1417/1417
f 1451/1451/1451 1452/1452/1452 1435/1435/1435
f 1452/1452/1452 1453/1453/1453 1436/1436/1436
f 1453/1453/1453 1454/1454/1454 1437/1437/1437
f 1454/1454/1454 1455/1455/1455 1438/1438/1438
f 1455/1455/1455 1456/1456/1456 1439/1439/1439
f 1456/1456/1456 1457/1457/1457 1440/1440/1440
f 1457/1457/1457 1458/1458/1458 1441/1441/1441
f 1458/1458/1458 1459/1459/1459 1442/1442/1442
f 1459/1459/1459 1460/1460/1460 1443/1443/1443
f 1460/1460/1460 1461/1461/1461 1444/1444/1444
f 1461/1461/1461 1462/1462/1462 1445/1445/1445
f 1462/1462/1462 1463/1463/1463 1446/1446/1446
f 1463/1463/1463 1464/1464/1464 1447/1447/1447
f 1464/1464/1464 1465/1465/1465 1448/1448/1448
f 1465/1465/1465 1466/1466/1466 1449/1449/1449
f 1466/1466/1466 1467/1467/1467 1450/1450/1450
f 1485/1485/1485 1484/1484/1484 1468/1468/1468
f 1486/1486/1486 1485/1485/1485 1469/1469/1469
f 1487/1487/1487 1486/1486/1486 1470/1470/1470
f 1488/1488/1488 1487/1487/1487 1471/1471/1471
f 1489/1489/1489 1488/1488/1488 1472/1472/1472
f 1490/1490/1490 1489/1489/1489 1473/1473/1473
f 1491/1491/1491 1490/1490/1490 1474/1474/1474
f 1492/1492/1492 1491/1491/1491 1475/1475/1475
f 1493/1493/1493 1492/1492/1492 1476/1476/1476
f 1494/1494/1494 1493/1493/1493 1477/1477/1477
f 1495/1495/1495 1494/1494/1494 1478/1478/1478
f 1496/1496/1496 1495/1495/1495 1479/1479/1479
f 1497/1497/1497 1496/1496/1496 1480/1480/1480
f 1498/1498/1498 1497/1497/1497 1481/1481/1481
f 1499/1499/1499 1498/1498/1498 1482/1482/1482
f 1500/1500/1500 1499/1499/1499 1483/1483/1483
o elbow_l
usemtl joint
v -0.205 0.34300000086426735 0
v -0.205 0.34300000086426735 0
v -0.205 0.34300000086426735 0
v -0.205 0.34300000086426735 0
v -0.205 0.34300000086426735 0
v -0.205 0.34300000086426735 0
v -0.205 0.34300000086426735 0
v -0.205 0.34300000086426735 0
v -0.205 0.34300000086426735 0
v -0.205 0.34300000086426735 0
v -0.205 0.34300000086426735 0
v -0.205 0.34300000086426735 0
v -0.205 0.34300000086426735 0
v -0.205 0.34300000086426735 0
v -0.205 0.34300000086426735 0
v -0.205 0.34300000086426735 0
v -0.205 0.34300000086426735 0
v -0.205 0.34300000086426735 0
v -0.205 0.34300000086426735 0
v -0.205 0.34300000086426735 0
v -0.205 0.34300000086426735 0
v -0.2104625291377306 0.3424619869887829 0
v -0.21019517390057443 0.3424619869887829 0.0016880142502486706
v -0.20941927881911396 0.3424619869887829 0.003210793947800994
v -0.20821079394780098 0.3424619869887829 0.00441927881911397
v -0.20668801425024866 0.3424619869887829 0.005195173900574446
v -0.205 0.3424619869887829 0.0054625291377305984
v -0.20331198574975132 0.3424619869887829 0.005195173900574446
v -0.201789206052199 0.3424619869887829 0.00441927881911397
v -0.20058072118088602 0.3424619869887829 0.003210793947800994
v -0.19980482609942554 0.3424619869887829 0.0016880142502486706
v -0.1995374708622694 0.3424619869887829 6.68966862464564e-19
v -0.19980482609942554 0.3424619869887829 -0.0016880142502486706
v -0.20058072118088602 0.3424619869887829 -0.003210793947800994
v -0.201789206052199 0.3424619869887829 -0.00441927881911397
v -0.20331198574975132 0.3424619869887829 -0.005195173900574446
v -0.205 0.3424619869887829 -0.0054625291377305984
v -0.20668801425024866 0.3424619869887829 -0.005195173900574446
v -0.20821079394780098 0.3424619869887829 -0.00441927881911397
v -0.20941927881911396 0.3424619869887829 -0.003210793947800994
v -0.21019517390057443 0.3424619869887829 -0.0016880142502486706
v -0.2104625291377306 0.3424619869887829 -1.337933724929128e-18
v -0.2157151363044977 0.3408686263114214 0
v -0.21519070018082856 0.3408686263114214 0.0033111590892076492
v -0.2136687272414565 0.3408686263114214 0.006298198830336332
v -0.21129819883033632 0.3408686263114214 0.008668727241456509
v -0.20831115908920764 0.3408686263114214 0.010190700180828571
v -0.205 0.3408686263114214 0.010715136304497719
v -0.20168884091079234 0.3408686263114214 0.010190700180828571
v -0.19870180116966366 0.3408686263114214 0.008668727241456509
v -0.19633127275854348 0.3408686263114214 0.006298198830336332
v -0.19480929981917142 0.3408686263114214 0.0033111590892076492
v -0.19428486369550227 0.3408686263114214 1.312225675274016e-18
v -0.19480929981917142 0.3408686263114214 -0.0033111590892076492
v -0.19633127275854348 0.3408686263114214 -0.006298198830336332
v -0.19870180116966366 0.3408686263114214 -0.008668727241456509
v -0.20168884091079234 0.3408686263114214 -0.010190700180828571
v -0.205 0.3408686263114214 -0.010715136304497719
v -0.20831115908920764 0.3408686263114214 -0.010190700180828571
v -0.21129819883033632 0.3408686263114214 -0.008668727241456509
v -0.2136687272414565 0.3408686263114214 -0.006298198830336332
v -0.21519070018082856 0.3408686263114214 -0.0033111590892076492
v -0.2157151363044977 0.3408686263114214 -2.624451350548032e-18
v -0.2205559666454792 0.33828114956617356 0
v -0.21979460299015044 0.33828114956617356 0.004807057790458202
v -0.2175850411131978 0.33828114956617356 0.009143567644059658
v -0.21414356764405965 0.33828114956617356 0.012585041113197803
v -0.2098070577904582 0.33828114956617356 0.014794602990150452
v -0.205 0.33828114956617356 0.015555966645479202
v -0.20019294220954179 0.33828114956617356 0.014794602990150452
v -0.19585643235594033 0.33828114956617356 0.012585041113197803
v -0.19241495888680218 0.33828114956617356 0.009143567644059658
v -0.19020539700984954 0.33828114956617356 0.004807057790458202
v -0.18944403335452079 0.33828114956617356 1.9050565077137266e-18
v -0.19020539700984954 0.33828114956617356 -0.004807057790458202
v -0.19241495888680218 0.33828114956617356 -0.009143567644059658
v -0.19585643235594033 0.33828114956617356 -0.012585041113197803
v -0.20019294220954179 0.33828114956617356 -0.014794602990150452
v -0.205 0.33828114956617356 -0.015555966645479202
v -0.2098070577904582 0.33828114956617356 -0.014794602990150452
v -0.21414356764405965 0.33828114956617356 -0.012585041113197803
v -0.2175850411131978 0.33828114956617356 -0.009143567644059658
v -0.21979460299015044 0.33828114956617356 -0.004807057790458202
v -0.2205559666454792 0.33828114956617356 -3.810113015427453e-18
v -0.22479899033904074 0.33479899033904076 0
v -0.22382995851337908 0.33479899033904076 0.0061182244680821896
v -0.22101772010326384 0.33479899033904076 0.011637554503977299
v -0.2166375545039773 0.33479899033904076 0.016017720103263855
v -0.21111822446808218 0.33479899033904076 0.018829958513379097
v -0.205 0.33479899033904076 0.019798990339040756
v -0.1988817755319178 0.33479899033904076 0.018829958513379097
v -0.1933624454960227 0.33479899033904076 0.016017720103263855
v -0.18898227989673613 0.33479899033904076 0.011637554503977299
v -0.1861700414866209 0.33479899033904076 0.0061182244680821896
v -0.18520100966095923 0.33479899033904076 2.424676892858819e-18
v -0.1861700414866209 0.33479899033904076 -0.0061182244680821896
v -0.18898227989673613 0.33479899033904076 -0.011637554503977299
v -0.1933624454960227 0.33479899033904076 -0.016017720103263855
v -0.1988817755319178 0.33479899033904076 -0.018829958513379097
v -0.205 0.33479899033904076 -0.019798990339040756
v -0.21111822446808218 0.33479899033904076 -0.018829958513379097
v -0.2166375545039773 0.33479899033904076 -0.016017720103263855
v -0.22101772010326384 0.33479899033904076 -0.011637554503977299
v -0.22382995851337908 0.33479899033904076 -0.0061182244680821896
v -0.22479899033904074 0.33479899033904076 -4.849353785717638e-18
v -0.22828114956617354 0.3305559666454792 0
v -0.22714168943464755 0.3305559666454792 0.007194270845502615
v -0.22383484609425067 0.3305559666454792 0.013684316538274288
v -0.21868431653827428 0.3305559666454792 0.01883484609425068
v -0.2121942708455026 0.3305559666454792 0.02214168943464756
v -0.205 0.3305559666454792 0.023281149566173553
v -0.19780572915449737 0.3305559666454792 0.02214168943464756
v -0.1913156834617257 0.3305559666454792 0.01883484609425068
v -0.1861651539057493 0.3305559666454792 0.013684316538274288
v -0.18285831056535243 0.3305559666454792 0.007194270845502615
v -0.18171885043382643 0.3305559666454792 2.8511184839271097e-18
v -0.18285831056535243 0.3305559666454792 -0.007194270845502615
v -0.1861651539057493 0.3305559666454792 -0.013684316538274288
v -0.1913156834617257 0.3305559666454792 -0.01883484609425068
v -0.19780572915449737 0.3305559666454792 -0.02214168943464756
v -0.205 0.3305559666454792 -0.023281149566173553
v -0.2121942708455026 0.3305559666454792 -0.02214168943464756
v -0.21868431653827428 0.3305559666454792 -0.01883484609425068
v -0.22383484609425067 0.3305559666454792 -0.013684316538274288
v -0.22714168943464755 0.3305559666454792 -0.007194270845502615
v -0.22828114956617354 0.3305559666454792 -5.702236967854219e-18
v -0.23086862631142138 0.3257151363044977 0
v -0.22960252679884433 0.3257151363044977 0.007993845269083977
v -0.22592815935611724 0.3257151363044977 0.015205197036266327
v -0.22020519703626631 0.3257151363044977 0.02092815935611725
v -0.21299384526908396 0.3257151363044977 0.024602526798844337
v -0.205 0.3257151363044977 0.025868626311421394
v -0.197006154730916 0.3257151363044977 0.024602526798844337
v -0.18979480296373366 0.3257151363044977 0.02092815935611725
v -0.18407184064388274 0.3257151363044977 0.015205197036266327
v -0.18039747320115565 0.3257151363044977 0.007993845269083977
v -0.1791313736885786 0.3257151363044977 3.1679931786226984e-18
v -0.18039747320115565 0.3257151363044977 -0.007993845269083977
v -0.18407184064388274 0.3257151363044977 -0.015205197036266327
v -0.18979480296373366 0.3257151363044977 -0.02092815935611725
v -0.197006154730916 0.3257151363044977 -0.024602526798844337
v -0.205 0.3257151363044977 -0.025868626311421394
v -0.21299384526908396 0.3257151363044977 -0.024602526798844337
v -0.22020519703626631 0.3257151363044977 -0.02092815935611725
v -0.22592815935611724 0.3257151363044977 -0.015205197036266327
v -0.22960252679884433 0.3257151363044977 -0.007993845269083977
v -0.23086862631142138 0.3257151363044977 -6.335986357245397e-18
v -0.23246198698878287 0.3204625291377306 0
v -0.2311179022490978 0.3204625291377306 0.008486220613121986
v -0.22721721410751342 0.3204625291377306 0.016141751781105995
v -0.22114175178110598 0.3204625291377306 0.022217214107513428
v -0.21348622061312197 0.3204625291377306 0.026117902249097824
v -0.205 0.3204625291377306 0.027461986988782883
v -0.196513779386878 0.3204625291377306 0.026117902249097824
v -0.188858248218894 0.3204625291377306 0.022217214107513428
v -0.18278278589248656 0.3204625291377306 0.016141751781105995
v -0.17888209775090216 0.3204625291377306 0.008486220613121986
v -0.1775380130112171 0.3204625291377306 3.3631236375578857e-18
v -0.17888209775090216 0.3204625291377306 -0.008486220613121986
v -0.18278278589248656 0.3204625291377306 -0.016141751781105995
v -0.188858248218894 0.3204625291377306 -0.022217214107513428
v -0.196513779386878 0.3204625291377306 -0.026117902249097824
v -0.205 0.3204625291377306 -0.027461986988782883
v -0.21348622061312197 0.3204625291377306 -0.026117902249097824
v -0.22114175178110598 0.3204625291377306 -0.022217214107513428
v -0.22721721410751342 0.3204625291377306 -0.016141751781105995
v -0.2311179022490978 0.3204625291377306 -0.008486220613121986
v -0.23246198698878287 0.3204625291377306 -6.726247275115771e-18
v -0.23300000086426734 0.315 0
v -0.23162958204746245 0.315 0.008652475662529469
v -0.22765247516334056 0.315 0.01645798794925213
v -0.22145798794925212 0.315 0.02265247516334057
v -0.21365247566252946 0.315 0.026629582047462463
v -0.205 0.315 0.02800000086426735
v -0.19634752433747052 0.315 0.026629582047462463
v -0.18854201205074786 0.315 0.02265247516334057
v -0.18234752483665942 0.315 0.01645798794925213
v -0.17837041795253752 0.315 0.008652475662529469
v -0.17699999913573264 0.315 3.429011054889572e-18
v -0.17837041795253752 0.315 -0.008652475662529469
v -0.18234752483665942 0.315 -0.01645798794925213
v -0.18854201205074786 0.315 -0.02265247516334057
v -0.19634752433747052 0.315 -0.026629582047462463
v -0.205 0.315 -0.02800000086426735
v -0.21365247566252946 0.315 -0.026629582047462463
v -0.22145798794925212 0.315 -0.02265247516334057
v -0.22765247516334056 0.315 -0.01645798794925213
v -0.23162958204746245 0.315 -0.008652475662529469
v -0.23300000086426734 0.315 -6.858022109779144e-18
v -0.23246198698878287 0.3095374708622694 0
v -0.2311179022490978 0.3095374708622694 0.008486220613121986
v -0.22721721410751342 0.3095374708622694 0.016141751781105995
v -0.22114175178110598 0.3095374708622694 0.022217214107513428
v -0.21348622061312197 0.3095374708622694 0.026117902249097824
v -0.205 0.3095374708622694 0.027461986988782883
v -0.196513779386878 0.3095374708622694 0.026117902249097824
v -0.188858248218894 0.3095374708622694 0.022217214107513428
v -0.18278278589248656 0.3095374708622694 0.016141751781105995
v -0.17888209775090216 0.3095374708622694 0.008486220613121986
v -0.1775380130112171 0.3095374708622694 3.3631236375578857e-18
v -0.17888209775090216 0.3095374708622694 -0.008486220613121986
v -0.18278278589248656 0.3095374708622694 -0.016141751781105995
v -0.188858248218894 0.3095374708622694 -0.022217214107513428
v -0.196513779386878 0.3095374708622694 -0.026117902249097824
v -0.205 0.3095374708622694 -0.027461986988782883
v -0.21348622061312197 0.3095374708622694 -0.026117902249097824
v -0.22114175178110598 0.3095374708622694 -0.022217214107513428
v -0.22721721410751342 0.3095374708622694 -0.016141751781105995
v -0.2311179022490978 0.3095374708622694 -0.008486220613121986
v -0.23246198698878287 0.3095374708622694 -6.726247275115771e-18
v -0.23086862631142138 0.3042848636955023 0
v -0.22960252679884433 0.3042848636955023 0.007993845269083977
v -0.22592815935611724 0.3042848636955023 0.015205197036266327
v -0.22020519703626631 0.3042848636955023 0.02092815935611725
v -0.21299384526908396 0.3042848636955023 0.024602526798844337
v -0.205 0.3042848636955023 0.025868626311421394
v -0.197006154730916 0.3042848636955023 0.024602526798844337
v -0.18979480296373366 0.3042848636955023 0.02092815935611725
v -0.18407184064388274 0.3042848636955023 0.015205197036266327
v -0.18039747320115565 0.3042848636955023 0.007993845269083977
v -0.1791313736885786 0.3042848636955023 3.1679931786226984e-18
v -0.18039747320115565 0.3042848636955023 -0.007993845269083977
v -0.18407184064388274 0.3042848636955023 -0.015205197036266327
v -0.18979480296373366 0.3042848636955023 -0.02092815935611725
v -0.197006154730916 0.3042848636955023 -0.024602526798844337
v -0.205 0.3042848636955023 -0.025868626311421394
v -0.21299384526908396 0.3042848636955023 -0.024602526798844337
v -0.22020519703626631 0.3042848636955023 -0.02092815935611725
v -0.22592815935611724 0.3042848636955023 -0.015205197036266327
v -0.22960252679884433 0.3042848636955023 -0.007993845269083977
v -0.23086862631142138 0.3042848636955023 -6.335986357245397e-18
v -0.22828114956617354 0.2994440333545208 0
v -0.22714168943464755 0.2994440333545208 0.007194270845502615
v -0.22383484609425067 0.2994440333545208 0.013684316538274288
v -0.21868431653827428 0.2994440333545208 0.01883484609425068
v -0.2121942708455026 0.2994440333545208 0.02214168943464756
v -0.205 0.2994440333545208 0.023281149566173553
v -0.19780572915449737 0.2994440333545208 0.02214168943464756
v -0.1913156834617257 0.2994440333545208 0.01883484609425068
v -0.1861651539057493 0.2994440333545208 0.013684316538274288
v -0.18285831056535243 0.2994440333545208 0.007194270845502615
v -0.18171885043382643 0.2994440333545208 2.8511184839271097e-18
v -0.18285831056535243 0.2994440333545208 -0.007194270845502615
v -0.1861651539057493 0.2994440333545208 -0.013684316538274288
v -0.1913156834617257 0.2994440333545208 -0.01883484609425068
v -0.19780572915449737 0.2994440333545208 -0.02214168943464756
v -0.205 0.2994440333545208 -0.023281149566173553
v -0.2121942708455026 0.2994440333545208 -0.02214168943464756
v -0.21868431653827428 0.2994440333545208 -0.01883484609425068
v -0.22383484609425067 0.2994440333545208 -0.013684316538274288
v -0.22714168943464755 0.2994440333545208 -0.007194270845502615
v -0.22828114956617354 0.2994440333545208 -5.702236967854219e-18
v -0.22479899033904074 0.29520100966095925 0
v -0.22382995851337908 0.29520100966095925 0.0061182244680821896
v -0.22101772010326384 0.29520100966095925 0.011637554503977299
v -0.2166375545039773 0.29520100966095925 0.016017720103263855
v -0.21111822446808218 0.29520100966095925 0.018829958513379097
v -0.205 0.29520100966095925 0.019798990339040756
v -0.1988817755319178 0.29520100966095925 0.018829958513379097
v -0.1933624454960227 0.29520100966095925 0.016017720103263855
v -0.18898227989673613 0.29520100966095925 0.011637554503977299
v -0.1861700414866209 0.29520100966095925 0.0061182244680821896
v -0.18520100966095923 0.29520100966095925 2.424676892858819e-18
v -0.1861700414866209 0.29520100966095925 -0.0061182244680821896
v -0.18898227989673613 0.29520100966095925 -0.011637554503977299
v -0.1933624454960227 0.29520100966095925 -0.016017720103263855
v -0.1988817755319178 0.29520100966095925 -0.018829958513379097
v -0.205 0.29520100966095925 -0.019798990339040756
v -0.21111822446808218 0.29520100966095925 -0.018829958513379097
v -0.2166375545039773 0.29520100966095925 -0.016017720103263855
v -0.22101772010326384 0.29520100966095925 -0.011637554503977299
v -0.22382995851337908 0.29520100966095925 -0.0061182244680821896
v -0.22479899033904074 0.29520100966095925 -4.849353785717638e-18
v -0.2205559666454792 0.29171885043382645 0
v -0.21979460299015044 0.29171885043382645 0.004807057790458202
v -0.2175850411131978 0.29171885043382645 0.009143567644059658
v -0.21414356764405965 0.29171885043382645 0.012585041113197803
v -0.2098070577904582 0.29171885043382645 0.014794602990150452
v -0.205 0.29171885043382645 0.015555966645479202
v -0.20019294220954179 0.29171885043382645 0.014794602990150452
v -0.19585643235594033 0.29171885043382645 0.012585041113197803
v -0.19241495888680218 0.29171885043382645 0.009143567644059658
v -0.19020539700984954 0.29171885043382645 0.004807057790458202
v -0.18944403335452079 0.29171885043382645 1.9050565077137266e-18
v -0.19020539700984954 0.29171885043382645 -0.004807057790458202
v -0.19241495888680218 0.29171885043382645 -0.009143567644059658
v -0.19585643235594033 0.29171885043382645 -0.012585041113197803
v -0.20019294220954179 0.29171885043382645 -0.014794602990150452
v -0.205 0.29171885043382645 -0.015555966645479202
v -0.2098070577904582 0.29171885043382645 -0.014794602990150452
v -0.21414356764405965 0.29171885043382645 -0.012585041113197803
v -0.2175850411131978 0.29171885043382645 -0.009143567644059658
v -0.21979460299015044 0.29171885043382645 -0.004807057790458202
v -0.2205559666454792 0.29171885043382645 -3.810113015427453e-18
v -0.2157151363044977 0.2891313736885786 0
v -0.21519070018082856 0.2891313736885786 0.0033111590892076492
v -0.2136687272414565 0.2891313736885786 0.006298198830336332
v -0.21129819883033632 0.2891313736885786 0.008668727241456509
v -0.20831115908920764 0.2891313736885786 0.010190700180828571
v -0.205 0.2891313736885786 0.010715136304497719
v -0.20168884091079234 0.2891313736885786 0.010190700180828571
v -0.19870180116966366 0.2891313736885786 0.008668727241456509
v -0.19633127275854348 0.2891313736885786 0.006298198830336332
v -0.19480929981917142 0.2891313736885786 0.0033111590892076492
v -0.19428486369550227 0.2891313736885786 1.312225675274016e-18
v -0.19480929981917142 0.2891313736885786 -0.0033111590892076492
v -0.19633127275854348 0.2891313736885786 -0.006298198830336332
v -0.19870180116966366 0.2891313736885786 -0.008668727241456509
v -0.20168884091079234 0.2891313736885786 -0.010190700180828571
v -0.205 0.2891313736885786 -0.010715136304497719
v -0.20831115908920764 0.2891313736885786 -0.010190700180828571
v -0.21129819883033632 0.2891313736885786 -0.008668727241456509
v -0.2136687272414565 0.2891313736885786 -0.006298198830336332
v -0.21519070018082856 0.2891313736885786 -0.0033111590892076492
v -0.2157151363044977 0.2891313736885786 -2.624451350548032e-18
v -0.2104625291377306 0.2875380130112171 0
v -0.21019517390057443 0.2875380130112171 0.0016880142502486706
v -0.20941927881911396 0.2875380130112171 0.003210793947800994
v -0.20821079394780098 0.2875380130112171 0.00441927881911397
v -0.20668801425024866 0.2875380130112171 0.005195173900574446
v -0.205 0.2875380130112171 0.0054625291377305984
v -0.20331198574975132 0.2875380130112171 0.005195173900574446
v -0.201789206052199 0.2875380130112171 0.00441927881911397
v -0.20058072118088602 0.2875380130112171 0.003210793947800994
v -0.19980482609942554 0.2875380130112171 0.0016880142502486706
v -0.1995374708622694 0.2875380130112171 6.68966862464564e-19
v -0.19980482609942554 0.2875380130112171 -0.0016880142502486706
v -0.20058072118088602 0.2875380130112171 -0.003210793947800994
v -0.201789206052199 0.2875380130112171 -0.00441927881911397
v -0.20331198574975132 0.2875380130112171 -0.005195173900574446
v -0.205 0.2875380130112171 -0.0054625291377305984
v -0.20668801425024866 0.2875380130112171 -0.005195173900574446
v -0.20821079394780098 0.2875380130112171 -0.00441927881911397
v -0.20941927881911396 0.2875380130112171 -0.003210793947800994
v -0.21019517390057443 0.2875380130112171 -0.0016880142502486706
v -0.2104625291377306 0.2875380130112171 -1.337933724929128e-18
v -0.205 0.28699999913573265 0
v -0.205 0.28699999913573265 1.0596227073786444e-18
v -0.205 0.28699999913573265 2.0155221358219675e-18
v -0.205 0.28699999913573265 2.7741282348234303e-18
v -0.205 0.28699999913573265 3.2611833464329225e-18
v -0.205 0.28699999913573265 3.429011054889572e-18
v -0.205 0.28699999913573265 3.2611833464329225e-18
v -0.205 0.28699999913573265 2.7741282348234303e-18
v -0.205 0.28699999913573265 2.0155221358219675e-18
v -0.205 0.28699999913573265 1.0596227073786444e-18
v -0.205 0.28699999913573265 4.199327294505405e-34
v -0.205 0.28699999913573265 -1.0596227073786444e-18
v -0.205 0.28699999913573265 -2.0155221358219675e-18
v -0.205 0.28699999913573265 -2.7741282348234303e-18
v -0.205 0.28699999913573265 -3.2611833464329225e-18
v -0.205 0.28699999913573265 -3.429011054889572e-18
v -0.205 0.28699999913573265 -3.2611833464329225e-18
v -0.205 0.28699999913573265 -2.7741282348234303e-18
v -0.205 0.28699999913573265 -2.0155221358219675e-18
v -0.205 0.28699999913573265 -1.0596227073786444e-18
v -0.205 0.28699999913573265 -8.39865458901081e-34
vt 0.02500000037252903 1
vt 0.07500000298023224 1
vt 0.125 1
vt 0.17499999701976776 1
vt 0.22499999403953552 1
vt 0.2750000059604645 1
vt 0.32499998807907104 1
vt 0.375 1
vt 0.42500001192092896 1
vt 0.4749999940395355 1
vt 0.5249999761581421 1
vt 0.574999988079071 1
vt 0.625 1
vt 0.675000011920929 1
vt 0.7250000238418579 1
vt 0.7749999761581421 1
vt 0.824999988079071 1
vt 0.875 1
vt 0.925000011920929 1
vt 0.9750000238418579 1
vt 1.024999976158142 1
vt 0 0.9375
vt 0.05000000074505806 0.9375
vt 0.10000000149011612 0.9375
vt 0.15000000596046448 0.9375
vt 0.20000000298023224 0.9375
vt 0.25 0.9375
vt 0.30000001192092896 0.9375
vt 0.3499999940395355 0.9375
vt 0.4000000059604645 0.9375
vt 0.44999998807907104 0.9375
vt 0.5 0.9375
vt 0.550000011920929 0.9375
vt 0.6000000238418579 0.9375
vt 0.6499999761581421 0.9375
vt 0.699999988079071 0.9375
vt 0.75 0.9375
vt 0.800000011920929 0.9375
vt 0.8500000238418579 0.9375
vt 0.8999999761581421 0.9375
vt 0.949999988079071 0.9375
vt 1 0.9375
vt 0 0.875
vt 0.05000000074505806 0.875
vt 0.10000000149011612 0.875
vt 0.15000000596046448 0.875
vt 0.20000000298023224 0.875
vt 0.25 0.875
vt 0.30000001192092896 0.875
vt 0.3499999940395355 0.875
vt 0.4000000059604645 0.875
vt 0.44999998807907104 0.875
vt 0.5 0.875
vt 0.550000011920929 0.875
vt 0.6000000238418579 0.875
vt 0.6499999761581421 0.875
vt 0.699999988079071 0.875
vt 0.75 0.875
vt 0.800000011920929 0.875
vt 0.8500000238418579 0.875
vt 0.8999999761581421 0.875
vt 0.949999988079071 0.875
vt 1 0.875
vt 0 0.8125
vt 0.05000000074505806 0.8125
vt 0.10000000149011612 0.8125
vt 0.15000000596046448 0.8125
vt 0.20000000298023224 0.8125
vt 0.25 0.8125
vt 0.30000001192092896 0.8125
vt 0.3499999940395355 0.8125
vt 0.4000000059604645 0.8125
vt 0.44999998807907104 0.8125
vt 0.5 0.8125
vt 0.550000011920929 0.8125
vt 0.6000000238418579 0.8125
vt 0.6499999761581421 0.8125
vt 0.699999988079071 0.8125
vt 0.75 0.8125
vt 0.800000011920929 0.8125
vt 0.8500000238418579 0.8125
vt 0.8999999761581421 0.8125
vt 0.949999988079071 0.8125
vt 1 0.8125
vt 0 0.75
vt 0.05000000074505806 0.75
vt 0.10000000149011612 0.75
vt 0.15000000596046448 0.75
vt 0.20000000298023224 0.75
vt 0.25 0.75
vt 0.30000001192092896 0.75
vt 0.3499999940395355 0.75
vt 0.4000000059604645 0.75
vt 0.44999998807907104 0.75
vt 0.5 0.75
vt 0.550000011920929 0.75
vt 0.6000000238418579 0.75
vt 0.6499999761581421 0.75
vt 0.699999988079071 0.75
vt 0.75 0.75
vt 0.800000011920929 0.75
vt 0.8500000238418579 0.75
vt 0.8999999761581421 0.75
vt 0.949999988079071 0.75
vt 1 0.75
vt 0 0.6875
vt 0.05000000074505806 0.6875
vt 0.10000000149011612 0.6875
vt 0.15000000596046448 0.6875
vt 0.20000000298023224 0.6875
vt 0.25 0.6875
vt 0.30000001192092896 0.6875
vt 0.3499999940395355 0.6875
vt 0.4000000059604645 0.6875
vt 0.44999998807907104 0.6875
vt 0.5 0.6875
vt 0.550000011920929 0.6875
vt 0.6000000238418579 0.6875
vt 0.6499999761581421 0.6875
vt 0.699999988079071 0.6875
vt 0.75 0.6875
vt 0.800000011920929 0.6875
vt 0.8500000238418579 0.6875
vt 0.8999999761581421 0.6875
vt 0.949999988079071 0.6875
vt 1 0.6875
vt 0 0.625
vt 0.05000000074505806 0.625
vt 0.10000000149011612 0.625
vt 0.15000000596046448 0.625
vt 0.20000000298023224 0.625
vt 0.25 0.625
vt 0.30000001192092896 0.625
vt 0.3499999940395355 0.625
vt 0.4000000059604645 0.625
vt 0.44999998807907104 0.625
vt 0.5 0.625
vt 0.550000011920929 0.625
vt 0.6000000238418579 0.625
vt 0.6499999761581421 0.625
vt 0.699999988079071 0.625
vt 0.75 0.625
vt 0.800000011920929 0.625
vt 0.8500000238418579 0.625
vt 0.8999999761581421 0.625
vt 0.949999988079071 0.625
vt 1 0.625
vt 0 0.5625
vt 0.05000000074505806 0.5625
vt 0.10000000149011612 0.5625
vt 0.15000000596046448 0.5625
vt 0.20000000298023224 0.5625
vt 0.25 0.5625
vt 0.30000001192092896 0.5625
vt 0.3499999940395355 0.5625
vt 0.4000000059604645 0.5625
vt 0.44999998807907104 0.5625
vt 0.5 0.5625
vt 0.550000011920929 0.5625
vt 0.6000000238418579 0.5625
vt 0.6499999761581421 0.5625
vt 0.699999988079071 0.5625
vt 0.75 0.5625
vt 0.800000011920929 0.5625
vt 0.8500000238418579 0.5625
vt 0.8999999761581421 0.5625
vt 0.949999988079071 0.5625
vt 1 0.5625
vt 0 0.5
vt 0.05000000074505806 0.5
vt 0.10000000149011612 0.5
vt 0.15000000596046448 0.5
vt 0.20000000298023224 0.5
vt 0.25 0.5
vt 0.30000001192092896 0.5
vt 0.3499999940395355 0.5
vt 0.4000000059604645 0.5
vt 0.44999998807907104 0.5
vt 0.5 0.5
vt 0.550000011920929 0.5
vt 0.6000000238418579 0.5
vt 0.6499999761581421 0.5
vt 0.699999988079071 0.5
vt 0.75 0.5
vt 0.800000011920929 0.5
vt 0.8500000238418579 0.5
vt 0.8999999761581421 0.5
vt 0.949999988079071 0.5
vt 1 0.5
vt 0 0.4375
vt 0.05000000074505806 0.4375
vt 0.10000000149011612 0.4375
vt 0.15000000596046448 0.4375
vt 0.20000000298023224 0.4375
vt 0.25 0.4375
vt 0.30000001192092896 0.4375
vt 0.3499999940395355 0.4375
vt 0.4000000059604645 0.4375
vt 0.44999998807907104 0.4375
vt 0.5 0.4375
vt 0.550000011920929 0.4375
vt 0.6000000238418579 0.4375
vt 0.6499999761581421 0.4375
vt 0.699999988079071 0.4375
vt 0.75 0.4375
vt 0.800000011920929 0.4375
vt 0.8500000238418579 0.4375
vt 0.8999999761581421 0.4375
vt 0.949999988079071 0.4375
vt 1 0.4375
vt 0 0.375
vt 0.05000000074505806 0.375
vt 0.10000000149011612 0.375
vt 0.15000000596046448 0.375
vt 0.20000000298023224 0.375
vt 0.25 0.375
vt 0.30000001192092896 0.375
vt 0.3499999940395355 0.375
vt 0.4000000059604645 0.375
vt 0.44999998807907104 0.375
vt 0.5 0.375
vt 0.550000011920929 0.375
vt 0.6000000238418579 0.375
vt 0.6499999761581421 0.375
vt 0.699999988079071 0.375
vt 0.75 0.375
vt 0.800000011920929 0.375
vt 0.8500000238418579 0.375
vt 0.8999999761581421 0.375
vt 0.949999988079071 0.375
vt 1 0.375
vt 0 0.3125
vt 0.05000000074505806 0.3125
vt 0.10000000149011612 0.3125
vt 0.15000000596046448 0.3125
vt 0.20000000298023224 0.3125
vt 0.25 0.3125
vt 0.30000001192092896 0.3125
vt 0.3499999940395355 0.3125
vt 0.4000000059604645 0.3125
vt 0.44999998807907104 0.3125
vt 0.5 0.3125
vt 0.550000011920929 0.3125
vt 0.6000000238418579 0.3125
vt 0.6499999761581421 0.3125
vt 0.699999988079071 0.3125
vt 0.75 0.3125
vt 0.800000011920929 0.3125
vt 0.8500000238418579 0.3125
vt 0.8999999761581421 0.3125
vt 0.949999988079071 0.3125
vt 1 0.3125
vt 0 0.25
vt 0.05000000074505806 0.25
vt 0.10000000149011612 0.25
vt 0.15000000596046448 0.25
vt 0.20000000298023224 0.25
vt 0.25 0.25
vt 0.30000001192092896 0.25
vt 0.3499999940395355 0.25
vt 0.4000000059604645 0.25
vt 0.44999998807907104 0.25
vt 0.5 0.25
vt 0.550000011920929 0.25
vt 0.6000000238418579 0.25
vt 0.6499999761581421 0.25
vt 0.699999988079071 0.25
vt 0.75 0.25
vt 0.800000011920929 0.25
vt 0.8500000238418579 0.25
vt 0.8999999761581421 0.25
vt 0.949999988079071 0.25
vt 1 0.25
vt 0 0.1875
vt 0.05000000074505806 0.1875
vt 0.10000000149011612 0.1875
vt 0.15000000596046448 0.1875
vt 0.20000000298023224 0.1875
vt 0.25 0.1875
vt 0.30000001192092896 0.1875
vt 0.3499999940395355 0.1875
vt 0.4000000059604645 0.1875
vt 0.44999998807907104 0.1875
vt 0.5 0.1875
vt 0.550000011920929 0.1875
vt 0.6000000238418579 0.1875
vt 0.6499999761581421 0.1875
vt 0.699999988079071 0.1875
vt 0.75 0.1875
vt 0.800000011920929 0.1875
vt 0.8500000238418579 0.1875
vt 0.8999999761581421 0.1875
vt 0.949999988079071 0.1875
vt 1 0.1875
vt 0 0.125
vt 0.05000000074505806 0.125
vt 0.10000000149011612 0.125
vt 0.15000000596046448 0.125
vt 0.20000000298023224 0.125
vt 0.25 0.125
vt 0.30000001192092896 0.125
vt 0.3499999940395355 0.125
vt 0.4000000059604645 0.125
vt 0.44999998807907104 0.125
vt 0.5 0.125
vt 0.550000011920929 0.125
vt 0.6000000238418579 0.125
vt 0.6499999761581421 0.125
vt 0.699999988079071 0.125
vt 0.75 0.125
vt 0.800000011920929 0.125
vt 0.8500000238418579 0.125
vt 0.8999999761581421 0.125
vt 0.949999988079071 0.125
vt 1 0.125
vt 0 0.0625
vt 0.05000000074505806 0.0625
vt 0.10000000149011612 0.0625
vt 0.15000000596046448 0.0625
vt 0.20000000298023224 0.0625
vt 0.25 0.0625
vt 0.30000001192092896 0.0625
vt 0.3499999940395355 0.0625
vt 0.4000000059604645 0.0625
vt 0.44999998807907104 0.0625
vt 0.5 0.0625
vt 0.550000011920929 0.0625
vt 0.6000000238418579 0.0625
vt 0.6499999761581421 0.0625
vt 0.699999988079071 0.0625
vt 0.75 0.0625
vt 0.800000011920929 0.0625
vt 0.8500000238418579 0.0625
vt 0.8999999761581421 0.0625
vt 0.949999988079071 0.0625
vt 1 0.0625
vt -0.02500000037252903 0
vt 0.02500000037252903 0
vt 0.07500000298023224 0
vt 0.125 0
vt 0.17499999701976776 0
vt 0.22499999403953552 0
vt 0.2750000059604645 0
vt 0.32499998807907104 0
vt 0.375 0
vt 0.42500001192092896 0
vt 0.4749999940395355 0
vt 0.5249999761581421 0
vt 0.574999988079071 0
vt 0.625 0
vt 0.675000011920929 0
vt 0.7250000238418579 0
vt 0.7749999761581421 0
vt 0.824999988079071 0
vt 0.875 0
vt 0.925000011920929 0
vt 0.9750000238418579 0
vn 0 1 0
vn 0 1 0
vn 0 1 0
vn 0 1 0
vn 0 1 0
vn 0 1 0
vn 0 1 0
vn 0 1 0
vn 0 1 0
vn 0 1 0
vn 0 1 0
vn 0 1 0
vn 0 1 0
vn 0 1 0
vn 0 1 0
vn 0 1 0
vn 0 1 0
vn 0 1 0
vn 0 1 0
vn 0 1 0
vn 0 1 0
vn -0.19509032931342324 0.9807852789517083 0
vn -0.18554193303865749 0.9807852782790393 0.060286225585834116
vn -0.15783139031777935 0.9807852791622833 0.11467121874698477
vn -0.11467121874698477 0.9807852791622833 0.15783139031777935
vn -0.060286225585834116 0.9807852782790393 0.18554193303865749
vn -1.1945837521388368e-17 0.9807852789517083 0.19509032931342324
vn 0.060286225585834116 0.9807852782790393 0.18554193303865749
vn 0.11467121874698477 0.9807852791622833 0.15783139031777935
vn 0.15783139031777935 0.9807852791622833 0.11467121874698477
vn 0.18554193303865749 0.9807852782790393 0.060286225585834116
vn 0.19509032931342324 0.9807852789517083 2.3891675042776736e-17
vn 0.18554193303865749 0.9807852782790393 -0.060286225585834116
vn 0.15783139031777935 0.9807852791622833 -0.11467121874698477
vn 0.11467121874698477 0.9807852791622833 -0.15783139031777935
vn 0.060286225585834116 0.9807852782790393 -0.18554193303865749
vn 3.583751173698447e-17 0.9807852789517083 -0.19509032931342324
vn -0.060286225585834116 0.9807852782790393 -0.18554193303865749
vn -0.11467121874698477 0.9807852791622833 -0.15783139031777935
vn -0.15783139031777935 0.9807852791622833 -0.11467121874698477
vn -0.18554193303865749 0.9807852782790393 -0.060286225585834116
vn -0.19509032931342324 0.9807852789517083 -4.778335008555347e-17
vn -0.3826834370613369 0.9238795305660377 0
vn -0.36395357170073417 0.9238795324059993 0.11825568589945505
vn -0.30959741046821454 0.9238795270537845 0.22493568619107826
vn -0.22493568619107826 0.9238795270537845 0.30959741046821454
vn -0.11825568589945505 0.9238795324059993 0.36395357170073417
vn -2.3432603017245014e-17 0.9238795305660377 0.3826834370613369
vn 0.11825568589945505 0.9238795324059993 0.36395357170073417
vn 0.22493568619107826 0.9238795270537845 0.30959741046821454
vn 0.30959741046821454 0.9238795270537845 0.22493568619107826
vn 0.36395357170073417 0.9238795324059993 0.11825568589945505
vn 0.3826834370613369 0.9238795305660377 4.686520603449003e-17
vn 0.36395357170073417 0.9238795324059993 -0.11825568589945505
vn 0.30959741046821454 0.9238795270537845 -0.22493568619107826
vn 0.22493568619107826 0.9238795270537845 -0.30959741046821454
vn 0.11825568589945505 0.9238795324059993 -0.36395357170073417
vn 7.029780739737377e-17 0.9238795305660377 -0.3826834370613369
vn -0.11825568589945505 0.9238795324059993 -0.36395357170073417
vn -0.22493568619107826 0.9238795270537845 -0.30959741046821454
vn -0.30959741046821454 0.9238795270537845 -0.22493568619107826
vn -0.36395357170073417 0.9238795324059993 -0.11825568589945505
vn -0.3826834370613369 0.9238795305660377 -9.373041206898005e-17
vn -0.555570248949409 0.8314696016585884 0
vn -0.5283786797648593 0.8314696179628451 0.17168064880662698
vn -0.4494657585480415 0.8314696081968067 0.3265560021464657
vn -0.3265560021464657 0.8314696081968067 0.4494657585480415
vn -0.17168064880662698 0.8314696179628451 0.5283786797648593
vn -3.401886504589378e-17 0.8314696016585884 0.555570248949409
vn 0.17168064880662698 0.8314696179628451 0.5283786797648593
vn 0.3265560021464657 0.8314696081968067 0.4494657585480415
vn 0.4494657585480415 0.8314696081968067 0.3265560021464657
vn 0.5283786797648593 0.8314696179628451 0.17168064880662698
vn 0.555570248949409 0.8314696016585884 6.803773009178756e-17
vn 0.5283786797648593 0.8314696179628451 -0.17168064880662698
vn 0.4494657585480415 0.8314696081968067 -0.3265560021464657
vn 0.3265560021464657 0.8314696081968067 -0.4494657585480415
vn 0.17168064880662698 0.8314696179628451 -0.5283786797648593
vn 1.0205659844640382e-16 0.8314696016585884 -0.555570248949409
vn -0.17168064880662698 0.8314696179628451 -0.5283786797648593
vn -0.3265560021464657 0.8314696081968067 -0.4494657585480415
vn -0.4494657585480415 0.8314696081968067 -0.3265560021464657
vn -0.5283786797648593 0.8314696179628451 -0.17168064880662698
vn -0.555570248949409 0.8314696016585884 -1.3607546018357512e-16
vn -0.7071067811865476 0.7071067811865476 0
vn -0.6724985254555338 0.7071067704166476 0.21850800555373517
vn -0.5720614176588762 0.7071067668252459 0.41562694178321036
vn -0.41562694178321036 0.7071067668252459 0.5720614176588762
vn -0.21850800555373517 0.7071067704166476 0.6724985254555338
vn -4.329780375814312e-17 0.7071067811865476 0.7071067811865476
vn 0.21850800555373517 0.7071067704166476 0.6724985254555338
vn 0.41562694178321036 0.7071067668252459 0.5720614176588762
vn 0.5720614176588762 0.7071067668252459 0.41562694178321036
vn 0.6724985254555338 0.7071067704166476 0.21850800555373517
vn 0.7071067811865476 0.7071067811865476 8.659560751628624e-17
vn 0.6724985254555338 0.7071067704166476 -0.21850800555373517
vn 0.5720614176588762 0.7071067668252459 -0.41562694178321036
vn 0.41562694178321036 0.7071067668252459 -0.5720614176588762
vn 0.21850800555373517 0.7071067704166476 -0.6724985254555338
vn 1.2989340465698435e-16 0.7071067811865476 -0.7071067811865476
vn -0.21850800555373517 0.7071067704166476 -0.6724985254555338
vn -0.41562694178321036 0.7071067668252459 -0.5720614176588762
vn -0.5720614176588762 0.7071067668252459 -0.41562694178321036
vn -0.6724985254555338 0.7071067704166476 -0.21850800555373517
vn -0.7071067811865476 0.7071067811865476 -1.7319121503257247e-16
vn -0.8314696016585884 0.555570248949409 0
vn -0.790774582614927 0.5555702439449209 0.256938248482333
vn -0.672673043213811 0.5555702420015914 0.48872557037233416
vn -0.48872557037233416 0.5555702420015914 0.672673043213811
vn -0.256938248482333 0.5555702439449209 0.790774582614927
vn -5.091283142626975e-17 0.555570248949409 0.8314696016585884
vn 0.256938248482333 0.5555702439449209 0.790774582614927
vn 0.48872557037233416 0.5555702420015914 0.672673043213811
vn 0.672673043213811 0.5555702420015914 0.48872557037233416
vn 0.790774582614927 0.5555702439449209 0.256938248482333
vn 0.8314696016585884 0.555570248949409 1.018256628525395e-16
vn 0.790774582614927 0.5555702439449209 -0.256938248482333
vn 0.672673043213811 0.5555702420015914 -0.48872557037233416
vn 0.48872557037233416 0.5555702420015914 -0.672673043213811
vn 0.256938248482333 0.5555702439449209 -0.790774582614927
vn 1.5273849097008678e-16 0.555570248949409 -0.8314696016585884
vn -0.256938248482333 0.5555702439449209 -0.790774582614927
vn -0.48872557037233416 0.5555702420015914 -0.672673043213811
vn -0.672673043213811 0.5555702420015914 -0.48872557037233416
vn -0.790774582614927 0.5555702439449209 -0.256938248482333
vn -0.8314696016585884 0.555570248949409 -2.03651325705079e-16
vn -0.9238795305660377 0.3826834370613369 0
vn -0.878661647790497 0.38268343278472655 0.28549448151266615
vn -0.7474342453230138 0.38268341941514195 0.5430427694235064
vn -0.5430427694235064 0.38268341941514195 0.7474342453230138
vn -0.28549448151266615 0.38268343278472655 0.878661647790497
vn -5.657130722319695e-17 0.3826834370613369 0.9238795305660377
vn 0.28549448151266615 0.38268343278472655 0.878661647790497
vn 0.5430427694235064 0.38268341941514195 0.7474342453230138
vn 0.7474342453230138 0.38268341941514195 0.5430427694235064
vn 0.878661647790497 0.38268343278472655 0.28549448151266615
vn 0.9238795305660377 0.3826834370613369 1.131426144463939e-16
vn 0.878661647790497 0.38268343278472655 -0.28549448151266615
vn 0.7474342453230138 0.38268341941514195 -0.5430427694235064
vn 0.5430427694235064 0.38268341941514195 -0.7474342453230138
vn 0.28549448151266615 0.38268343278472655 -0.878661647790497
vn 1.6971392166959086e-16 0.3826834370613369 -0.9238795305660377
vn -0.28549448151266615 0.38268343278472655 -0.878661647790497
vn -0.5430427694235064 0.38268341941514195 -0.7474342453230138
vn -0.7474342453230138 0.38268341941514195 -0.5430427694235064
vn -0.878661647790497 0.38268343278472655 -0.28549448151266615
vn -0.9238795305660377 0.3826834370613369 -2.262852288927878e-16
vn -0.9807852789517083 0.19509032931342324 0
vn -0.932782235312015 0.19509032422006142 0.3030793079080657
vn -0.7934719520691215 0.19509032851987904 0.5764911317597378
vn -0.5764911317597378 0.19509032851987904 0.7934719520691215
vn -0.3030793079080657 0.19509032422006142 0.932782235312015
vn -6.005578251043524e-17 0.19509032931342324 0.9807852789517083
vn 0.3030793079080657 0.19509032422006142 0.932782235312015
vn 0.5764911317597378 0.19509032851987904 0.7934719520691215
vn 0.7934719520691215 0.19509032851987904 0.5764911317597378
vn 0.932782235312015 0.19509032422006142 0.3030793079080657
vn 0.9807852789517083 0.19509032931342324 1.2011156502087048e-16
vn 0.932782235312015 0.19509032422006142 -0.3030793079080657
vn 0.7934719520691215 0.19509032851987904 -0.5764911317597378
vn 0.5764911317597378 0.19509032851987904 -0.7934719520691215
vn 0.3030793079080657 0.19509032422006142 -0.932782235312015
vn 1.801673409138606e-16 0.19509032931342324 -0.9807852789517083
vn -0.3030793079080657 0.19509032422006142 -0.932782235312015
vn -0.5764911317597378 0.19509032851987904 -0.7934719520691215
vn -0.7934719520691215 0.19509032851987904 -0.5764911317597378
vn -0.932782235312015 0.19509032422006142 -0.3030793079080657
vn -0.9807852789517083 0.19509032931342324 -2.4022313004174096e-16
vn -1 6.123234262925839e-17 0
vn -0.9510565161477913 6.123234109277411e-17 0.3090169948284817
vn -0.8090170011595983 6.123234252155896e-17 0.5877852429542022
vn -0.5877852429542022 6.123234252155896e-17 0.8090170011595983
vn -0.3090169948284817 6.123234109277411e-17 0.9510565161477913
vn -6.123234262925839e-17 6.123234262925839e-17 1
vn 0.3090169948284817 6.123234109277411e-17 0.9510565161477913
vn 0.5877852429542022 6.123234252155896e-17 0.8090170011595983
vn 0.8090170011595983 6.123234252155896e-17 0.5877852429542022
vn 0.9510565161477913 6.123234109277411e-17 0.3090169948284817
vn 1 6.123234262925839e-17 1.2246468525851679e-16
vn 0.9510565161477913 6.123234109277411e-17 -0.3090169948284817
vn 0.8090170011595983 6.123234252155896e-17 -0.5877852429542022
vn 0.5877852429542022 6.123234252155896e-17 -0.8090170011595983
vn 0.3090169948284817 6.123234109277411e-17 -0.9510565161477913
vn 1.8369701465288538e-16 6.123234262925839e-17 -1
vn -0.3090169948284817 6.123234109277411e-17 -0.9510565161477913
vn -0.5877852429542022 6.123234252155896e-17 -0.8090170011595983
vn -0.8090170011595983 6.123234252155896e-17 -0.5877852429542022
vn -0.9510565161477913 6.123234109277411e-17 -0.3090169948284817
vn -1 6.123234262925839e-17 -2.4492937051703357e-16
vn -0.9807852789517083 -0.19509032931342324 0
vn -0.932782235312015 -0.19509032422006142 0.3030793079080657
vn -0.7934719520691215 -0.19509032851987904 0.5764911317597378
vn -0.5764911317597378 -0.19509032851987904 0.7934719520691215
vn -0.3030793079080657 -0.19509032422006142 0.932782235312015
vn -6.005578251043524e-17 -0.19509032931342324 0.9807852789517083
vn 0.3030793079080657 -0.19509032422006142 0.932782235312015
vn 0.5764911317597378 -0.19509032851987904 0.7934719520691215
vn 0.7934719520691215 -0.19509032851987904 0.5764911317597378
vn 0.932782235312015 -0.19509032422006142 0.3030793079080657
vn 0.9807852789517083 -0.19509032931342324 1.2011156502087048e-16
vn 0.932782235312015 -0.19509032422006142 -0.3030793079080657
vn 0.7934719520691215 -0.19509032851987904 -0.5764911317597378
vn 0.5764911317597378 -0.19509032851987904 -0.7934719520691215
vn 0.3030793079080657 -0.19509032422006142 -0.932782235312015
vn 1.801673409138606e-16 -0.19509032931342324 -0.9807852789517083
vn -0.3030793079080657 -0.19509032422006142 -0.932782235312015
vn -0.5764911317597378 -0.19509032851987904 -0.7934719520691215
vn -0.7934719520691215 -0.19509032851987904 -0.5764911317597378
vn -0.932782235312015 -0.19509032422006142 -0.3030793079080657
vn -0.9807852789517083 -0.19509032931342324 -2.4022313004174096e-16
vn -0.9238795305660377 -0.3826834370613369 0
vn -0.878661647790497 -0.38268343278472655 0.28549448151266615
vn -0.7474342453230138 -0.38268341941514195 0.5430427694235064
vn -0.5430427694235064 -0.38268341941514195 0.7474342453230138
vn -0.28549448151266615 -0.38268343278472655 0.878661647790497
vn -5.657130722319695e-17 -0.3826834370613369 0.9238795305660377
vn 0.28549448151266615 -0.38268343278472655 0.878661647790497
vn 0.5430427694235064 -0.38268341941514195 0.7474342453230138
vn 0.7474342453230138 -0.38268341941514195 0.5430427694235064
vn 0.878661647790497 -0.38268343278472655 0.28549448151266615
vn 0.9238795305660377 -0.3826834370613369 1.131426144463939e-16
vn 0.878661647790497 -0.38268343278472655 -0.28549448151266615
vn 0.7474342453230138 -0.38268341941514195 -0.5430427694235064
vn 0.5430427694235064 -0.38268341941514195 -0.7474342453230138
vn 0.28549448151266615 -0.38268343278472655 -0.878661647790497
vn 1.6971392166959086e-16 -0.3826834370613369 -0.9238795305660377
vn -0.28549448151266615 -0.38268343278472655 -0.878661647790497
vn -0.5430427694235064 -0.38268341941514195 -0.7474342453230138
vn -0.7474342453230138 -0.38268341941514195 -0.5430427694235064
vn -0.878661647790497 -0.38268343278472655 -0.28549448151266615
vn -0.9238795305660377 -0.3826834370613369 -2.262852288927878e-16
vn -0.8314696016585884 -0.555570248949409 0
vn -0.790774582614927 -0.5555702439449209 0.256938248482333
vn -0.672673043213811 -0.5555702420015914 0.48872557037233416
vn -0.48872557037233416 -0.5555702420015914 0.672673043213811
vn -0.256938248482333 -0.5555702439449209 0.790774582614927
vn -5.091283142626975e-17 -0.555570248949409 0.8314696016585884
vn 0.256938248482333 -0.5555702439449209 0.790774582614927
vn 0.48872557037233416 -0.5555702420015914 0.672673043213811
vn 0.672673043213811 -0.5555702420015914 0.48872557037233416
vn 0.790774582614927 -0.5555702439449209 0.256938248482333
vn 0.8314696016585884 -0.555570248949409 1.018256628525395e-16
vn 0.790774582614927 -0.5555702439449209 -0.256938248482333
vn 0.672673043213811 -0.5555702420015914 -0.48872557037233416
vn 0.48872557037233416 -0.5555702420015914 -0.672673043213811
vn 0.256938248482333 -0.5555702439449209 -0.790774582614927
vn 1.5273849097008678e-16 -0.555570248949409 -0.8314696016585884
vn -0.256938248482333 -0.5555702439449209 -0.790774582614927
vn -0.48872557037233416 -0.5555702420015914 -0.672673043213811
vn -0.672673043213811 -0.5555702420015914 -0.48872557037233416
vn -0.790774582614927 -0.5555702439449209 -0.256938248482333
vn -0.8314696016585884 -0.555570248949409 -2.03651325705079e-16
vn -0.7071067811865476 -0.7071067811865476 0
vn -0.6724985254555338 -0.7071067704166476 0.21850800555373517
vn -0.5720614176588762 -0.7071067668252459 0.41562694178321036
vn -0.41562694178321036 -0.7071067668252459 0.5720614176588762
vn -0.21850800555373517 -0.7071067704166476 0.6724985254555338
vn -4.329780375814312e-17 -0.7071067811865476 0.7071067811865476
vn 0.21850800555373517 -0.7071067704166476 0.6724985254555338
vn 0.41562694178321036 -0.7071067668252459 0.5720614176588762
vn 0.5720614176588762 -0.7071067668252459 0.41562694178321036
vn 0.6724985254555338 -0.7071067704166476 0.21850800555373517
vn 0.7071067811865476 -0.7071067811865476 8.659560751628624e-17
vn 0.6724985254555338 -0.7071067704166476 -0.21850800555373517
vn 0.5720614176588762 -0.7071067668252459 -0.41562694178321036
vn 0.41562694178321036 -0.7071067668252459 -0.5720614176588762
vn 0.21850800555373517 -0.7071067704166476 -0.6724985254555338
vn 1.2989340465698435e-16 -0.7071067811865476 -0.7071067811865476
vn -0.21850800555373517 -0.7071067704166476 -0.6724985254555338
vn -0.41562694178321036 -0.7071067668252459 -0.5720614176588762
vn -0.5720614176588762 -0.7071067668252459 -0.41562694178321036
vn -0.6724985254555338 -0.7071067704166476 -0.21850800555373517
vn -0.7071067811865476 -0.7071067811865476 -1.7319121503257247e-16
vn -0.555570248949409 -0.8314696016585884 0
vn -0.5283786797648593 -0.8314696179628451 0.17168064880662698
vn -0.4494657585480415 -0.8314696081968067 0.3265560021464657
vn -0.3265560021464657 -0.8314696081968067 0.4494657585480415
vn -0.17168064880662698 -0.8314696179628451 0.5283786797648593
vn -3.401886504589378e-17 -0.8314696016585884 0.555570248949409
vn 0.17168064880662698 -0.8314696179628451 0.5283786797648593
vn 0.3265560021464657 -0.8314696081968067 0.4494657585480415
vn 0.4494657585480415 -0.8314696081968067 0.3265560021464657
vn 0.5283786797648593 -0.8314696179628451 0.17168064880662698
vn 0.555570248949409 -0.8314696016585884 6.803773009178756e-17
vn 0.5283786797648593 -0.8314696179628451 -0.17168064880662698
vn 0.4494657585480415 -0.8314696081968067 -0.3265560021464657
vn 0.3265560021464657 -0.8314696081968067 -0.4494657585480415
vn 0.17168064880662698 -0.8314696179628451 -0.5283786797648593
vn 1.0205659844640382e-16 -0.8314696016585884 -0.555570248949409
vn -0.17168064880662698 -0.8314696179628451 -0.5283786797648593
vn -0.3265560021464657 -0.8314696081968067 -0.4494657585480415
vn -0.4494657585480415 -0.8314696081968067 -0.3265560021464657
vn -0.5283786797648593 -0.8314696179628451 -0.17168064880662698
vn -0.555570248949409 -0.8314696016585884 -1.3607546018357512e-16
vn -0.3826834370613369 -0.9238795305660377 0
vn -0.36395357170073417 -0.9238795324059993 0.11825568589945505
vn -0.30959741046821454 -0.9238795270537845 0.22493568619107826
vn -0.22493568619107826 -0.9238795270537845 0.30959741046821454
vn -0.11825568589945505 -0.9238795324059993 0.36395357170073417
vn -2.3432603017245014e-17 -0.9238795305660377 0.3826834370613369
vn 0.11825568589945505 -0.9238795324059993 0.36395357170073417
vn 0.22493568619107826 -0.9238795270537845 0.30959741046821454
vn 0.30959741046821454 -0.9238795270537845 0.22493568619107826
vn 0.36395357170073417 -0.9238795324059993 0.11825568589945505
vn 0.3826834370613369 -0.9238795305660377 4.686520603449003e-17
vn 0.36395357170073417 -0.9238795324059993 -0.11825568589945505
vn 0.30959741046821454 -0.9238795270537845 -0.22493568619107826
vn 0.22493568619107826 -0.9238795270537845 -0.30959741046821454
vn 0.11825568589945505 -0.9238795324059993 -0.36395357170073417
vn 7.029780739737377e-17 -0.9238795305660377 -0.3826834370613369
vn -0.11825568589945505 -0.9238795324059993 -0.36395357170073417
vn -0.22493568619107826 -0.9238795270537845 -0.30959741046821454
vn -0.30959741046821454 -0.9238795270537845 -0.22493568619107826
vn -0.36395357170073417 -0.9238795324059993 -0.11825568589945505
vn -0.3826834370613369 -0.9238795305660377 -9.373041206898005e-17
vn -0.19509032931342324 -0.9807852789517083 0
vn -0.18554193303865749 -0.9807852782790393 0.060286225585834116
vn -0.15783139031777935 -0.9807852791622833 0.11467121874698477
vn -0.11467121874698477 -0.9807852791622833 0.15783139031777935
vn -0.060286225585834116 -0.9807852782790393 0.18554193303865749
vn -1.1945837521388368e-17 -0.9807852789517083 0.19509032931342324
vn 0.060286225585834116 -0.9807852782790393 0.18554193303865749
vn 0.11467121874698477 -0.9807852791622833 0.15783139031777935
vn 0.15783139031777935 -0.9807852791622833 0.11467121874698477
vn 0.18554193303865749 -0.9807852782790393 0.060286225585834116
vn 0.19509032931342324 -0.9807852789517083 2.3891675042776736e-17
vn 0.18554193303865749 -0.9807852782790393 -0.060286225585834116
vn 0.15783139031777935 -0.9807852791622833 -0.11467121874698477
vn 0.11467121874698477 -0.9807852791622833 -0.15783139031777935
vn 0.060286225585834116 -0.9807852782790393 -0.18554193303865749
vn 3.583751173698447e-17 -0.9807852789517083 -0.19509032931342324
vn -0.060286225585834116 -0.9807852782790393 -0.18554193303865749
vn -0.11467121874698477 -0.9807852791622833 -0.15783139031777935
vn -0.15783139031777935 -0.9807852791622833 -0.11467121874698477
vn -0.18554193303865749 -0.9807852782790393 -0.060286225585834116
vn -0.19509032931342324 -0.9807852789517083 -4.778335008555347e-17
vn -1.2246468525851679e-16 -1 0
vn -1.1647082866083914e-16 -1 3.7843668534256176e-17
vn -9.907600785479212e-17 -1 7.198293111792428e-17
vn -7.198293111792428e-17 -1 9.907600785479212e-17
vn -3.7843668534256176e-17 -1 1.1647082866083914e-16
vn -7.498798786105971e-33 -1 1.2246468525851679e-16
vn 3.7843668534256176e-17 -1 1.1647082866083914e-16
vn 7.198293111792428e-17 -1 9.907600785479212e-17
vn 9.907600785479212e-17 -1 7.198293111792428e-17
vn 1.1647082866083914e-16 -1 3.7843668534256176e-17
vn 1.2246468525851679e-16 -1 1.4997597572211942e-32
vn 1.1647082866083914e-16 -1 -3.7843668534256176e-17
vn 9.907600785479212e-17 -1 -7.198293111792428e-17
vn 7.198293111792428e-17 -1 -9.907600785479212e-17
vn 3.7843668534256176e-17 -1 -1.1647082866083914e-16
vn 2.2496396358317913e-32 -1 -1.2246468525851679e-16
vn -3.7843668534256176e-17 -1 -1.1647082866083914e-16
vn -7.198293111792428e-17 -1 -9.907600785479212e-17
vn -9.907600785479212e-17 -1 -7.198293111792428e-17
vn -1.1647082866083914e-16 -1 -3.7843668534256176e-17
vn -1.2246468525851679e-16 -1 -2.9995195144423884e-32
f 1501/1501/1501 1522/1522/1522 1523/1523/1523
f 1502/1502/1502 1523/1523/1523 1524/1524/1524
f 1503/1503/1503 1524/1524/1524 1525/1525/1525
f 1504/1504/1504 1525/1525/1525 1526/1526/1526
f 1505/1505/1505 1526/1526/1526 1527/1527/1527
f 1506/1506/1506 1527/1527/1527 1528/1528/1528
f 1507/1507/1507 1528/1528/1528 1529/1529/1529
f 1508/1508/1508 1529/1529/1529 1530/1530/1530
f 1509/1509/1509 1530/1530/1530 1531/1531/1531
f 1510/1510/1510 1531/1531/1531 1532/1532/1532
f 1511/1511/1511 1532/1532/1532 1533/1533/1533
f 1512/1512/1512 1533/1533/1533 1534/1534/1534
f 1513/1513/1513 1534/1534/1534 1535/1535/1535
f 1514/1514/1514 1535/1535/1535 1536/1536/1536
f 1515/1515/1515 1536/1536/1536 1537/1537/1537
f 1516/1516/1516 1537/1537/1537 1538/1538/1538
f 1517/1517/1517 1538/1538/1538 1539/1539/1539
f 1518/1518/1518 1539/1539/1539 1540/1540/1540
f 1519/1519/1519 1540/1540/1540 1541/1541/1541
f 1520/1520/1520 1541/1541/1541 1542/1542/1542
f 1523/1523/1523 1522/1522/1522 1544/1544/1544
f 1522/1522/1522 1543/1543/1543 1544/1544/1544
f 1524/1524/1524 1523/1523/1523 1545/1545/1545
f 1523/1523/1523 1544/1544/1544 1545/1545/1545
f 1525/1525/1525 1524/1524/1524 1546/1546/1546
f 1524/1524/1524 1545/1545/1545 1546/1546/1546
f 1526/1526/1526 1525/1525/1525 1547/1547/1547
f 1525/1525/1525 1546/1546/1546 1547/1547/1547
f 1527/1527/1527 1526/1526/1526 1548/1548/1548
f 1526/1526/1526 1547/1547/1547 1548/1548/1548
f 1528/1528/1528 1527/1527/1527 1549/1549/1549
f 1527/1527/1527 1548/1548/1548 1549/1549/1549
f 1529/1529/1529 1528/1528/1528 1550/1550/1550
f 1528/1528/1528 1549/1549/1549 1550/1550/1550
f 1530/1530/1530 1529/1529/1529 1551/1551/1551
f 1529/1529/1529 1550/1550/1550 1551/1551/1551
f 1531/1531/1531 1530/1530/1530 1552/1552/1552
f 1530/1530/1530 1551/1551/1551 1552/1552/1552
f 1532/1532/1532 1531/1531/1531 1553/1553/1553
f 1531/1531/1531 1552/1552/1552 1553/1553/1553
f 1533/1533/1533 1532/1532/1532 1554/1554/1554
f 1532/1532/1532 1553/1553/1553 1554/1554/1554
f 1534/1534/1534 1533/1533/1533 1555/1555/1555
f 1533/1533/1533 1554/1554/1554 1555/1555/1555
f 1535/1535/1535 1534/1534/1534 1556/1556/1556
f 1534/1534/1534 1555/1555/1555 1556/1556/1556
f 1536/1536/1536 1535/1535/1535 1557/1557/1557
f 1535/1535/1535 1556/1556/1556 1557/1557/1557
f 1537/1537/1537 1536/1536/1536 1558/1558/1558
f 1536/1536/1536 1557/1557/1557 1558/1558/1558
f 1538/1538/1538 1537/1537/1537 1559/1559/1559
f 1537/1537/1537 1558/1558/1558 1559/1559/1559
f 1539/1539/1539 1538/1538/1538 1560/1560/1560
f 1538/1538/1538 1559/1559/1559 1560/1560/1560
f 1540/1540/1540 1539/1539/1539 1561/1561/1561
f 1539/1539/1539 1560/1560/1560 1561/1561/1561
f 1541/1541/1541 1540/1540/1540 1562/1562/1562
f 1540/1540/1540 1561/1561/1561 1562/1562/1562
f 1542/1542/1542 1541/1541/1541 1563/1563/1563
f 1541/1541/1541 1562/1562/1562 1563/1563/1563
f 1544/1544/1544 1543/1543/1543 1565/1565/1565
f 1543/1543/1543 1564/1564/1564 1565/1565/1565
f 1545/1545/1545 1544/1544/1544 1566/1566/1566
f 1544/1544/1544 1565/1565/1565 1566/1566/1566
f 1546/1546/1546 1545/1545/1545 1567/1567/1567
f 1545/1545/1545 1566/1566/1566 1567/1567/1567
f 1547/1547/1547 1546/1546/1546 1568/1568/1568
f 1546/1546/1546 1567/1567/1567 1568/1568/1568
f 1548/1548/1548 1547/1547/1547 1569/1569/1569
f 1547/1547/1547 1568/1568/1568 1569/1569/1569
f 1549/1549/1549 1548/1548/1548 1570/1570/1570
f 1548/1548/1548 1569/1569/1569 1570/1570/1570
f 1550/1550/1550 1549/1549/1549 1571/1571/1571
f 1549/1549/1549 1570/1570/1570 1571/1571/1571
f 1551/1551/1551 1550/1550/1550 1572/1572/1572
f 1550/1550/1550 1571/1571/1571 1572/1572/1572
f 1552/1552/1552 1551/1551/1551 1573/1573/1573
f 1551/1551/1551 1572/1572/1572 1573/1573/1573
f 1553/1553/1553 1552/1552/1552 1574/1574/1574
f 1552/1552/1552 1573/1573/1573 1574/1574/1574
f 1554/1554/1554 1553/1553/1553 1575/1575/1575
f 1553/1553/1553 1574/1574/1574 1575/1575/1575
f 1555/1555/1555 1554/1554/1554 1576/1576/1576
f 1554/1554/1554 1575/1575/1575 1576/1576/1576
f 1556/1556/1556 1555/1555/1555 1577/1577/1577
f 1555/1555/1555 1576/1576/1576 1577/1577/1577
f 1557/1557/1557 1556/1556/1556 1578/1578/1578
f 1556/1556/1556 1577/1577/1577 1578/1578/1578
f 1558/1558/1558 1557/1557/1557 1579/1579/1579
f 1557/1557/1557 1578/1578/1578 1579/1579/1579
f 1559/1559/1559 1558/1558/1558 1580/1580/1580
f 1558/1558/1558 1579/1579/1579 1580/1580/1580
f 1560/1560/1560 1559/1559/1559 1581/1581/1581
f 1559/1559/1559 1580/1580/1580 1581/1581/1581
f 1561/1561/1561 1560/1560/1560 1582/1582/1582
f 1560/1560/1560 1581/1581/1581 1582/1582/1582
f 1562/1562/1562 1561/1561/1561 1583/1583/1583
f 1561/1561/1561 1582/1582/1582 1583/1583/1583
f 1563/1563/1563 1562/1562/1562 1584/1584/1584
f 1562/1562/1562 1583/1583/1583 1584/1584/1584
f 1565/1565/1565 1564/1564/1564 1586/1586/1586
f 1564/1564/1564 1585/1585/1585 1586/1586/1586
f 1566/1566/1566 1565/1565/1565 1587/1587/1587
f 1565/1565/1565 1586/1586/1586 1587/1587/1587
f 1567/1567/1567 1566/1566/1566 1588/1588/1588
f 1566/1566/1566 1587/1587/1587 1588/1588/1588
f 1568/1568/1568 1567/1567/1567 1589/1589/1589
f 1567/1567/1567 1588/1588/1588 1589/1589/1589
f 1569/1569/1569 1568/1568/1568 1590/1590/1590
f 1568/1568/1568 1589/1589/1589 1590/1590/1590
f 1570/1570/1570 1569/1569/1569 1591/1591/1591
f 1569/1569/1569 1590/1590/1590 1591/1591/1591
f 1571/1571/1571 1570/1570/1570 1592/1592/1592
f 1570/1570/1570 1591/1591/1591 1592/1592/1592
f 1572/1572/1572 1571/1571/1571 1593/1593/1593
f 1571/1571/1571 1592/1592/1592 1593/1593/1593
f 1573/1573/1573 1572/1572/1572 1594/1594/1594
f 1572/1572/1572 1593/1593/1593 1594/1594/1594
f 1574/1574/1574 1573/1573/1573 1595/1595/1595
f 1573/1573/1573 1594/1594/1594 1595/1595/1595
f 1575/1575/1575 1574/1574/1574 1596/1596/1596
f 1574/1574/1574 1595/1595/1595 1596/1596/1596
f 1576/1576/1576 1575/1575/1575 1597/1597/1597
f 1575/1575/1575 1596/1596/1596 1597/1597/1597
f 1577/1577/1577 1576/1576/1576 1598/1598/1598
f 1576/1576/1576 1597/1597/1597 1598/1598/1598
f 1578/1578/1578 1577/1577/1577 1599/1599/1599
f 1577/1577/1577 1598/1598/1598 1599/1599/1599
f 1579/1579/1579 1578/1578/1578 1600/1600/1600
f 1578/1578/1578 1599/1599/1599 1600/1600/1600
f 1580/1580/1580 1579/1579/1579 1601/1601/1601
f 1579/1579/1579 1600/1600/1600 1601/1601/1601
f 1581/1581/1581 1580/1580/1580 1602/1602/1602
f 1580/1580/1580 1601/1601/1601 1602/1602/1602
f 1582/1582/1582 1581/1581/1581 1603/1603/1603
f 1581/1581/1581 1602/1602/1602 1603/1603/1603
f 1583/1583/1583 1582/1582/1582 1604/1604/1604
f 1582/1582/1582 1603/1603/1603 1604/1604/1604
f 1584/1584/1584 1583/1583/1583 1605/1605/1605
f 1583/1583/1583 1604/1604/1604 1605/1605/1605
f 1586/1586/1586 1585/1585/1585 1607/1607/1607
f 1585/1585/1585 1606/1606/1606 1607/1607/1607
f 1587/1587/1587 1586/1586/1586 1608/1608/1608
f 1586/1586/1586 1607/1607/1607 1608/1608/1608
f 1588/1588/1588 1587/1587/1587 1609/1609/1609
f 1587/1587/1587 1608/1608/1608 1609/1609/1609
f 1589/1589/1589 1588/1588/1588 1610/1610/1610
f 1588/1588/1588 1609/1609/1609 1610/1610/1610
f 1590/1590/1590 1589/1589/1589 1611/1611/1611
f 1589/1589/1589 1610/1610/1610 1611/1611/1611
f 1591/1591/1591 1590/1590/1590 1612/1612/1612
f 1590/1590/1590 1611/1611/1611 1612/1612/1612
f 1592/1592/1592 1591/1591/1591 1613/1613/1613
f 1591/1591/1591 1612/1612/1612 1613/1613/1613
f 1593/1593/1593 1592/1592/1592 1614/1614/1614
f 1592/1592/1592 1613/1613/1613 1614/1614/1614
f 1594/1594/1594 1593/1593/1593 1615/1615/1615
f 1593/1593/1593 1614/1614/1614 1615/1615/1615
f 1595/1595/1595 1594/1594/1594 1616/1616/1616
f 1594/1594/1594 1615/1615/1615 1616/1616/1616
f 1596/1596/1596 1595/1595/1595 1617/1617/1617
f 1595/1595/1595 1616/1616/1616 1617/1617/1617
f 1597/1597/1597 1596/1596/1596 1618/1618/1618
f 1596/1596/1596 1617/1617/1617 1618/1618/1618
f 1598/1598/1598 1597/1597/1597 1619/1619/1619
f 1597/1597/1597 1618/1618/1618 1619/1619/1619
f 1599/1599/1599 1598/1598/1598 1620/1620/1620
f 1598/1598/1598 1619/1619/1619 1620/1620/1620
f 1600/1600/1600 1599/1599/1599 1621/1621/1621
f 1599/1599/1599 1620/1620/1620 1621/1621/1621
f 1601/1601/1601 1600/1600/1600 1622/1622/1622
f 1600/1600/1600 1621/1621/1621 1622/1622/1622
f 1602/1602/1602 1601/1601/1601 1623/1623/1623
f 1601/1601/1601 1622/1622/1622 1623/1623/1623
f 1603/1603/1603 1602/1602/1602 1624/1624/1624
f 1602/1602/1602 1623/1623/1623 1624/1624/1624
f 1604/1604/1604 1603/1603/1603 1625/1625/1625
f 1603/1603/1603 1624/1624/1624 1625/1625/1625
f 1605/1605/1605 1604/1604/1604 1626/1626/1626
f 1604/1604/1604 1625/1625/1625 1626/1626/1626
f 1607/1607/1607 1606/1606/1606 1628/1628/1628
f 1606/1606/1606 1627/1627/1627 1628/1628/1628
f 1608/1608/1608 1607/1607/1607 1629/1629/1629
f 1607/1607/1607 1628/1628/1628 1629/1629/1629
f 1609/1609/1609 1608/1608/1608 1630/1630/1630
f 1608/1608/1608 1629/1629/1629 1630/1630/1630
f 1610/1610/1610 1609/1609/1609 1631/1631/1631
f 1609/1609/1609 1630/1630/1630 1631/1631/1631
f 1611/1611/1611 1610/1610/1610 1632/1632/1632
f 1610/1610/1610 1631/1631/1631 1632/1632/1632
f 1612/1612/1612 1611/1611/1611 1633/1633/1633
f 1611/1611/1611 1632/1632/1632 1633/1633/1633
f 1613/1613/1613 1612/1612/1612 1634/1634/1634
f 1612/1612/1612 1633/1633/1633 1634/1634/1634
f 1614/1614/1614 1613/1613/1613 1635/1635/1635
f 1613/1613/1613 1634/1634/1634 1635/1635/1635
f 1615/1615/1615 1614/1614/1614 1636/1636/1636
f 1614/1614/1614 1635/1635/1635 1636/1636/1636
f 1616/1616/1616 1615/1615/1615 1637/1637/1637
f 1615/1615/1615 1636/1636/1636 1637/1637/1637
f 1617/1617/1617 1616/1616/1616 1638/1638/1638
f 1616/1616/1616 1637/1637/1637 1638/1638/1638
f 1618/1618/1618 1617/1617/1617 1639/1639/1639
f 1617/1617/1617 1638/1638/1638 1639/1639/1639
f 1619/1619/1619 1618/1618/1618 1640/1640/1640
f 1618/1618/1618 1639/1639/1639 1640/1640/1640
f 1620/1620/1620 1619/1619/1619 1641/1641/1641
f 1619/1619/1619 1640/1640/1640 1641/1641/1641
f 1621/1621/1621 1620/1620/1620 1642/1642/1642
f 1620/1620/1620 1641/1641/1641 1642/1642/1642
f 1622/1622/1622 1621/1621/1621 1643/1643/1643
f 1621/1621/1621 1642/1642/1642 1643/1643/1643
f 1623/1623/1623 1622/1622/1622 1644/1644/1644
f 1622/1622/1622 1643/1643/1643 1644/1644/1644
f 1624/1624/1624 1623/1623/1623 1645/1645/1645
f 1623/1623/1623 1644/1644/1644 1645/1645/1645
f 1625/1625/1625 1624/1624/1624 1646/1646/1646
f 1624/1624/1624 1645/1645/1645 1646/1646/1646
f 1626/1626/1626 1625/1625/1625 1647/1647/1647
f 1625/1625/1625 1646/1646/1646 1647/1647/1647
f 1628/1628/1628 1627/1627/1627 1649/1649/1649
f 1627/1627/1627 1648/1648/1648 1649/1649/1649
f 1629/1629/1629 1628/1628/1628 1650/1650/1650
f 1628/1628/1628 1649/1649/1649 1650/1650/1650
f 1630/1630/1630 1629/1629/1629 1651/1651/1651
f 1629/1629/1629 1650/1650/1650 1651/1651/1651
f 1631/1631/1631 1630/1630/1630 1652/1652/1652
f 1630/1630/1630 1651/1651/1651 1652/1652/1652
f 1632/1632/1632 1631/1631/1631 1653/1653/1653
f 1631/1631/1631 1652/1652/1652 1653/1653/1653
f 1633/1633/1633 1632/1632/1632 1654/1654/1654
f 1632/1632/1632 1653/1653/1653 1654/1654/1654
f 1634/1634/1634 1633/1633/1633 1655/1655/1655
f 1633/1633/1633 1654/1654/1654 1655/1655/1655
f 1635/1635/1635 1634/1634/1634 1656/1656/1656
f 1634/1634/1634 1655/1655/1655 1656/1656/1656
f 1636/1636/1636 1635/1635/1635 1657/1657/1657
f 1635/1635/1635 1656/1656/1656 1657/1657/1657
f 1637/1637/1637 1636/1636/1636 1658/1658/1658
f 1636/1636/1636 1657/1657/1657 1658/1658/1658
f 1638/1638/1638 1637/1637/1637 1659/1659/1659
f 1637/1637/1637 1658/1658/1658 1659/1659/1659
f 1639/1639/1639 1638/1638/1638 1660/1660/1660
f 1638/1638/1638 1659/1659/1659 1660/1660/1660
f 1640/1640/1640 1639/1639/1639 1661/1661/1661
f 1639/1639/1639 1660/1660/1660 1661/1661/1661
f 1641/1641/1641 1640/1640/1640 1662/1662/1662
f 1640/1640/1640 1661/1661/1661 1662/1662/1662
f 1642/1642/1642 1641/1641/1641 1663/1663/1663
f 1641/1641/1641 1662/1662/1662 1663/1663/1663
f 1643/1643/1643 1642/1642/1642 1664/1664/1664
f 1642/1642/1642 1663/1663/1663 1664/1664/1664
f 1644/1644/1644 1643/1643/1643 1665/1665/1665
f 1643/1643/1643 1664/1664/1664 1665/1665/1665
f 1645/1645/1645 1644/1644/1644 1666/1666/1666
f 1644/1644/1644 1665/1665/1665 1666/1666/1666
f 1646/1646/1646 1645/1645/1645 1667/1667/1667
f 1645/1645/1645 1666/1666/1666 1667/1667/1667
f 1647/1647/1647 1646/1646/1646 1668/1668/1668
f 1646/1646/1646 1667/1667/1667 1668/1668/1668
f 1649/1649/1649 1648/1648/1648 1670/1670/1670
f 1648/1648/1648 1669/1669/1669 1670/1670/1670
f 1650/1650/1650 1649/1649/1649 1671/1671/1671
f 1649/1649/1649 1670/1670/1670 1671/1671/1671
f 1651/1651/1651 1650/1650/1650 1672/1672/1672
f 1650/1650/1650 1671/1671/1671 1672/1672/1672
f 1652/1652/1652 1651/1651/1651 1673/1673/1673
f 1651/1651/1651 1672/1672/1672 1673/1673/1673
f 1653/1653/1653 1652/1652/1652 1674/1674/1674
f 1652/1652/1652 1673/1673/1673 1674/1674/1674
f 1654/1654/1654 1653/1653/1653 1675/1675/1675
f 1653/1653/1653 1674/1674/1674 1675/1675/1675
f 1655/1655/1655 1654/1654/1654 1676/1676/1676
f 1654/1654/1654 1675/1675/1675 1676/1676/1676
f 1656/1656/1656 1655/1655/1655 1677/1677/1677
f 1655/1655/1655 1676/1676/1676 1677/1677/1677
f 1657/1657/1657 1656/1656/1656 1678/1678/1678
f 1656/1656/1656 1677/1677/1677 1678/1678/1678
f 1658/1658/1658 1657/1657/1657 1679/1679/1679
f 1657/1657/1657 1678/1678/1678 1679/1679/1679
f 1659/1659/1659 1658/1658/1658 1680/1680/1680
f 1658/1658/1658 1679/1679/1679 1680/1680/1680
f 1660/1660/1660 1659/1659/1659 1681/1681/1681
f 1659/1659/1659 1680/1680/1680 1681/1681/1681
f 1661/1661/1661 1660/1660/1660 1682/1682/1682
f 1660/1660/1660 1681/1681/1681 1682/1682/1682
f 1662/1662/1662 1661/1661/1661 1683/1683/1683
f 1661/1661/1661 1682/1682/1682 1683/1683/1683
f 1663/1663/1663 1662/1662/1662 1684/1684/1684
f 1662/1662/1662 1683/1683/1683 1684/1684/1684
f 1664/1664/1664 1663/1663/1663 1685/1685/1685
f 1663/1663/1663 1684/1684/1684 1685/1685/1685
f 1665/1665/1665 1664/1664/1664 1686/1686/1686
f 1664/1664/1664 1685/1685/1685 1686/1686/1686
f 1666/1666/1666 1665/1665/1665 1687/1687/1687
f 1665/1665/1665 1686/1686/1686 1687/1687/1687
f 1667/1667/1667 1666/1666/1666 1688/1688/1688
f 1666/1666/1666 1687/1687/1687 1688/1688/1688
f 1668/1668/1668 1667/1667/1667 1689/1689/1689
f 1667/1667/1667 1688/1688/1688 1689/1689/1689
f 1670/1670/1670 1669/1669/1669 1691/1691/1691
f 1669/1669/1669 1690/1690/1690 1691/1691/1691
f 1671/1671/1671 1670/1670/1670 1692/1692/1692
f 1670/1670/1670 1691/1691/1691 1692/1692/1692
f 1672/1672/1672 1671/1671/1671 1693/1693/1693
f 1671/1671/1671 1692/1692/1692 1693/1693/1693
f 1673/1673/1673 1672/1672/1672 1694/1694/1694
f 1672/1672/1672 1693/1693/1693 1694/1694/1694
f 1674/1674/1674 1673/1673/1673 1695/1695/1695
f 1673/1673/1673 1694/1694/1694 1695/1695/1695
f 1675/1675/1675 1674/1674/1674 1696/1696/1696
f 1674/1674/1674 1695/1695/1695 1696/1696/1696
f 1676/1676/1676 1675/1675/1675 1697/1697/1697
f 1675/1675/1675 1696/1696/1696 1697/1697/1697
f 1677/1677/1677 1676/1676/1676 1698/1698/1698
f 1676/1676/1676 1697/1697/1697 1698/1698/1698
f 1678/1678/1678 1677/1677/1677 1699/1699/1699
f 1677/1677/1677 1698/1698/1698 1699/1699/1699
f 1679/1679/1679 1678/1678/1678 1700/1700/1700
f 1678/1678/1678 1699/1699/1699 1700/1700/1700
f 1680/1680/1680 1679/1679/1679 1701/1701/1701
f 1679/1679/1679 1700/1700/1700 1701/1701/1701
f 1681/1681/1681 1680/1680/1680 1702/1702/1702
f 1680/1680/1680 1701/1701/1701 1702/1702/1702
f 1682/1682/1682 1681/1681/1681 1703/1703/1703
f 1681/1681/1681 1702/1702/1702 1703/1703/1703
f 1683/1683/1683 1682/1682/1682 1704/1704/1704
f 1682/1682/1682 1703/1703/1703 1704/1704/1704
f 1684/1684/1684 1683/1683/1683 1705/1705/1705
f 1683/1683/1683 1704/1704/1704 1705/1705/1705
f 1685/1685/1685 1684/1684/1684 1706/1706/1706
f 1684/1684/1684 1705/1705/1705 1706/1706/1706
f 1686/1686/1686 1685/1685/1685 1707/1707/1707
f 1685/1685/1685 1706/1706/1706 1707/1707/1707
f 1687/1687/1687 1686/1686/1686 1708/1708/1708
f 1686/1686/1686 1707/1707/1707 1708/1708/1708
f 1688/1688/1688 1687/1687/1687 1709/1709/1709
f 1687/1687/1687 1708/1708/1708 1709/1709/1709
f 1689/1689/1689 1688/1688/1688 1710/1710/1710
f 1688/1688/1688 1709/1709/1709 1710/1710/1710
f 1691/1691/1691 1690/1690/1690 1712/1712/1712
f 1690/1690/1690 1711/1711/1711 1712/1712/1712
f 1692/1692/1692 1691/1691/1691 1713/1713/1713
f 1691/1691/1691 1712/1712/1712 1713/1713/1713
f 1693/1693/1693 1692/1692/1692 1714/1714/1714
f 1692/1692/1692 1713/1713/1713 1714/1714/1714
f 1694/1694/1694 1693/1693/1693 1715/1715/1715
f 1693/1693/1693 1714/1714/1714 1715/1715/1715
f 1695/1695/1695 1694/1694/1694 1716/1716/1716
f 1694/1694/1694 1715/1715/1715 1716/1716/1716
f 1696/1696/1696 1695/1695/1695 1717/1717/1717
f 1695/1695/1695 1716/1716/1716 1717/1717/1717
f 1697/1697/1697 1696/1696/1696 1718/1718/1718
f 1696/1696/1696 1717/1717/1717 1718/1718/1718
f 1698/1698/1698 1697/1697/1697 1719/1719/1719
f 1697/1697/1697 1718/1718/1718 1719/1719/1719
f 1699/1699/1699 1698/1698/1698 1720/1720/1720
f 1698/1698/1698 1719/1719/1719 1720/1720/1720
f 1700/1700/1700 1699/1699/1699 1721/1721/1721
f 1699/1699/1699 1720/1720/1720 1721/1721/1721
f 1701/1701/1701 1700/1700/1700 1722/1722/1722
f 1700/1700/1700 1721/1721/1721 1722/1722/1722
f 1702/1702/1702 1701/1701/1701 1723/1723/1723
f 1701/1701/1701 1722/1722/1722 1723/1723/1723
f 1703/1703/1703 1702/1702/1702 1724/1724/1724
f 1702/1702/1702 1723/1723/1723 1724/1724/1724
f 1704/1704/1704 1703/1703/1703 1725/1725/1725
f 1703/1703/1703 1724/1724/1724 1725/1725/1725
f 1705/1705/1705 1704/1704/1704 1726/1726/1726
f 1704/1704/1704 1725/1725/1725 1726/1726/1726
f 1706/1706/1706 1705/1705/1705 1727/1727/1727
f 1705/1705/1705 1726/1726/1726 1727/1727/1727
f 1707/1707/1707 1706/1706/1706 1728/1728/1728
f 1706/1706/1706 1727/1727/1727 1728/1728/1728
f 1708/1708/1708 1707/1707/1707 1729/1729/1729
f 1707/1707/1707 1728/1728/1728 1729/1729/1729
f 1709/1709/1709 1708/1708/1708 1730/1730/1730
f 1708/1708/1708 1729/1729/1729 1730/1730/1730
f 1710/1710/1710 1709/1709/1709 1731/1731/1731
f 1709/1709/1709 1730/1730/1730 1731/1731/1731
f 1712/1712/1712 1711/1711/1711 1733/1733/1733
f 1711/1711/1711 1732/1732/1732 1733/1733/1733
f 1713/1713/1713 1712/1712/1712 1734/1734/1734
f 1712/1712/1712 1733/1733/1733 1734/1734/1734
f 1714/1714/1714 1713/1713/1713 1735/1735/1735
f 1713/1713/1713 1734/1734/1734 1735/1735/1735
f 1715/1715/1715 1714/1714/1714 1736/1736/1736
f 1714/1714/1714 1735/1735/1735 1736/1736/1736
f 1716/1716/1716 1715/1715/1715 1737/1737/1737
f 1715/1715/1715 1736/1736/1736 1737/1737/1737
f 1717/1717/1717 1716/1716/1716 1738/1738/1738
f 1716/1716/1716 1737/1737/1737 1738/1738/1738
f 1718/1718/1718 1717/1717/1717 1739/1739/1739
f 1717/1717/1717 1738/1738/1738 1739/1739/1739
f 1719/1719/1719 1718/1718/1718 1740/1740/1740
f 1718/1718/1718 1739/1739/1739 1740/1740/1740
f 1720/1720/1720 1719/1719/1719 1741/1741/1741
f 1719/1719/1719 1740/1740/1740 1741/1741/1741
f 1721/1721/1721 1720/1720/1720 1742/1742/1742
f 1720/1720/1720 1741/1741/1741 1742/1742/1742
f 1722/1722/1722 1721/1721/1721 1743/1743/1743
f 1721/1721/1721 1742/1742/1742 1743/1743/1743
f 1723/1723/1723 1722/1722/1722 1744/1744/1744
f 1722/1722/1722 1743/1743/1743 1744/1744/1744
f 1724/1724/1724 1723/1723/1723 1745/1745/1745
f 1723/1723/1723 1744/1744/1744 1745/1745/1745
f 1725/1725/1725 1724/1724/1724 1746/1746/1746
f 1724/1724/1724 1745/1745/1745 1746/1746/1746
f 1726/1726/1726 1725/1725/1725 1747/1747/1747
f 1725/1725/1725 1746/1746/1746 1747/1747/1747
f 1727/1727/1727 1726/1726/1726 1748/1748/1748
f 1726/1726/1726 1747/1747/1747 1748/1748/1748
f 1728/1728/1728 1727/1727/1727 1749/1749/1749
f 1727/1727/1727 1748/1748/1748 1749/1749/1749
f 1729/1729/1729 1728/1728/1728 1750/1750/1750
f 1728/1728/1728 1749/1749/1749 1750/1750/1750
f 1730/1730/1730 1729/1729/1729 1751/1751/1751
f 1729/1729/1729 1750/1750/1750 1751/1751/1751
f 1731/1731/1731 1730/1730/1730 1752/1752/1752
f 1730/1730/1730 1751/1751/1751 1752/1752/1752
f 1733/1733/1733 1732/1732/1732 1754/1754/1754
f 1732/1732/1732 1753/1753/1753 1754/1754/1754
f 1734/1734/1734 1733/1733/1733 1755/1755/1755
f 1733/1733/1733 1754/1754/1754 1755/1755/1755
f 1735/1735/1735 1734/1734/1734 1756/1756/1756
f 1734/1734/1734 1755/1755/1755 1756/1756/1756
f 1736/1736/1736 1735/1735/1735 1757/1757/1757
f 1735/1735/1735 1756/1756/1756 1757/1757/1757
f 1737/1737/1737 1736/1736/1736 1758/1758/1758
f 1736/1736/1736 1757/1757/1757 1758/1758/1758
f 1738/1738/1738 1737/1737/1737 1759/1759/1759
f 1737/1737/1737 1758/1758/1758 1759/1759/1759
f 1739/1739/1739 1738/1738/1738 1760/1760/1760
f 1738/1738/1738 1759/1759/1759 1760/1760/1760
f 1740/1740/1740 1739/1739/1739 1761/1761/1761
f 1739/1739/1739 1760/1760/1760 1761/1761/1761
f 1741/1741/1741 1740/1740/1740 1762/1762/1762
f 1740/1740/1740 1761/1761/1761 1762/1762/1762
f 1742/1742/1742 1741/1741/1741 1763/1763/1763
f 1741/1741/1741 1762/1762/1762 1763/1763/1763
f 1743/1743/1743 1742/1742/1742 1764/1764/1764
f 1742/1742/1742 1763/1763/1763 1764/1764/1764
f 1744/1744/1744 1743/1743/1743 1765/1765/1765
f 1743/1743/1743 1764/1764/1764 1765/1765/1765
f 1745/1745/1745 1744/1744/1744 1766/1766/1766
f 1744/1744/1744 1765/1765/1765 1766/1766/1766
f 1746/1746/1746 1745/1745/1745 1767/1767/1767
f 1745/1745/1745 1766/1766/1766 1767/1767/1767
f 1747/1747/1747 1746/1746/1746 1768/1768/1768
f 1746/1746/1746 1767/1767/1767 1768/1768/1768
f 1748/1748/1748 1747/1747/1747 1769/1769/1769
f 1747/1747/1747 1768/1768/1768 1769/1769/1769
f 1749/1749/1749 1748/1748/1748 1770/1770/1770
f 1748/1748/1748 1769/1769/1769 1770/1770/1770
f 1750/1750/1750 1749/1749/1749 1771/1771/1771
f 1749/1749/1749 1770/1770/1770 1771/1771/1771
f 1751/1751/1751 1750/1750/1750 1772/1772/1772
f 1750/1750/1750 1771/1771/1771 1772/1772/1772
f 1752/1752/1752 1751/1751/1751 1773/1773/1773
f 1751/1751/1751 1772/1772/1772 1773/1773/1773
f 1754/1754/1754 1753/1753/1753 1775/1775/1775
f 1753/1753/1753 1774/1774/1774 1775/1775/1775
f 1755/1755/1755 1754/1754/1754 1776/1776/1776
f 1754/1754/1754 1775/1775/1775 1776/1776/1776
f 1756/1756/1756 1755/1755/1755 1777/1777/1777
f 1755/1755/1755 1776/1776/1776 1777/1777/1777
f 1757/1757/1757 1756/1756/1756 1778/1778/1778
f 1756/1756/1756 1777/1777/1777 1778/1778/1778
f 1758/1758/1758 1757/1757/1757 1779/1779/1779
f 1757/1757/1757 1778/1778/1778 1779/1779/1779
f 1759/1759/1759 1758/1758/1758 1780/1780/1780
f 1758/1758/1758 1779/1779/1779 1780/1780/1780
f 1760/1760/1760 1759/1759/1759 1781/1781/1781
f 1759/1759/1759 1780/1780/1780 1781/1781/1781
f 1761/1761/1761 1760/1760/1760 1782/1782/1782
f 1760/1760/1760 1781/1781/1781 1782/1782/1782
f 1762/1762/1762 1761/1761/1761 1783/1783/1783
f 1761/1761/1761 1782/1782/1782 1783/1783/1783
f 1763/1763/1763 1762/1762/1762 1784/1784/1784
f 1762/1762/1762 1783/1783/1783 1784/1784/1784
f 1764/1764/1764 1763/1763/1763 1785/1785/1785
f 1763/1763/1763 1784/1784/1784 1785/1785/1785
f 1765/1765/1765 1764/1764/1764 1786/1786/1786
f 1764/1764/1764 1785/1785/1785 1786/1786/1786
f 1766/1766/1766 1765/1765/1765 1787/1787/1787
f 1765/1765/1765 1786/1786/1786 1787/1787/1787
f 1767/1767/1767 1766/1766/1766 1788/1788/1788
f 1766/1766/1766 1787/1787/1787 1788/1788/1788
f 1768/1768/1768 1767/1767/1767 1789/1789/1789
f 1767/1767/1767 1788/1788/1788 1789/1789/1789
f 1769/1769/1769 1768/1768/1768 1790/1790/1790
f 1768/1768/1768 1789/1789/1789 1790/1790/1790
f 1770/1770/1770 1769/1769/1769 1791/1791/1791
f 1769/1769/1769 1790/1790/1790 1791/1791/1791
f 1771/1771/1771 1770/1770/1770 1792/1792/1792
f 1770/1770/1770 1791/1791/1791 1792/1792/1792
f 1772/1772/1772 1771/1771/1771 1793/1793/1793
f 1771/1771/1771 1792/1792/1792 1793/1793/1793
f 1773/1773/1773 1772/1772/1772 1794/1794/1794
f 1772/1772/1772 1793/1793/1793 1794/1794/1794
f 1775/1775/1775 1774/1774/1774 1796/1796/1796
f 1774/1774/1774 1795/1795/1795 1796/1796/1796
f 1776/1776/1776 1775/1775/1775 1797/1797/1797
f 1775/1775/1775 1796/1796/1796 1797/1797/1797
f 1777/1777/1777 1776/1776/1776 1798/1798/1798
f 1776/1776/1776 1797/1797/1797 1798/1798/1798
f 1778/1778/1778 1777/1777/1777 1799/1799/1799
f 1777/1777/1777 1798/1798/1798 1799/1799/1799
f 1779/1779/1779 1778/1778/1778 1800/1800/1800
f 1778/1778/1778 1799/1799/1799 1800/1800/1800
f 1780/1780/1780 1779/1779/1779 1801/1801/1801
f 1779/1779/1779 1800/1800/1800 1801/1801/1801
f 1781/1781/1781 1780/1780/1780 1802/1802/1802
f 1780/1780/1780 1801/1801/1801 1802/1802/1802
f 1782/1782/1782 1781/1781/1781 1803/1803/1803
f 1781/1781/1781 1802/1802/1802 1803/1803/1803
f 1783/1783/1783 1782/1782/1782 1804/1804/1804
f 1782/1782/1782 1803/1803/1803 1804/1804/1804
f 1784/1784/1784 1783/1783/1783 1805/1805/1805
f 1783/1783/1783 1804/1804/1804 1805/1805/1805
f 1785/1785/1785 1784/1784/1784 1806/1806/1806
f 1784/1784/1784 1805/1805/1805 1806/1806/1806
f 1786/1786/1786 1785/1785/1785 1807/1807/1807
f 1785/1785/1785 1806/1806/1806 1807/1807/1807
f 1787/1787/1787 1786/1786/1786 1808/1808/1808
f 1786/1786/1786 1807/1807/1807 1808/1808/1808
f 1788/1788/1788 1787/1787/1787 1809/1809/1809
f 1787/1787/1787 1808/1808/1808 1809/1809/1809
f 1789/1789/1789 1788/1788/1788 1810/1810/1810
f 1788/1788/1788 1809/1809/1809 1810/1810/1810
f 1790/1790/1790 1789/1789/1789 1811/1811/1811
f 1789/1789/1789 1810/1810/1810 1811/1811/1811
f 1791/1791/1791 1790/1790/1790 1812/1812/1812
f 1790/1790/1790 1811/1811/1811 1812/1812/1812
f 1792/1792/1792 1791/1791/1791 1813/1813/1813
f 1791/1791/1791 1812/1812/1812 1813/1813/1813
f 1793/1793/1793 1792/1792/1792 1814/1814/1814
f 1792/1792/1792 1813/1813/1813 1814/1814/1814
f 1794/1794/1794 1793/1793/1793 1815/1815/1815
f 1793/1793/1793 1814/1814/1814 1815/1815/1815
f 1796/1796/1796 1795/1795/1795 1817/1817/1817
f 1795/1795/1795 1816/1816/1816 1817/1817/1817
f 1797/1797/1797 1796/1796/1796 1818/1818/1818
f 1796/1796/1796 1817/1817/1817 1818/1818/1818
f 1798/1798/1798 1797/1797/1797 1819/1819/1819
f 1797/1797/1797 1818/1818/1818 1819/1819/1819
f 1799/1799/1799 1798/1798/1798 1820/1820/1820
f 1798/1798/1798 1819/1819/1819 1820/1820/1820
f 1800/1800/1800 1799/1799/1799 1821/1821/1821
f 1799/1799/1799 1820/1820/1820 1821/1821/1821
f 1801/1801/1801 1800/1800/1800 1822/1822/1822
f 1800/1800/1800 1821/1821/1821 1822/1822/1822
f 1802/1802/1802 1801/1801/1801 1823/1823/1823
f 1801/1801/1801 1822/1822/1822 1823/1823/1823
f 1803/1803/1803 1802/1802/1802 1824/1824/1824
f 1802/1802/1802 1823/1823/1823 1824/1824/1824
f 1804/1804/1804 1803/1803/1803 1825/1825/1825
f 1803/1803/1803 1824/1824/1824 1825/1825/1825
f 1805/1805/1805 1804/1804/1804 1826/1826/1826
f 1804/1804/1804 1825/1825/1825 1826/1826/1826
f 1806/1806/1806 1805/1805/1805 1827/1827/1827
f 1805/1805/1805 1826/1826/1826 1827/1827/1827
f 1807/1807/1807 1806/1806/1806 1828/1828/1828
f 1806/1806/1806 1827/1827/1827 1828/1828/1828
f 1808/1808/1808 1807/1807/1807 1829/1829/1829
f 1807/1807/1807 1828/1828/1828 1829/1829/1829
f 1809/1809/1809 1808/1808/1808 1830/1830/1830
f 1808/1808/1808 1829/1829/1829 1830/1830/1830
f 1810/1810/1810 1809/1809/1809 1831/1831/1831
f 1809/1809/1809 1830/1830/1830 1831/1831/1831
f 1811/1811/1811 1810/1810/1810 1832/1832/1832
f 1810/1810/1810 1831/1831/1831 1832/1832/1832
f 1812/1812/1812 1811/1811/1811 1833/1833/1833
f 1811/1811/1811 1832/1832/1832 1833/1833/1833
f 1813/1813/1813 1812/1812/1812 1834/1834/1834
f 1812/1812/1812 1833/1833/1833 1834/1834/1834
f 1814/1814/1814 1813/1813/1813 1835/1835/1835
f 1813/1813/1813 1834/1834/1834 1835/1835/1835
f 1815/1815/1815 1814/1814/1814 1836/1836/1836
f 1814/1814/1814 1835/1835/1835 1836/1836/1836
f 1817/1817/1817 1816/1816/1816 1838/1838/1838
f 1818/1818/1818 1817/1817/1817 1839/1839/1839
f 1819/1819/1819 1818/1818/1818 1840/1840/1840
f 1820/1820/1820 1819/1819/1819 1841/1841/1841
f 1821/1821/1821 1820/1820/1820 1842/1842/1842
f 1822/1822/1822 1821/1821/1821 1843/1843/1843
f 1823/1823/1823 1822/1822/1822 1844/1844/1844
f 1824/1824/1824 1823/1823/1823 1845/1845/1845
f 1825/1825/1825 1824/1824/1824 1846/1846/1846
f 1826/1826/1826 1825/1825/1825 1847/1847/1847
f 1827/1827/1827 1826/1826/1826 1848/1848/1848
f 1828/1828/1828 1827/1827/1827 1849/1849/1849
f 1829/1829/1829 1828/1828/1828 1850/1850/1850
f 1830/1830/1830 1829/1829/1829 1851/1851/1851
f 1831/1831/1831 1830/1830/1830 1852/1852/1852
f 1832/1832/1832 1831/1831/1831 1853/1853/1853
f 1833/1833/1833 1832/1832/1832 1854/1854/1854
f 1834/1834/1834 1833/1833/1833 1855/1855/1855
f 1835/1835/1835 1834/1834/1834 1856/1856/1856
f 1836/1836/1836 1835/1835/1835 1857/1857/1857
o forearm_l
usemtl plate
v -0.21 0.31223814322216803 0.0272576185052195
v -0.2015809640660882 0.3120376671458641 0.025595011287926694
v -0.19444365058094262 0.31146675960239567 0.020860306680386884
v -0.1896746503561735 0.31061233605097593 0.01377432021553811
v -0.18800000011920928 0.3096044746760826 0.005415828634786455
v -0.1896746503561735 0.3085966133011893 -0.0029426629459652024
v -0.19444365058094262 0.3077421897497696 -0.010028649410813977
v -0.2015809640660882 0.3071712822063011 -0.014763354018353787
v -0.21 0.3069708061299972 -0.016425961235646592
v -0.2184190359339118 0.3071712822063011 -0.014763354018353787
v -0.22555634941905736 0.3077421897497696 -0.010028649410813977
v -0.23032534964382648 0.3085966133011893 -0.0029426629459652024
v -0.2319999998807907 0.3096044746760826 0.005415828634786449
v -0.23032534964382648 0.31061233605097593 0.01377432021553811
v -0.22555634941905736 0.31146675960239567 0.020860306680386884
v -0.2184190359339118 0.3120376671458641 0.025595011287926694
v -0.21 0.31223814322216803 0.0272576185052195
v -0.21 0.20374746723147047 0.04638281402717388
v -0.19928486369550227 0.20349231567918985 0.04426676696486925
v -0.19020100966095924 0.20276570615949596 0.03824077995500048
v -0.1841313736885786 0.20167825794233046 0.029222251222670165
v -0.18199999913573264 0.20039552532391738 0.01858417136521355
v -0.1841313736885786 0.19911279270550433 0.007946091507756929
v -0.19020100966095924 0.19802534448833883 -0.0010724372245733832
v -0.19928486369550227 0.19729873496864492 -0.007098424234442159
v -0.21 0.1970435834163643 -0.009214471296746796
v -0.2207151363044977 0.19729873496864492 -0.007098424234442159
v -0.22979899033904075 0.19802534448833883 -0.0010724372245733832
v -0.2358686263114214 0.19911279270550433 0.007946091507756929
v -0.23800000086426734 0.20039552532391738 0.018584171365213543
v -0.2358686263114214 0.20167825794233046 0.029222251222670165
v -0.22979899033904075 0.20276570615949596 0.03824077995500048
v -0.2207151363044977 0.20349231567918985 0.04426676696486925
v -0.21 0.20374746723147047 0.04638281402717388
v -0.21 0.3096044746760826 0.005415828634786454
v -0.21 0.3096044746760826 0.005415828634786454
v -0.21 0.3096044746760826 0.005415828634786454
v -0.21 0.3096044746760826 0.005415828634786454
v -0.21 0.3096044746760826 0.005415828634786454
v -0.21 0.3096044746760826 0.005415828634786454
v -0.21 0.3096044746760826 0.005415828634786454
v -0.21 0.3096044746760826 0.005415828634786454
v -0.21 0.3096044746760826 0.005415828634786454
v -0.21 0.3096044746760826 0.005415828634786454
v -0.21 0.3096044746760826 0.005415828634786454
v -0.21 0.3096044746760826 0.005415828634786454
v -0.21 0.3096044746760826 0.005415828634786454
v -0.21 0.3096044746760826 0.005415828634786454
v -0.21 0.3096044746760826 0.005415828634786454
v -0.21 0.3096044746760826 0.005415828634786454
v -0.21 0.31223814322216803 0.0272576185052195
v -0.2015809640660882 0.3120376671458641 0.025595011287926694
v -0.19444365058094262 0.31146675960239567 0.020860306680386884
v -0.1896746503561735 0.31061233605097593 0.01377432021553811
v -0.18800000011920928 0.3096044746760826 0.005415828634786455
v -0.1896746503561735 0.3085966133011893 -0.0029426629459652024
v -0.19444365058094262 0.3077421897497696 -0.010028649410813977
v -0.2015809640660882 0.3071712822063011 -0.014763354018353787
v -0.21 0.3069708061299972 -0.016425961235646592
v -0.2184190359339118 0.3071712822063011 -0.014763354018353787
v -0.22555634941905736 0.3077421897497696 -0.010028649410813977
v -0.23032534964382648 0.3085966133011893 -0.0029426629459652024
v -0.2319999998807907 0.3096044746760826 0.005415828634786449
v -0.23032534964382648 0.31061233605097593 0.01377432021553811
v -0.22555634941905736 0.31146675960239567 0.020860306680386884
v -0.2184190359339118 0.3120376671458641 0.025595011287926694
v -0.21 0.31223814322216803 0.0272576185052195
v -0.21 0.20039552532391738 0.018584171365213547
v -0.21 0.20039552532391738 0.018584171365213547
v -0.21 0.20039552532391738 0.018584171365213547
v -0.21 0.20039552532391738 0.018584171365213547
v -0.21 0.20039552532391738 0.018584171365213547
v -0.21 0.20039552532391738 0.018584171365213547
v -0.21 0.20039552532391738 0.018584171365213547
v -0.21 0.20039552532391738 0.018584171365213547
v -0.21 0.20039552532391738 0.018584171365213547
v -0.21 0.20039552532391738 0.018584171365213547
v -0.21 0.20039552532391738 0.018584171365213547
v -0.21 0.20039552532391738 0.018584171365213547
v -0.21 0.20039552532391738 0.018584171365213547
v -0.21 0.20039552532391738 0.018584171365213547
v -0.21 0.20039552532391738 0.018584171365213547
v -0.21 0.20039552532391738 0.018584171365213547
v -0.21 0.20374746723147047 0.04638281402717388
v -0.19928486369550227 0.20349231567918985 0.04426676696486925
v -0.19020100966095924 0.20276570615949596 0.03824077995500048
v -0.1841313736885786 0.20167825794233046 0.029222251222670165
v -0.18199999913573264 0.20039552532391738 0.01858417136521355
v -0.1841313736885786 0.19911279270550433 0.007946091507756929
v -0.19020100966095924 0.19802534448833883 -0.0010724372245733832
v -0.19928486369550227 0.19729873496864492 -0.007098424234442159
v -0.21 0.1970435834163643 -0.009214471296746796
v -0.2207151363044977 0.19729873496864492 -0.007098424234442159
v -0.22979899033904075 0.19802534448833883 -0.0010724372245733832
v -0.2358686263114214 0.19911279270550433 0.007946091507756929
v -0.23800000086426734 0.20039552532391738 0.018584171365213543
v -0.2358686263114214 0.20167825794233046 0.029222251222670165
v -0.22979899033904075 0.20276570615949596 0.03824077995500048
v -0.2207151363044977 0.20349231567918985 0.04426676696486925
v -0.21 0.20374746723147047 0.04638281402717388
vt 0 1
vt 0.0625 1
vt 0.125 1
vt 0.1875 1
vt 0.25 1
vt 0.3125 1
vt 0.375 1
vt 0.4375 1
vt 0.5 1
vt 0.5625 1
vt 0.625 1
vt 0.6875 1
vt 0.75 1
vt 0.8125 1
vt 0.875 1
vt 0.9375 1
vt 1 1
vt 0 0
vt 0.0625 0
vt 0.125 0
vt 0.1875 0
vt 0.25 0
vt 0.3125 0
vt 0.375 0
vt 0.4375 0
vt 0.5 0
vt 0.5625 0
vt 0.625 0
vt 0.6875 0
vt 0.75 0
vt 0.8125 0
vt 0.875 0
vt 0.9375 0
vt 1 0
vt 0.5 0.5
vt 0.5 0.5
vt 0.5 0.5
vt 0.5 0.5
vt 0.5 0.5
vt 0.5 0.5
vt 0.5 0.5
vt 0.5 0.5
vt 0.5 0.5
vt 0.5 0.5
vt 0.5 0.5
vt 0.5 0.5
vt 0.5 0.5
vt 0.5 0.5
vt 0.5 0.5
vt 0.5 0.5
vt 1 0.5
vt 0.9619397521018982 0.6913416981697083
vt 0.8535534143447876 0.8535534143447876
vt 0.6913416981697083 0.9619397521018982
vt 0.5 1
vt 0.30865827202796936 0.9619397521018982
vt 0.1464466154575348 0.8535534143447876
vt 0.03806023299694061 0.6913416981697083
vt 0 0.5
vt 0.03806023299694061 0.30865827202796936
vt 0.1464466154575348 0.1464466154575348
vt 0.30865827202796936 0.03806023299694061
vt 0.5 0
vt 0.6913416981697083 0.03806023299694061
vt 0.8535534143447876 0.1464466154575348
vt 0.9619397521018982 0.30865827202796936
vt 1 0.5
vt 0.5 0.5
vt 0.5 0.5
vt 0.5 0.5
vt 0.5 0.5
vt 0.5 0.5
vt 0.5 0.5
vt 0.5 0.5
vt 0.5 0.5
vt 0.5 0.5
vt 0.5 0.5
vt 0.5 0.5
vt 0.5 0.5
vt 0.5 0.5
vt 0.5 0.5
vt 0.5 0.5
vt 0.5 0.5
vt 1 0.5
vt 0.9619397521018982 0.30865827202796936
vt 0.8535534143447876 0.1464466154575348
vt 0.6913416981697083 0.03806023299694061
vt 0.5 0
vt 0.30865827202796936 0.03806023299694061
vt 0.1464466154575348 0.1464466154575348
vt 0.03806023299694061 0.30865827202796936
vt 0 0.5
vt 0.03806023299694061 0.6913416981697083
vt 0.1464466154575348 0.8535534143447876
vt 0.30865827202796936 0.9619397521018982
vt 0.5 1
vt 0.6913416981697083 0.9619397521018982
vt 0.8535534143447876 0.8535534143447876
vt 0.9619397521018982 0.6913416981697083
vt 1 0.5
vn 0 0.1736073374333087 0.9848149533741439
vn 0.38211541787023345 0.16450831406632685 0.9093540685722539
vn 0.7060572282736011 0.13859648651180734 0.6944596491727814
vn 0.9225082257216414 0.09981669823537793 0.3728474221840572
vn 0.9985157079935664 0.054072818016740826 -0.006520064557606076
vn 0.9225082257216414 0.00832893801063107 -0.38588755132489583
vn 0.7060572282736011 -0.030450852026051047 -0.70749977810137
vn 0.38211541787023345 -0.05636267782031785 -0.9223941977130926
vn 1.2228290194778367e-16 -0.06546170139982707 -0.9978550824893563
vn -0.38211541787023345 -0.05636267782031785 -0.9223941977130926
vn -0.7060572282736011 -0.030450852026051047 -0.70749977810137
vn -0.9225082257216414 0.00832893801063107 -0.38588755132489583
vn -0.9985157079935664 0.0540728180167408 -0.006520064557606319
vn -0.9225082257216414 0.09981669823537793 0.3728474221840572
vn -0.7060572282736011 0.13859648651180734 0.6944596491727814
vn -0.38211541787023345 0.16450831406632685 0.9093540685722539
vn -2.4456580389556733e-16 0.1736073374333087 0.9848149533741439
vn 0 0.1736073374333087 0.9848149533741439
vn 0.38211541787023345 0.16450831406632685 0.9093540685722539
vn 0.7060572282736011 0.13859648651180734 0.6944596491727814
vn 0.9225082257216414 0.09981669823537793 0.3728474221840572
vn 0.9985157079935664 0.054072818016740826 -0.006520064557606076
vn 0.9225082257216414 0.00832893801063107 -0.38588755132489583
vn 0.7060572282736011 -0.030450852026051047 -0.70749977810137
vn 0.38211541787023345 -0.05636267782031785 -0.9223941977130926
vn 1.2228290194778367e-16 -0.06546170139982707 -0.9978550824893563
vn -0.38211541787023345 -0.05636267782031785 -0.9223941977130926
vn -0.7060572282736011 -0.030450852026051047 -0.70749977810137
vn -0.9225082257216414 0.00832893801063107 -0.38588755132489583
vn -0.9985157079935664 0.0540728180167408 -0.006520064557606319
vn -0.9225082257216414 0.09981669823537793 0.3728474221840572
vn -0.7060572282736011 0.13859648651180734 0.6944596491727814
vn -0.38211541787023345 0.16450831406632685 0.9093540685722539
vn -2.4456580389556733e-16 0.1736073374333087 0.9848149533741439
vn 0 0.9928086358538663 -0.11971220728891936
vn 0 0.9928086358538663 -0.11971220728891936
vn 0 0.9928086358538663 -0.11971220728891936
vn 0 0.9928086358538663 -0.11971220728891936
vn 0 0.9928086358538663 -0.11971220728891936
vn 0 0.9928086358538663 -0.11971220728891936
vn 0 0.9928086358538663 -0.11971220728891936
vn 0 0.9928086358538663 -0.11971220728891936
vn 0 0.9928086358538663 -0.11971220728891936
vn 0 0.9928086358538663 -0.11971220728891936
vn 0 0.9928086358538663 -0.11971220728891936
vn 0 0.9928086358538663 -0.11971220728891936
vn 0 0.9928086358538663 -0.11971220728891936
vn 0 0.9928086358538663 -0.11971220728891936
vn 0 0.9928086358538663 -0.11971220728891936
vn 0 0.9928086358538663 -0.11971220728891936
vn 0 0.9928086358538663 -0.11971220728891936
vn 0 0.9928086358538663 -0.11971220728891936
vn 0 0.9928086358538663 -0.11971220728891936
vn 0 0.9928086358538663 -0.11971220728891936
vn 0 0.9928086358538663 -0.11971220728891936
vn 0 0.9928086358538663 -0.11971220728891936
vn 0 0.9928086358538663 -0.11971220728891936
vn 0 0.9928086358538663 -0.11971220728891936
vn 0 0.9928086358538663 -0.11971220728891936
vn 0 0.9928086358538663 -0.11971220728891936
vn 0 0.9928086358538663 -0.11971220728891936
vn 0 0.9928086358538663 -0.11971220728891936
vn 0 0.9928086358538663 -0.11971220728891936
vn 0 0.9928086358538663 -0.11971220728891936
vn 0 0.9928086358538663 -0.11971220728891936
vn 0 0.9928086358538663 -0.11971220728891936
vn 0 0.9928086358538663 -0.11971220728891936
vn 0 -0.9928086358538663 0.11971220728891936
vn 0 -0.9928086358538663 0.11971220728891936
vn 0 -0.9928086358538663 0.11971220728891936
vn 0 -0.9928086358538663 0.11971220728891936
vn 0 -0.9928086358538663 0.11971220728891936
vn 0 -0.9928086358538663 0.11971220728891936
vn 0 -0.9928086358538663 0.11971220728891936
vn 0 -0.9928086358538663 0.11971220728891936
vn 0 -0.9928086358538663 0.11971220728891936
vn 0 -0.9928086358538663 0.11971220728891936
vn 0 -0.9928086358538663 0.11971220728891936
vn 0 -0.9928086358538663 0.11971220728891936
vn 0 -0.9928086358538663 0.11971220728891936
vn 0 -0.9928086358538663 0.11971220728891936
vn 0 -0.9928086358538663 0.11971220728891936
vn 0 -0.9928086358538663 0.11971220728891936
vn 0 -0.9928086358538663 0.11971220728891936
vn 0 -0.9928086358538663 0.11971220728891936
vn 0 -0.9928086358538663 0.11971220728891936
vn 0 -0.9928086358538663 0.11971220728891936
vn 0 -0.9928086358538663 0.11971220728891936
vn 0 -0.9928086358538663 0.11971220728891936
vn 0 -0.9928086358538663 0.11971220728891936
vn 0 -0.9928086358538663 0.11971220728891936
vn 0 -0.9928086358538663 0.11971220728891936
vn 0 -0.9928086358538663 0.11971220728891936
vn 0 -0.9928086358538663 0.11971220728891936
vn 0 -0.9928086358538663 0.11971220728891936
vn 0 -0.9928086358538663 0.11971220728891936
vn 0 -0.9928086358538663 0.11971220728891936
vn 0 -0.9928086358538663 0.11971220728891936
vn 0 -0.9928086358538663 0.11971220728891936
vn 0 -0.9928086358538663 0.11971220728891936
f 1858/1858/1858 1875/1875/1875 1859/1859/1859
f 1875/1875/1875 1876/1876/1876 1859/1859/1859
f 1859/1859/1859 1876/1876/1876 1860/1860/1860
f 1876/1876/1876 1877/1877/1877 1860/1860/1860
f 1860/1860/1860 1877/1877/1877 1861/1861/1861
f 1877/1877/1877 1878/1878/1878 1861/1861/1861
f 1861/1861/1861 1878/1878/1878 1862/1862/1862
f 1878/1878/1878 1879/1879/1879 1862/1862/1862
f 1862/1862/1862 1879/1879/1879 1863/1863/1863
f 1879/1879/1879 1880/1880/1880 1863/1863/1863
f 1863/1863/1863 1880/1880/1880 1864/1864/1864
f 1880/1880/1880 1881/1881/1881 1864/1864/1864
f 1864/1864/1864 1881/1881/1881 1865/1865/1865
f 1881/1881/1881 1882/1882/1882 1865/1865/1865
f 1865/1865/1865 1882/1882/1882 1866/1866/1866
f 1882/1882/1882 1883/1883/1883 1866/1866/1866
f 1866/1866/1866 1883/1883/1883 1867/1867/1867
f 1883/1883/1883 1884/1884/1884 1867/1867/1867
f 1867/1867/1867 1884/1884/1884 1868/1868/1868
f 1884/1884/1884 1885/1885/1885 1868/1868/1868
f 1868/1868/1868 1885/1885/1885 1869/1869/1869
f 1885/1885/1885 1886/1886/1886 1869/1869/1869
f 1869/1869/1869 1886/1886/1886 1870/1870/1870
f 1886/1886/1886 1887/1887/1887 1870/1870/1870
f 1870/1870/1870 1887/1887/1887 1871/1871/1871
f 1887/1887/1887 1888/1888/1888 1871/1871/1871
f 1871/1871/1871 1888/1888/1888 1872/1872/1872
f 1888/1888/1888 1889/1889/1889 1872/1872/1872
f 1872/1872/1872 1889/1889/1889 1873/1873/1873
f 1889/1889/1889 1890/1890/1890 1873/1873/1873
f 1873/1873/1873 1890/1890/1890 1874/1874/1874
f 1890/1890/1890 1891/1891/1891 1874/1874/1874
f 1908/1908/1908 1909/1909/1909 1892/1892/1892
f 1909/1909/1909 1910/1910/1910 1893/1893/1893
f 1910/1910/1910 1911/1911/1911 1894/1894/1894
f 1911/1911/1911 1912/1912/1912 1895/1895/1895
f 1912/1912/1912 1913/1913/1913 1896/1896/1896
f 1913/1913/1913 1914/1914/1914 1897/1897/1897
f 1914/1914/1914 1915/1915/1915 1898/1898/1898
f 1915/1915/1915 1916/1916/1916 1899/1899/1899
f 1916/1916/1916 1917/1917/1917 1900/1900/1900
f 1917/1917/1917 1918/1918/1918 1901/1901/1901
f 1918/1918/1918 1919/1919/1919 1902/1902/1902
f 1919/1919/1919 1920/1920/1920 1903/1903/1903
f 1920/1920/1920 1921/1921/1921 1904/1904/1904
f 1921/1921/1921 1922/1922/1922 1905/1905/1905
f 1922/1922/1922 1923/1923/1923 1906/1906/1906
f 1923/1923/1923 1924/1924/1924 1907/1907/1907
f 1942/1942/1942 1941/1941/1941 1925/1925/1925
f 1943/1943/1943 1942/1942/1942 1926/1926/1926
f 1944/1944/1944 1943/1943/1943 1927/1927/1927
f 1945/1945/1945 1944/1944/1944 1928/1928/1928
f 1946/1946/1946 1945/1945/1945 1929/1929/1929
f 1947/1947/1947 1946/1946/1946 1930/1930/1930
f 1948/1948/1948 1947/1947/1947 1931/1931/1931
f 1949/1949/1949 1948/1948/1948 1932/1932/1932
f 1950/1950/1950 1949/1949/1949 1933/1933/1933
f 1951/1951/1951 1950/1950/1950 1934/1934/1934
f 1952/1952/1952 1951/1951/1951 1935/1935/1935
f 1953/1953/1953 1952/1952/1952 1936/1936/1936
f 1954/1954/1954 1953/1953/1953 1937/1937/1937
f 1955/1955/1955 1954/1954/1954 1938/1938/1938
f 1956/1956/1956 1955/1955/1955 1939/1939/1939
f 1957/1957/1957 1956/1956/1956 1940/1940/1940
o hand_l
usemtl carbon
v -0.18949999910593032 0.21500000037252903 0.05000000037252903
v -0.18949999910593032 0.21500000037252903 -3.725290284584126e-10
v -0.18949999910593032 0.16499999962747097 0.05000000037252903
v -0.18949999910593032 0.16499999962747097 -3.725290284584126e-10
v -0.23450000089406967 0.21500000037252903 -3.725290284584126e-10
v -0.23450000089406967 0.21500000037252903 0.05000000037252903
v -0.23450000089406967 0.16499999962747097 -3.725290284584126e-10
v -0.23450000089406967 0.16499999962747097 0.05000000037252903
v -0.23450000089406967 0.21500000037252903 -3.725290284584126e-10
v -0.18949999910593032 0.21500000037252903 -3.725290284584126e-10
v -0.23450000089406967 0.21500000037252903 0.05000000037252903
v -0.18949999910593032 0.21500000037252903 0.05000000037252903
v -0.23450000089406967 0.16499999962747097 0.05000000037252903
v -0.18949999910593032 0.16499999962747097 0.05000000037252903
v -0.23450000089406967 0.16499999962747097 -3.725290284584126e-10
v -0.18949999910593032 0.16499999962747097 -3.725290284584126e-10
v -0.23450000089406967 0.21500000037252903 0.05000000037252903
v -0.18949999910593032 0.21500000037252903 0.05000000037252903
v -0.23450000089406967 0.16499999962747097 0.05000000037252903
v -0.18949999910593032 0.16499999962747097 0.05000000037252903
v -0.18949999910593032 0.21500000037252903 -3.725290284584126e-10
v -0.23450000089406967 0.21500000037252903 -3.725290284584126e-10
v -0.18949999910593032 0.16499999962747097 -3.725290284584126e-10
v -0.23450000089406967 0.16499999962747097 -3.725290284584126e-10
vt 0 1
vt 1 1
vt 0 0
vt 1 0
vt 0 1
vt 1 1
vt 0 0
vt 1 0
vt 0 1
vt 1 1
vt 0 0
vt 1 0
vt 0 1
vt 1 1
vt 0 0
vt 1 0
vt 0 1
vt 1 1
vt 0 0
vt 1 0
vt 0 1
vt 1 1
vt 0 0
vt 1 0
vn 1 0 0
vn 1 0 0
vn 1 0 0
vn 1 0 0
vn -1 0 0
vn -1 0 0
vn -1 0 0
vn -1 0 0
vn 0 1 0
vn 0 1 0
vn 0 1 0
vn 0 1 0
vn 0 -1 0
vn 0 -1 0
vn 0 -1 0
vn 0 -1 0
vn 0 0 1
vn 0 0 1
vn 0 0 1
vn 0 0 1
vn 0 0 -1
vn 0 0 -1
vn 0 0 -1
vn 0 0 -1
f 1958/1958/1958 1960/1960/1960 1959/1959/1959
f 1960/1960/1960 1961/1961/1961 1959/1959/1959
f 1962/1962/1962 1964/1964/1964 1963/1963/1963
f 1964/1964/1964 1965/1965/1965 1963/1963/1963
f 1966/1966/1966 1968/1968/1968 1967/1967/1967
f 1968/1968/1968 1969/1969/1969 1967/1967/1967
f 1970/1970/1970 1972/1972/1972 1971/1971/1971
f 1972/1972/1972 1973/1973/1973 1971/1971/1971
f 1974/1974/1974 1976/1976/1976 1975/1975/1975
f 1976/1976/1976 1977/1977/1977 1975/1975/1975
f 1978/1978/1978 1980/1980/1980 1979/1979/1979
f 1980/1980/1980 1981/1981/1981 1979/1979/1979
o shoulder_pad_r
usemtl plate
v 0.17214133170946302 0.5102264781315511 0.054999999701976776
v 0.21688496711829375 0.5265591800180779 0.027499999850988388
v 0.21688496711829375 0.5265591800180779 -0.027499999850988388
v 0.17214133170946302 0.5102264781315511 -0.054999999701976776
v 0.1273976963006323 0.49389377624502434 -0.027499999850988388
v 0.1273976963006323 0.49389377624502434 0.027499999850988388
v 0.172141331709463 0.5102264781315511 0.054999999701976776
v 0.19785866829053697 0.43977352186844887 0.07000000029802322
v 0.2548051136744521 0.46056059711288233 0.03500000014901161
v 0.2548051136744521 0.46056059711288233 -0.03500000014901161
v 0.19785866829053697 0.43977352186844887 -0.07000000029802322
v 0.14091222290662186 0.41898644662401535 -0.03500000014901161
v 0.14091222290662186 0.41898644662401535 0.03500000014901161
v 0.19785866829053694 0.43977352186844887 0.07000000029802322
v 0.17214133170946302 0.5102264781315511 0
v 0.17214133170946302 0.5102264781315511 0
v 0.17214133170946302 0.5102264781315511 0
v 0.17214133170946302 0.5102264781315511 0
v 0.17214133170946302 0.5102264781315511 0
v 0.17214133170946302 0.5102264781315511 0
v 0.17214133170946302 0.5102264781315511 0.054999999701976776
v 0.21688496711829375 0.5265591800180779 0.027499999850988388
v 0.21688496711829375 0.5265591800180779 -0.027499999850988388
v 0.17214133170946302 0.5102264781315511 -0.054999999701976776
v 0.1273976963006323 0.49389377624502434 -0.027499999850988388
v 0.1273976963006323 0.49389377624502434 0.027499999850988388
v 0.172141331709463 0.5102264781315511 0.054999999701976776
v 0.19785866829053697 0.43977352186844887 0
v 0.19785866829053697 0.43977352186844887 0
v 0.19785866829053697 0.43977352186844887 0
v 0.19785866829053697 0.43977352186844887 0
v 0.19785866829053697 0.43977352186844887 0
v 0.19785866829053697 0.43977352186844887 0
v 0.19785866829053697 0.43977352186844887 0.07000000029802322
v 0.2548051136744521 0.46056059711288233 0.03500000014901161
v 0.2548051136744521 0.46056059711288233 -0.03500000014901161
v 0.19785866829053697 0.43977352186844887 -0.07000000029802322
v 0.14091222290662186 0.41898644662401535 -0.03500000014901161
v 0.14091222290662186 0.41898644662401535 0.03500000014901161
v 0.19785866829053694 0.43977352186844887 0.07000000029802322
vt 0 1
vt 0.1666666716337204 1
vt 0.3333333432674408 1
vt 0.5 1
vt 0.6666666865348816 1
vt 0.8333333134651184 1
vt 1 1
vt 0 0
vt 0.1666666716337204 0
vt 0.3333333432674408 0
vt 0.5 0
vt 0.6666666865348816 0
vt 0.8333333134651184 0
vt 1 0
vt 0.5 0.5
vt 0.5 0.5
vt 0.5 0.5
vt 0.5 0.5
vt 0.5 0.5
vt 0.5 0.5
vt 1 0.5
vt 0.75 0.9330127239227295
vt 0.25 0.9330127239227295
vt 0 0.5
vt 0.25 0.0669872984290123
vt 0.75 0.0669872984290123
vt 1 0.5
vt 0.5 0.5
vt 0.5 0.5
vt 0.5 0.5
vt 0.5 0.5
vt 0.5 0.5
vt 0.5 0.5
vt 1 0.5
vt 0.75 0.0669872984290123
vt 0.25 0.0669872984290123
vt 0 0.5
vt 0.25 0.9330127239227295
vt 0.75 0.9330127239227295
vt 1 0.5
vn -0.06724779176290964 0.18422614320602526 0.9805806762640418
vn 0.7304748120488413 0.47541762934596393 0.4902903493535986
vn 0.7304748120488413 0.47541762934596393 -0.4902903493535986
vn -0.06724779176290953 0.1842261432060253 -0.9805806762640418
vn -0.8649703986529441 -0.10696533450091843 -0.4902903493535986
vn -0.8649703986529441 -0.10696533450091843 0.4902903493535986
vn -0.06724779176290986 0.18422614320602518 0.9805806762640418
vn -0.06724779176290964 0.18422614320602526 0.9805806762640418
vn 0.7304748120488413 0.47541762934596393 0.4902903493535986
vn 0.7304748120488413 0.47541762934596393 -0.4902903493535986
vn -0.06724779176290953 0.1842261432060253 -0.9805806762640418
vn -0.8649703986529441 -0.10696533450091843 -0.4902903493535986
vn -0.8649703986529441 -0.10696533450091843 0.4902903493535986
vn -0.06724779176290986 0.18422614320602518 0.9805806762640418
vn -0.34289780745545134 0.9393727128473789 0
vn -0.34289780745545134 0.9393727128473789 0
vn -0.34289780745545134 0.9393727128473789 0
vn -0.34289780745545134 0.9393727128473789 0
vn -0.34289780745545134 0.9393727128473789 0
vn -0.34289780745545134 0.9393727128473789 0
vn -0.34289780745545134 0.9393727128473789 0
vn -0.34289780745545134 0.9393727128473789 0
vn -0.34289780745545134 0.9393727128473789 0
vn -0.34289780745545134 0.9393727128473789 0
vn -0.34289780745545134 0.9393727128473789 0
vn -0.34289780745545134 0.9393727128473789 0
vn -0.34289780745545134 0.9393727128473789 0
vn 0.34289780745545134 -0.9393727128473789 0
vn 0.34289780745545134 -0.9393727128473789 0
vn 0.34289780745545134 -0.9393727128473789 0
vn 0.34289780745545134 -0.9393727128473789 0
vn 0.34289780745545134 -0.9393727128473789 0
vn 0.34289780745545134 -0.9393727128473789 0
vn 0.34289780745545134 -0.9393727128473789 0
vn 0.34289780745545134 -0.9393727128473789 0
vn 0.34289780745545134 -0.9393727128473789 0
vn 0.34289780745545134 -0.9393727128473789 0
vn 0.34289780745545134 -0.9393727128473789 0
vn 0.34289780745545134 -0.9393727128473789 0
vn 0.34289780745545134 -0.9393727128473789 0
f 1982/1982/1982 1989/1989/1989 1983/1983/1983
f 1989/1989/1989 1990/1990/1990 1983/1983/1983
f 1983/1983/1983 1990/1990/1990 1984/1984/1984
f 1990/1990/1990 1991/1991/1991 1984/1984/1984
f 1984/1984/1984 1991/1991/1991 1985/1985/1985
f 1991/1991/1991 1992/1992/1992 1985/1985/1985
f 1985/1985/1985 1992/1992/1992 1986/1986/1986
f 1992/1992/1992 1993/1993/1993 1986/1986/1986
f 1986/1986/1986 1993/1993/1993 1987/1987/1987
f 1993/1993/1993 1994/1994/1994 1987/1987/1987
f 1987/1987/1987 1994/1994/1994 1988/1988/1988
f 1994/1994/1994 1995/1995/1995 1988/1988/1988
f 2002/2002/2002 2003/2003/2003 1996/1996/1996
f 2003/2003/2003 2004/2004/2004 1997/1997/1997
f 2004/2004/2004 2005/2005/2005 1998/1998/1998
f 2005/2005/2005 2006/2006/2006 1999/1999/1999
f 2006/2006/2006 2007/2007/2007 2000/2000/2000
f 2007/2007/2007 2008/2008/2008 2001/2001/2001
f 2016/2016/2016 2015/2015/2015 2009/2009/2009
f 2017/2017/2017 2016/2016/2016 2010/2010/2010
f 2018/2018/2018 2017/2017/2017 2011/2011/2011
f 2019/2019/2019 2018/2018/2018 2012/2012/2012
f 2020/2020/2020 2019/2019/2019 2013/2013/2013
f 2021/2021/2021 2020/2020/2020 2014/2014/2014
o shoulder_glow_r
usemtl glow
v 0.2220637910119507 0.5035417050337443 0.05600000005215407
v 0.2220637910119507 0.5035417050337443 0.04399999994784594
v 0.23920868164020206 0.4565730686914881 0.05600000005215407
v 0.23920868164020206 0.4565730686914881 0.04399999994784594
v 0.21079131835979795 0.49942693130851185 0.04399999994784594
v 0.21079131835979795 0.49942693130851185 0.05600000005215407
v 0.2279362089880493 0.45245829496625567 0.04399999994784594
v 0.2279362089880493 0.45245829496625567 0.05600000005215407
v 0.21079131835979795 0.49942693130851185 0.04399999994784594
v 0.2220637910119507 0.5035417050337443 0.04399999994784594
v 0.21079131835979795 0.49942693130851185 0.05600000005215407
v 0.2220637910119507 0.5035417050337443 0.05600000005215407
v 0.2279362089880493 0.45245829496625567 0.05600000005215407
v 0.23920868164020206 0.4565730686914881 0.05600000005215407
v 0.2279362089880493 0.45245829496625567 0.04399999994784594
v 0.23920868164020206 0.4565730686914881 0.04399999994784594
v 0.21079131835979795 0.49942693130851185 0.05600000005215407
v 0.2220637910119507 0.5035417050337443 0.05600000005215407
v 0.2279362089880493 0.45245829496625567 0.05600000005215407
v 0.23920868164020206 0.4565730686914881 0.05600000005215407
v 0.2220637910119507 0.5035417050337443 0.04399999994784594
v 0.21079131835979795 0.49942693130851185 0.04399999994784594
v 0.23920868164020206 0.4565730686914881 0.04399999994784594
v 0.2279362089880493 0.45245829496625567 0.04399999994784594
vt 0 1
vt 1 1
vt 0 0
vt 1 0
vt 0 1
vt 1 1
vt 0 0
vt 1 0
vt 0 1
vt 1 1
vt 0 0
vt 1 0
vt 0 1
vt 1 1
vt 0 0
vt 1 0
vt 0 1
vt 1 1
vt 0 0
vt 1 0
vt 0 1
vt 1 1
vt 0 0
vt 1 0
vn 0.9393727128473789 0.34289780745545134 0
vn 0.9393727128473789 0.34289780745545134 0
vn 0.9393727128473789 0.34289780745545134 0
vn 0.9393727128473789 0.34289780745545134 0
vn -0.9393727128473789 -0.34289780745545134 0
vn -0.9393727128473789 -0.34289780745545134 0
vn -0.9393727128473789 -0.34289780745545134 0
vn -0.9393727128473789 -0.34289780745545134 0
vn -0.34289780745545134 0.9393727128473789 0
vn -0.34289780745545134 0.9393727128473789 0
vn -0.34289780745545134 0.9393727128473789 0
vn -0.34289780745545134 0.9393727128473789 0
vn 0.34289780745545134 -0.9393727128473789 0
vn 0.34289780745545134 -0.9393727128473789 0
vn 0.34289780745545134 -0.9393727128473789 0
vn 0.34289780745545134 -0.9393727128473789 0
vn 0 0 1
vn 0 0 1
vn 0 0 1
vn 0 0 1
vn 0 0 -1
vn 0 0 -1
vn 0 0 -1
vn 0 0 -1
f 2022/2022/2022 2024/2024/2024 2023/2023/2023
f 2024/2024/2024 2025/2025/2025 2023/2023/2023
f 2026/2026/2026 2028/2028/2028 2027/2027/2027
f 2028/2028/2028 2029/2029/2029 2027/2027/2027
f 2030/2030/2030 2032/2032/2032 2031/2031/2031
f 2032/2032/2032 2033/2033/2033 2031/2031/2031
f 2034/2034/2034 2036/2036/2036 2035/2035/2035
f 2036/2036/2036 2037/2037/2037 2035/2035/2035
f 2038/2038/2038 2040/2040/2040 2039/2039/2039
f 2040/2040/2040 2041/2041/2041 2039/2039/2039
f 2042/2042/2042 2044/2044/2044 2043/2043/2043
f 2044/2044/2044 2045/2045/2045 2043/2043/2043
o shoulder_joint_r
usemtl joint
v 0.175 0.4779999987781048 0
v 0.175 0.4779999987781048 0
v 0.175 0.4779999987781048 0
v 0.175 0.4779999987781048 0
v 0.175 0.4779999987781048 0
v 0.175 0.4779999987781048 0
v 0.175 0.4779999987781048 0
v 0.175 0.4779999987781048 0
v 0.175 0.4779999987781048 0
v 0.175 0.4779999987781048 0
v 0.175 0.4779999987781048 0
v 0.175 0.4779999987781048 0
v 0.175 0.4779999987781048 0
v 0.175 0.4779999987781048 0
v 0.175 0.4779999987781048 0
v 0.175 0.4779999987781048 0
v 0.175 0.4779999987781048 0
v 0.175 0.4779999987781048 0
v 0.175 0.4779999987781048 0
v 0.175 0.4779999987781048 0
v 0.175 0.4779999987781048 0
v 0.175 0.4779999987781048 0
v 0.175 0.4779999987781048 0
v 0.175 0.4779999987781048 0
v 0.175 0.4779999987781048 0
v 0.16840136907994746 0.47742269426584244 0
v 0.16862621223554014 0.47742269426584244 0.0017078513046726584
v 0.16928541818633674 0.47742269426584244 0.003299315460026264
v 0.17033406365662812 0.47742269426584244 0.004665936343371868
v 0.17170068453997372 0.47742269426584244 0.005714581813663244
v 0.17329214869532733 0.47742269426584244 0.006373787764459848
v 0.175 0.47742269426584244 0.006598630920052528
v 0.17670785130467265 0.47742269426584244 0.006373787764459848
v 0.17829931546002625 0.47742269426584244 0.005714581813663244
v 0.17966593634337186 0.47742269426584244 0.004665936343371868
v 0.18071458181366323 0.47742269426584244 0.003299315460026264
v 0.18137378776445984 0.47742269426584244 0.0017078513046726584
v 0.18159863092005252 0.47742269426584244 8.080992101826544e-19
v 0.18137378776445984 0.47742269426584244 -0.0017078513046726584
v 0.18071458181366323 0.47742269426584244 -0.003299315460026264
v 0.17966593634337186 0.47742269426584244 -0.004665936343371868
v 0.17829931546002625 0.47742269426584244 -0.005714581813663244
v 0.17670785130467265 0.47742269426584244 -0.006373787764459848
v 0.175 0.47742269426584244 -0.006598630920052528
v 0.17329214869532733 0.47742269426584244 -0.006373787764459848
v 0.17170068453997372 0.47742269426584244 -0.005714581813663244
v 0.17033406365662812 0.47742269426584244 -0.004665936343371868
v 0.16928541818633674 0.47742269426584244 -0.003299315460026264
v 0.16862621223554014 0.47742269426584244 -0.0017078513046726584
v 0.16840136907994746 0.47742269426584244 -1.6161984203653089e-18
v 0.16200323421508073 0.47570831939578057 0
v 0.1624460883438587 0.47570831939578057 0.0033638104796409607
v 0.16374447122216224 0.47570831939578057 0.006498382892459631
v 0.16580989882349967 0.47570831939578057 0.00919010117650032
v 0.16850161710754036 0.47570831939578057 0.011255528777837753
v 0.17163618952035903 0.47570831939578057 0.012553911656141281
v 0.175 0.47570831939578057 0.012996765784919262
v 0.17836381047964095 0.47570831939578057 0.012553911656141281
v 0.18149838289245962 0.47570831939578057 0.011255528777837753
v 0.1841901011765003 0.47570831939578057 0.00919010117650032
v 0.18625552877783774 0.47570831939578057 0.006498382892459631
v 0.18755391165614127 0.47570831939578057 0.0033638104796409607
v 0.18799676578491925 0.47570831939578057 1.5916447012550145e-18
v 0.18755391165614127 0.47570831939578057 -0.0033638104796409607
v 0.18625552877783774 0.47570831939578057 -0.006498382892459631
v 0.1841901011765003 0.47570831939578057 -0.00919010117650032
v 0.18149838289245962 0.47570831939578057 -0.011255528777837753
v 0.17836381047964095 0.47570831939578057 -0.012553911656141281
v 0.175 0.47570831939578057 -0.012996765784919262
v 0.17163618952035903 0.47570831939578057 -0.012553911656141281
v 0.16850161710754036 0.47570831939578057 -0.011255528777837753
v 0.16580989882349967 0.47570831939578057 -0.00919010117650032
v 0.16374447122216224 0.47570831939578057 -0.006498382892459631
v 0.1624460883438587 0.47570831939578057 -0.0033638104796409607
v 0.16200323421508073 0.47570831939578057 -3.183289402510029e-18
v 0.1560000006109476 0.47290896490216255 0
v 0.15664740949869155 0.47290896490216255 0.004917562007904053
v 0.1585455175489187 0.47290896490216255 0.009499999694526196
v 0.1615649715065956 0.47290896490216255 0.013435028493404388
v 0.1655000003054738 0.47290896490216255 0.016454482451081276
v 0.17008243799209594 0.47290896490216255 0.01835259050130844
v 0.175 0.47290896490216255 0.01899999938905239
v 0.17991756200790404 0.47290896490216255 0.01835259050130844
v 0.18449999969452618 0.47290896490216255 0.016454482451081276
v 0.18843502849340438 0.47290896490216255 0.013435028493404388
v 0.19145448245108126 0.47290896490216255 0.009499999694526196
v 0.19335259050130843 0.47290896490216255 0.004917562007904053
v 0.19399999938905238 0.47290896490216255 2.3268288710193087e-18
v 0.19335259050130843 0.47290896490216255 -0.004917562007904053
v 0.19145448245108126 0.47290896490216255 -0.009499999694526196
v 0.18843502849340438 0.47290896490216255 -0.013435028493404388
v 0.18449999969452618 0.47290896490216255 -0.016454482451081276
v 0.17991756200790404 0.47290896490216255 -0.01835259050130844
v 0.175 0.47290896490216255 -0.01899999938905239
v 0.17008243799209594 0.47290896490216255 -0.01835259050130844
v 0.1655000003054738 0.47290896490216255 -0.016454482451081276
v 0.1615649715065956 0.47290896490216255 -0.013435028493404388
v 0.1585455175489187 0.47290896490216255 -0.009499999694526196
v 0.15664740949869155 0.47290896490216255 -0.004917562007904053
v 0.1560000006109476 0.47290896490216255 -4.653657742038617e-18
v 0.15057407058775424 0.46910968847572804 0
v 0.1514063637703657 0.46910968847572804 0.006321895867586136
v 0.15384652391076087 0.46910968847572804 0.012212964706122875
v 0.15772825963795184 0.46910968847572804 0.01727174036204815
v 0.1627870352938771 0.46910968847572804 0.02115347608923912
v 0.16867810413241385 0.46910968847572804 0.023593636229634285
v 0.175 0.46910968847572804 0.02442592941224575
v 0.18132189586758612 0.46910968847572804 0.023593636229634285
v 0.18721296470612286 0.46910968847572804 0.02115347608923912
v 0.19227174036204814 0.46910968847572804 0.01727174036204815
v 0.1961534760892391 0.46910968847572804 0.012212964706122875
v 0.19859363622963427 0.46910968847572804 0.006321895867586136
v 0.19942592941224574 0.46910968847572804 2.991313603635966e-18
v 0.19859363622963427 0.46910968847572804 -0.006321895867586136
v 0.1961534760892391 0.46910968847572804 -0.012212964706122875
v 0.19227174036204814 0.46910968847572804 -0.01727174036204815
v 0.18721296470612286 0.46910968847572804 -0.02115347608923912
v 0.18132189586758612 0.46910968847572804 -0.023593636229634285
v 0.175 0.46910968847572804 -0.02442592941224575
v 0.16867810413241385 0.46910968847572804 -0.023593636229634285
v 0.1627870352938771 0.46910968847572804 -0.02115347608923912
v 0.15772825963795184 0.46910968847572804 -0.01727174036204815
v 0.15384652391076087 0.46910968847572804 -0.012212964706122875
v 0.1514063637703657 0.46910968847572804 -0.006321895867586136
v 0.15057407058775424 0.46910968847572804 -5.982627207271932e-18
v 0.14589031152427195 0.46442592941224575 0
v 0.14688219986855983 0.46442592941224575 0.007534141652286053
v 0.14979026950895785 0.46442592941224575 0.014554844237864017
v 0.15441634245216845 0.46442592941224575 0.020583657547831535
v 0.16044515576213597 0.46442592941224575 0.025209730491042137
v 0.16746585834771394 0.46442592941224575 0.028117800131440163
v 0.175 0.46442592941224575 0.029109688475728035
v 0.18253414165228604 0.46442592941224575 0.028117800131440163
v 0.189554844237864 0.46442592941224575 0.025209730491042137
v 0.19558365754783152 0.46442592941224575 0.020583657547831535
v 0.20020973049104213 0.46442592941224575 0.014554844237864017
v 0.20311780013144015 0.46442592941224575 0.007534141652286053
v 0.20410968847572802 0.46442592941224575 3.564908557725909e-18
v 0.20311780013144015 0.46442592941224575 -0.007534141652286053
v 0.20020973049104213 0.46442592941224575 -0.014554844237864017
v 0.19558365754783152 0.46442592941224575 -0.020583657547831535
v 0.189554844237864 0.46442592941224575 -0.025209730491042137
v 0.18253414165228604 0.46442592941224575 -0.028117800131440163
v 0.175 0.46442592941224575 -0.029109688475728035
v 0.16746585834771394 0.46442592941224575 -0.028117800131440163
v 0.16044515576213597 0.46442592941224575 -0.025209730491042137
v 0.15441634245216845 0.46442592941224575 -0.020583657547831535
v 0.14979026950895785 0.46442592941224575 -0.014554844237864017
v 0.14688219986855983 0.46442592941224575 -0.007534141652286053
v 0.14589031152427195 0.46442592941224575 -7.129817115451818e-18
v 0.14209103509783744 0.4589999993890524 0
v 0.14321238100528716 0.4589999993890524 0.00851746741682291
v 0.14649999998509883 0.4589999993890524 0.016454482451081276
v 0.1517298474907875 0.4589999993890524 0.023270152509212494
v 0.1585455175489187 0.4589999993890524 0.02850000001490116
v 0.16648253258317708 0.4589999993890524 0.03178761899471283
v 0.175 0.4589999993890524 0.03290896490216255
v 0.1835174674168229 0.4589999993890524 0.03178761899471283
v 0.19145448245108126 0.4589999993890524 0.02850000001490116
v 0.19827015250921248 0.4589999993890524 0.023270152509212494
v 0.20350000001490115 0.4589999993890524 0.016454482451081276
v 0.20678761899471282 0.4589999993890524 0.00851746741682291
v 0.20790896490216254 0.4589999993890524 4.030186071758411e-18
v 0.20678761899471282 0.4589999993890524 -0.00851746741682291
v 0.20350000001490115 0.4589999993890524 -0.016454482451081276
v 0.19827015250921248 0.4589999993890524 -0.023270152509212494
v 0.19145448245108126 0.4589999993890524 -0.02850000001490116
v 0.1835174674168229 0.4589999993890524 -0.03178761899471283
v 0.175 0.4589999993890524 -0.03290896490216255
v 0.16648253258317708 0.4589999993890524 -0.03178761899471283
v 0.1585455175489187 0.4589999993890524 -0.02850000001490116
v 0.1517298474907875 0.4589999993890524 -0.023270152509212494
v 0.14649999998509883 0.4589999993890524 -0.016454482451081276
v 0.14321238100528716 0.4589999993890524 -0.00851746741682291
v 0.14209103509783744 0.4589999993890524 -8.060372143516822e-18
v 0.13929168060421943 0.45299676578491926 0
v 0.14050841256976127 0.45299676578491926 0.00924199353903532
v 0.14407568722963332 0.45299676578491926 0.01785415969789028
v 0.149750405177474 0.45299676578491926 0.025249594822525978
v 0.1571458403021097 0.45299676578491926 0.03092431277036667
v 0.16575800646096467 0.45299676578491926 0.034491587430238724
v 0.175 0.45299676578491926 0.03570831939578056
v 0.1842419935390353 0.45299676578491926 0.034491587430238724
v 0.19285415969789027 0.45299676578491926 0.03092431277036667
v 0.20024959482252597 0.45299676578491926 0.025249594822525978
v 0.20592431277036666 0.45299676578491926 0.01785415969789028
v 0.2094915874302387 0.45299676578491926 0.00924199353903532
v 0.21070831939578055 0.45299676578491926 4.373007767908563e-18
v 0.2094915874302387 0.45299676578491926 -0.00924199353903532
v 0.20592431277036666 0.45299676578491926 -0.01785415969789028
v 0.20024959482252597 0.45299676578491926 -0.025249594822525978
v 0.19285415969789027 0.45299676578491926 -0.03092431277036667
v 0.1842419935390353 0.45299676578491926 -0.034491587430238724
v 0.175 0.45299676578491926 -0.03570831939578056
v 0.16575800646096467 0.45299676578491926 -0.034491587430238724
v 0.1571458403021097 0.45299676578491926 -0.03092431277036667
v 0.149750405177474 0.45299676578491926 -0.025249594822525978
v 0.14407568722963332 0.45299676578491926 -0.01785415969789028
v 0.14050841256976127 0.45299676578491926 -0.00924199353903532
v 0.13929168060421943 0.45299676578491926 -8.746015535817127e-18
v 0.13757730573415755 0.44659863092005253 0
v 0.13885245397686957 0.44659863092005253 0.009685706347227097
v 0.14259099513292312 0.44659863092005253 0.01871134713292122
v 0.14853815846145152 0.44659863092005253 0.02646184153854847
v 0.15628865286707877 0.44659863092005253 0.032409004867076874
v 0.1653142936527729 0.44659863092005253 0.03614754602313042
v 0.175 0.44659863092005253 0.03742269426584244
v 0.18468570634722709 0.44659863092005253 0.03614754602313042
v 0.1937113471329212 0.44659863092005253 0.032409004867076874
v 0.20146184153854846 0.44659863092005253 0.02646184153854847
v 0.20740900486707686 0.44659863092005253 0.01871134713292122
v 0.2111475460231304 0.44659863092005253 0.009685706347227097
v 0.21242269426584243 0.44659863092005253 4.582958201493404e-18
v 0.2111475460231304 0.44659863092005253 -0.009685706347227097
v 0.20740900486707686 0.44659863092005253 -0.01871134713292122
v 0.20146184153854846 0.44659863092005253 -0.02646184153854847
v 0.1937113471329212 0.44659863092005253 -0.032409004867076874
v 0.18468570634722709 0.44659863092005253 -0.03614754602313042
v 0.175 0.44659863092005253 -0.03742269426584244
v 0.1653142936527729 0.44659863092005253 -0.03614754602313042
v 0.15628865286707877 0.44659863092005253 -0.032409004867076874
v 0.14853815846145152 0.44659863092005253 -0.02646184153854847
v 0.14259099513292312 0.44659863092005253 -0.01871134713292122
v 0.13885245397686957 0.44659863092005253 -0.009685706347227097
v 0.13757730573415755 0.44659863092005253 -9.165916402986808e-18
v 0.1370000012218952 0.44 0
v 0.1382948189973831 0.44 0.009835124015808105
v 0.14209103509783744 0.44 0.01899999938905239
v 0.1481299430131912 0.44 0.026870056986808777
v 0.1560000006109476 0.44 0.03290896490216255
v 0.16516487598419188 0.44 0.03670518100261688
v 0.175 0.44 0.03799999877810478
v 0.1848351240158081 0.44 0.03670518100261688
v 0.19399999938905238 0.44 0.03290896490216255
v 0.20187005698680877 0.44 0.026870056986808777
v 0.20790896490216254 0.44 0.01899999938905239
v 0.21170518100261687 0.44 0.009835124015808105
v 0.21299999877810477 0.44 4.653657742038617e-18
v 0.21170518100261687 0.44 -0.009835124015808105
v 0.20790896490216254 0.44 -0.01899999938905239
v 0.20187005698680877 0.44 -0.026870056986808777
v 0.19399999938905238 0.44 -0.03290896490216255
v 0.1848351240158081 0.44 -0.03670518100261688
v 0.175 0.44 -0.03799999877810478
v 0.16516487598419188 0.44 -0.03670518100261688
v 0.1560000006109476 0.44 -0.03290896490216255
v 0.1481299430131912 0.44 -0.026870056986808777
v 0.14209103509783744 0.44 -0.01899999938905239
v 0.1382948189973831 0.44 -0.009835124015808105
v 0.1370000012218952 0.44 -9.307315484077235e-18
v 0.13757730573415755 0.4334013690799475 0
v 0.13885245397686957 0.4334013690799475 0.009685706347227097
v 0.14259099513292312 0.4334013690799475 0.01871134713292122
v 0.14853815846145152 0.4334013690799475 0.02646184153854847
v 0.15628865286707877 0.4334013690799475 0.032409004867076874
v 0.1653142936527729 0.4334013690799475 0.03614754602313042
v 0.175 0.4334013690799475 0.03742269426584244
v 0.18468570634722709 0.4334013690799475 0.03614754602313042
v 0.1937113471329212 0.4334013690799475 0.032409004867076874
v 0.20146184153854846 0.4334013690799475 0.02646184153854847
v 0.20740900486707686 0.4334013690799475 0.01871134713292122
v 0.2111475460231304 0.4334013690799475 0.009685706347227097
v 0.21242269426584243 0.4334013690799475 4.582958201493404e-18
v 0.2111475460231304 0.4334013690799475 -0.009685706347227097
v 0.20740900486707686 0.4334013690799475 -0.01871134713292122
v 0.20146184153854846 0.4334013690799475 -0.02646184153854847
v 0.1937113471329212 0.4334013690799475 -0.032409004867076874
v 0.18468570634722709 0.4334013690799475 -0.03614754602313042
v 0.175 0.4334013690799475 -0.03742269426584244
v 0.1653142936527729 0.4334013690799475 -0.03614754602313042
v 0.15628865286707877 0.4334013690799475 -0.032409004867076874
v 0.14853815846145152 0.4334013690799475 -0.02646184153854847
v 0.14259099513292312 0.4334013690799475 -0.01871134713292122
v 0.13885245397686957 0.4334013690799475 -0.009685706347227097
v 0.13757730573415755 0.4334013690799475 -9.165916402986808e-18
v 0.13929168060421943 0.42700323421508074 0
v 0.14050841256976127 0.42700323421508074 0.00924199353903532
v 0.14407568722963332 0.42700323421508074 0.01785415969789028
v 0.149750405177474 0.42700323421508074 0.025249594822525978
v 0.1571458403021097 0.42700323421508074 0.03092431277036667
v 0.16575800646096467 0.42700323421508074 0.034491587430238724
v 0.175 0.42700323421508074 0.03570831939578056
v 0.1842419935390353 0.42700323421508074 0.034491587430238724
v 0.19285415969789027 0.42700323421508074 0.03092431277036667
v 0.20024959482252597 0.42700323421508074 0.025249594822525978
v 0.20592431277036666 0.42700323421508074 0.01785415969789028
v 0.2094915874302387 0.42700323421508074 0.00924199353903532
v 0.21070831939578055 0.42700323421508074 4.373007767908563e-18
v 0.2094915874302387 0.42700323421508074 -0.00924199353903532
v 0.20592431277036666 0.42700323421508074 -0.01785415969789028
v 0.20024959482252597 0.42700323421508074 -0.025249594822525978
v 0.19285415969789027 0.42700323421508074 -0.03092431277036667
v 0.1842419935390353 0.42700323421508074 -0.034491587430238724
v 0.175 0.42700323421508074 -0.03570831939578056
v 0.16575800646096467 0.42700323421508074 -0.034491587430238724
v 0.1571458403021097 0.42700323421508074 -0.03092431277036667
v 0.149750405177474 0.42700323421508074 -0.025249594822525978
v 0.14407568722963332 0.42700323421508074 -0.01785415969789028
v 0.14050841256976127 0.42700323421508074 -0.00924199353903532
v 0.13929168060421943 0.42700323421508074 -8.746015535817127e-18
v 0.14209103509783744 0.4210000006109476 0
v 0.14321238100528716 0.4210000006109476 0.00851746741682291
v 0.14649999998509883 0.4210000006109476 0.016454482451081276
v 0.1517298474907875 0.4210000006109476 0.023270152509212494
v 0.1585455175489187 0.4210000006109476 0.02850000001490116
v 0.16648253258317708 0.4210000006109476 0.03178761899471283
v 0.175 0.4210000006109476 0.03290896490216255
v 0.1835174674168229 0.4210000006109476 0.03178761899471283
v 0.19145448245108126 0.4210000006109476 0.02850000001490116
v 0.19827015250921248 0.4210000006109476 0.023270152509212494
v 0.20350000001490115 0.4210000006109476 0.016454482451081276
v 0.20678761899471282 0.4210000006109476 0.00851746741682291
v 0.20790896490216254 0.4210000006109476 4.030186071758411e-18
v 0.20678761899471282 0.4210000006109476 -0.00851746741682291
v 0.20350000001490115 0.4210000006109476 -0.016454482451081276
v 0.19827015250921248 0.4210000006109476 -0.023270152509212494
v 0.19145448245108126 0.4210000006109476 -0.02850000001490116
v 0.1835174674168229 0.4210000006109476 -0.03178761899471283
v 0.175 0.4210000006109476 -0.03290896490216255
v 0.16648253258317708 0.4210000006109476 -0.03178761899471283
v 0.1585455175489187 0.4210000006109476 -0.02850000001490116
v 0.1517298474907875 0.4210000006109476 -0.023270152509212494
v 0.14649999998509883 0.4210000006109476 -0.016454482451081276
v 0.14321238100528716 0.4210000006109476 -0.00851746741682291
v 0.14209103509783744 0.4210000006109476 -8.060372143516822e-18
v 0.14589031152427195 0.41557407058775425 0
v 0.14688219986855983 0.41557407058775425 0.007534141652286053
v 0.14979026950895785 0.41557407058775425 0.014554844237864017
v 0.15441634245216845 0.41557407058775425 0.020583657547831535
v 0.16044515576213597 0.41557407058775425 0.025209730491042137
v 0.16746585834771394 0.41557407058775425 0.028117800131440163
v 0.175 0.41557407058775425 0.029109688475728035
v 0.18253414165228604 0.41557407058775425 0.028117800131440163
v 0.189554844237864 0.41557407058775425 0.025209730491042137
v 0.19558365754783152 0.41557407058775425 0.020583657547831535
v 0.20020973049104213 0.41557407058775425 0.014554844237864017
v 0.20311780013144015 0.41557407058775425 0.007534141652286053
v 0.20410968847572802 0.41557407058775425 3.564908557725909e-18
v 0.20311780013144015 0.41557407058775425 -0.007534141652286053
v 0.20020973049104213 0.41557407058775425 -0.014554844237864017
v 0.19558365754783152 0.41557407058775425 -0.020583657547831535
v 0.189554844237864 0.41557407058775425 -0.025209730491042137
v 0.18253414165228604 0.41557407058775425 -0.028117800131440163
v 0.175 0.41557407058775425 -0.029109688475728035
v 0.16746585834771394 0.41557407058775425 -0.028117800131440163
v 0.16044515576213597 0.41557407058775425 -0.025209730491042137
v 0.15441634245216845 0.41557407058775425 -0.020583657547831535
v 0.14979026950895785 0.41557407058775425 -0.014554844237864017
v 0.14688219986855983 0.41557407058775425 -0.007534141652286053
v 0.14589031152427195 0.41557407058775425 -7.129817115451818e-18
v 0.15057407058775424 0.41089031152427197 0
v 0.1514063637703657 0.41089031152427197 0.006321895867586136
v 0.15384652391076087 0.41089031152427197 0.012212964706122875
v 0.15772825963795184 0.41089031152427197 0.01727174036204815
v 0.1627870352938771 0.41089031152427197 0.02115347608923912
v 0.16867810413241385 0.41089031152427197 0.023593636229634285
v 0.175 0.41089031152427197 0.02442592941224575
v 0.18132189586758612 0.41089031152427197 0.023593636229634285
v 0.18721296470612286 0.41089031152427197 0.02115347608923912
v 0.19227174036204814 0.41089031152427197 0.01727174036204815
v 0.1961534760892391 0.41089031152427197 0.012212964706122875
v 0.19859363622963427 0.41089031152427197 0.006321895867586136
v 0.19942592941224574 0.41089031152427197 2.991313603635966e-18
v 0.19859363622963427 0.41089031152427197 -0.006321895867586136
v 0.1961534760892391 0.41089031152427197 -0.012212964706122875
v 0.19227174036204814 0.41089031152427197 -0.01727174036204815
v 0.18721296470612286 0.41089031152427197 -0.02115347608923912
v 0.18132189586758612 0.41089031152427197 -0.023593636229634285
v 0.175 0.41089031152427197 -0.02442592941224575
v 0.16867810413241385 0.41089031152427197 -0.023593636229634285
v 0.1627870352938771 0.41089031152427197 -0.02115347608923912
v 0.15772825963795184 0.41089031152427197 -0.01727174036204815
v 0.15384652391076087 0.41089031152427197 -0.012212964706122875
v 0.1514063637703657 0.41089031152427197 -0.006321895867586136
v 0.15057407058775424 0.41089031152427197 -5.982627207271932e-18
v 0.1560000006109476 0.40709103509783745 0
v 0.15664740949869155 0.40709103509783745 0.004917562007904053
v 0.1585455175489187 0.40709103509783745 0.009499999694526196
v 0.1615649715065956 0.40709103509783745 0.013435028493404388
v 0.1655000003054738 0.40709103509783745 0.016454482451081276
v 0.17008243799209594 0.40709103509783745 0.01835259050130844
v 0.175 0.40709103509783745 0.01899999938905239
v 0.17991756200790404 0.40709103509783745 0.01835259050130844
v 0.18449999969452618 0.40709103509783745 0.016454482451081276
v 0.18843502849340438 0.40709103509783745 0.013435028493404388
v 0.19145448245108126 0.40709103509783745 0.009499999694526196
v 0.19335259050130843 0.40709103509783745 0.004917562007904053
v 0.19399999938905238 0.40709103509783745 2.3268288710193087e-18
v 0.19335259050130843 0.40709103509783745 -0.004917562007904053
v 0.19145448245108126 0.40709103509783745 -0.009499999694526196
v 0.18843502849340438 0.40709103509783745 -0.013435028493404388
v 0.18449999969452618 0.40709103509783745 -0.016454482451081276
v 0.17991756200790404 0.40709103509783745 -0.01835259050130844
v 0.175 0.40709103509783745 -0.01899999938905239
v 0.17008243799209594 0.40709103509783745 -0.01835259050130844
v 0.1655000003054738 0.40709103509783745 -0.016454482451081276
v 0.1615649715065956 0.40709103509783745 -0.013435028493404388
v 0.1585455175489187 0.40709103509783745 -0.009499999694526196
v 0.15664740949869155 0.40709103509783745 -0.004917562007904053
v 0.1560000006109476 0.40709103509783745 -4.653657742038617e-18
v 0.16200323421508073 0.40429168060421944 0
v 0.1624460883438587 0.40429168060421944 0.0033638104796409607
v 0.16374447122216224 0.40429168060421944 0.006498382892459631
v 0.16580989882349967 0.40429168060421944 0.00919010117650032
v 0.16850161710754036 0.40429168060421944 0.011255528777837753
v 0.17163618952035903 0.40429168060421944 0.012553911656141281
v 0.175 0.40429168060421944 0.012996765784919262
v 0.17836381047964095 0.40429168060421944 0.012553911656141281
v 0.18149838289245962 0.40429168060421944 0.011255528777837753
v 0.1841901011765003 0.40429168060421944 0.00919010117650032
v 0.18625552877783774 0.40429168060421944 0.006498382892459631
v 0.18755391165614127 0.40429168060421944 0.0033638104796409607
v 0.18799676578491925 0.40429168060421944 1.5916447012550145e-18
v 0.18755391165614127 0.40429168060421944 -0.0033638104796409607
v 0.18625552877783774 0.40429168060421944 -0.006498382892459631
v 0.1841901011765003 0.40429168060421944 -0.00919010117650032
v 0.18149838289245962 0.40429168060421944 -0.011255528777837753
v 0.17836381047964095 0.40429168060421944 -0.012553911656141281
v 0.175 0.40429168060421944 -0.012996765784919262
v 0.17163618952035903 0.40429168060421944 -0.012553911656141281
v 0.16850161710754036 0.40429168060421944 -0.011255528777837753
v 0.16580989882349967 0.40429168060421944 -0.00919010117650032
v 0.16374447122216224 0.40429168060421944 -0.006498382892459631
v 0.1624460883438587 0.40429168060421944 -0.0033638104796409607
v 0.16200323421508073 0.40429168060421944 -3.183289402510029e-18
v 0.16840136907994746 0.40257730573415756 0
v 0.16862621223554014 0.40257730573415756 0.0017078513046726584
v 0.16928541818633674 0.40257730573415756 0.003299315460026264
v 0.17033406365662812 0.40257730573415756 0.004665936343371868
v 0.17170068453997372 0.40257730573415756 0.005714581813663244
v 0.17329214869532733 0.40257730573415756 0.006373787764459848
v 0.175 0.40257730573415756 0.006598630920052528
v 0.17670785130467265 0.40257730573415756 0.006373787764459848
v 0.17829931546002625 0.40257730573415756 0.005714581813663244
v 0.17966593634337186 0.40257730573415756 0.004665936343371868
v 0.18071458181366323 0.40257730573415756 0.003299315460026264
v 0.18137378776445984 0.40257730573415756 0.0017078513046726584
v 0.18159863092005252 0.40257730573415756 8.080992101826544e-19
v 0.18137378776445984 0.40257730573415756 -0.0017078513046726584
v 0.18071458181366323 0.40257730573415756 -0.003299315460026264
v 0.17966593634337186 0.40257730573415756 -0.004665936343371868
v 0.17829931546002625 0.40257730573415756 -0.005714581813663244
v 0.17670785130467265 0.40257730573415756 -0.006373787764459848
v 0.175 0.40257730573415756 -0.006598630920052528
v 0.17329214869532733 0.40257730573415756 -0.006373787764459848
v 0.17170068453997372 0.40257730573415756 -0.005714581813663244
v 0.17033406365662812 0.40257730573415756 -0.004665936343371868
v 0.16928541818633674 0.40257730573415756 -0.003299315460026264
v 0.16862621223554014 0.40257730573415756 -0.0017078513046726584
v 0.16840136907994746 0.40257730573415756 -1.6161984203653089e-18
v 0.175 0.4020000012218952 0
v 0.175 0.4020000012218952 1.2044553117942025e-18
v 0.175 0.4020000012218952 2.3268288710193087e-18
v 0.175 0.4020000012218952 3.2906330441913417e-18
v 0.175 0.4020000012218952 4.030186071758411e-18
v 0.175 0.4020000012218952 4.495088459383121e-18
v 0.175 0.4020000012218952 4.653657742038617e-18
v 0.175 0.4020000012218952 4.495088459383121e-18
v 0.175 0.4020000012218952 4.030186071758411e-18
v 0.175 0.4020000012218952 3.2906330441913417e-18
v 0.175 0.4020000012218952 2.3268288710193087e-18
v 0.175 0.4020000012218952 1.2044553117942025e-18
v 0.175 0.4020000012218952 5.69908727213179e-34
v 0.175 0.4020000012218952 -1.2044553117942025e-18
v 0.175 0.4020000012218952 -2.3268288710193087e-18
v 0.175 0.4020000012218952 -3.2906330441913417e-18
v 0.175 0.4020000012218952 -4.030186071758411e-18
v 0.175 0.4020000012218952 -4.495088459383121e-18
v 0.175 0.4020000012218952 -4.653657742038617e-18
v 0.175 0.4020000012218952 -4.495088459383121e-18
v 0.175 0.4020000012218952 -4.030186071758411e-18
v 0.175 0.4020000012218952 -3.2906330441913417e-18
v 0.175 0.4020000012218952 -2.3268288710193087e-18
v 0.175 0.4020000012218952 -1.2044553117942025e-18
v 0.175 0.4020000012218952 -1.139817454426358e-33
vt 0.02083333395421505 1
vt 0.0625 1
vt 0.1041666641831398 1
vt 0.1458333283662796 1
vt 0.1875 1
vt 0.2291666716337204 1
vt 0.2708333432674408 1
vt 0.3125 1
vt 0.3541666567325592 1
vt 0.3958333432674408 1
vt 0.4375 1
vt 0.4791666567325592 1
vt 0.5208333134651184 1
vt 0.5625 1
vt 0.6041666865348816 1
vt 0.6458333134651184 1
vt 0.6875 1
vt 0.7291666865348816 1
vt 0.7708333134651184 1
vt 0.8125 1
vt 0.8541666865348816 1
vt 0.8958333134651184 1
vt 0.9375 1
vt 0.9791666865348816 1
vt 1.0208333730697632 1
vt 0 0.9444444179534912
vt 0.0416666679084301 0.9444444179534912
vt 0.0833333358168602 0.9444444179534912
vt 0.125 0.9444444179534912
vt 0.1666666716337204 0.9444444179534912
vt 0.2083333283662796 0.9444444179534912
vt 0.25 0.9444444179534912
vt 0.2916666567325592 0.9444444179534912
vt 0.3333333432674408 0.9444444179534912
vt 0.375 0.9444444179534912
vt 0.4166666567325592 0.9444444179534912
vt 0.4583333432674408 0.9444444179534912
vt 0.5 0.9444444179534912
vt 0.5416666865348816 0.9444444179534912
vt 0.5833333134651184 0.9444444179534912
vt 0.625 0.9444444179534912
vt 0.6666666865348816 0.9444444179534912
vt 0.7083333134651184 0.9444444179534912
vt 0.75 0.9444444179534912
vt 0.7916666865348816 0.9444444179534912
vt 0.8333333134651184 0.9444444179534912
vt 0.875 0.9444444179534912
vt 0.9166666865348816 0.9444444179534912
vt 0.9583333134651184 0.9444444179534912
vt 1 0.9444444179534912
vt 0 0.8888888955116272
vt 0.0416666679084301 0.8888888955116272
vt 0.0833333358168602 0.8888888955116272
vt 0.125 0.8888888955116272
vt 0.1666666716337204 0.8888888955116272
vt 0.2083333283662796 0.8888888955116272
vt 0.25 0.8888888955116272
vt 0.2916666567325592 0.8888888955116272
vt 0.3333333432674408 0.8888888955116272
vt 0.375 0.8888888955116272
vt 0.4166666567325592 0.8888888955116272
vt 0.4583333432674408 0.8888888955116272
vt 0.5 0.8888888955116272
vt 0.5416666865348816 0.8888888955116272
vt 0.5833333134651184 0.8888888955116272
vt 0.625 0.8888888955116272
vt 0.6666666865348816 0.8888888955116272
vt 0.7083333134651184 0.8888888955116272
vt 0.75 0.8888888955116272
vt 0.7916666865348816 0.8888888955116272
vt 0.8333333134651184 0.8888888955116272
vt 0.875 0.8888888955116272
vt 0.9166666865348816 0.8888888955116272
vt 0.9583333134651184 0.8888888955116272
vt 1 0.8888888955116272
vt 0 0.8333333134651184
vt 0.0416666679084301 0.8333333134651184
vt 0.0833333358168602 0.8333333134651184
vt 0.125 0.8333333134651184
vt 0.1666666716337204 0.8333333134651184
vt 0.2083333283662796 0.8333333134651184
vt 0.25 0.8333333134651184
vt 0.2916666567325592 0.8333333134651184
vt 0.3333333432674408 0.8333333134651184
vt 0.375 0.8333333134651184
vt 0.4166666567325592 0.8333333134651184
vt 0.4583333432674408 0.8333333134651184
vt 0.5 0.8333333134651184
vt 0.5416666865348816 0.8333333134651184
vt 0.5833333134651184 0.8333333134651184
vt 0.625 0.8333333134651184
vt 0.6666666865348816 0.8333333134651184
vt 0.7083333134651184 0.8333333134651184
vt 0.75 0.8333333134651184
vt 0.7916666865348816 0.8333333134651184
vt 0.8333333134651184 0.8333333134651184
vt 0.875 0.8333333134651184
vt 0.9166666865348816 0.8333333134651184
vt 0.9583333134651184 0.8333333134651184
vt 1 0.8333333134651184
vt 0 0.7777777910232544
vt 0.0416666679084301 0.7777777910232544
vt 0.0833333358168602 0.7777777910232544
vt 0.125 0.7777777910232544
vt 0.1666666716337204 0.7777777910232544
vt 0.2083333283662796 0.7777777910232544
vt 0.25 0.7777777910232544
vt 0.2916666567325592 0.7777777910232544
vt 0.3333333432674408 0.7777777910232544
vt 0.375 0.7777777910232544
vt 0.4166666567325592 0.7777777910232544
vt 0.4583333432674408 0.7777777910232544
vt 0.5 0.7777777910232544
vt 0.5416666865348816 0.7777777910232544
vt 0.5833333134651184 0.7777777910232544
vt 0.625 0.7777777910232544
vt 0.6666666865348816 0.7777777910232544
vt 0.7083333134651184 0.7777777910232544
vt 0.75 0.7777777910232544
vt 0.7916666865348816 0.7777777910232544
vt 0.8333333134651184 0.7777777910232544
vt 0.875 0.7777777910232544
vt 0.9166666865348816 0.7777777910232544
vt 0.9583333134651184 0.7777777910232544
vt 1 0.7777777910232544
vt 0 0.7222222089767456
vt 0.0416666679084301 0.7222222089767456
vt 0.0833333358168602 0.7222222089767456
vt 0.125 0.7222222089767456
vt 0.1666666716337204 0.7222222089767456
vt 0.2083333283662796 0.7222222089767456
vt 0.25 0.7222222089767456
vt 0.2916666567325592 0.7222222089767456
vt 0.3333333432674408 0.7222222089767456
vt 0.375 0.7222222089767456
vt 0.4166666567325592 0.7222222089767456
vt 0.4583333432674408 0.7222222089767456
vt 0.5 0.7222222089767456
vt 0.5416666865348816 0.7222222089767456
vt 0.5833333134651184 0.7222222089767456
vt 0.625 0.7222222089767456
vt 0.6666666865348816 0.7222222089767456
vt 0.7083333134651184 0.7222222089767456
vt 0.75 0.7222222089767456
vt 0.7916666865348816 0.7222222089767456
vt 0.8333333134651184 0.7222222089767456
vt 0.875 0.7222222089767456
vt 0.9166666865348816 0.7222222089767456
vt 0.9583333134651184 0.7222222089767456
vt 1 0.7222222089767456
vt 0 0.6666666865348816
vt 0.0416666679084301 0.6666666865348816
vt 0.0833333358168602 0.6666666865348816
vt 0.125 0.6666666865348816
vt 0.1666666716337204 0.6666666865348816
vt 0.2083333283662796 0.6666666865348816
vt 0.25 0.6666666865348816
vt 0.2916666567325592 0.6666666865348816
vt 0.3333333432674408 0.6666666865348816
vt 0.375 0.6666666865348816
vt 0.4166666567325592 0.6666666865348816
vt 0.4583333432674408 0.6666666865348816
vt 0.5 0.6666666865348816
vt 0.5416666865348816 0.6666666865348816
vt 0.5833333134651184 0.6666666865348816
vt 0.625 0.6666666865348816
vt 0.6666666865348816 0.6666666865348816
vt 0.7083333134651184 0.6666666865348816
vt 0.75 0.6666666865348816
vt 0.7916666865348816 0.6666666865348816
vt 0.8333333134651184 0.6666666865348816
vt 0.875 0.6666666865348816
vt 0.9166666865348816 0.6666666865348816
vt 0.9583333134651184 0.6666666865348816
vt 1 0.6666666865348816
vt 0 0.6111111044883728
vt 0.0416666679084301 0.6111111044883728
vt 0.0833333358168602 0.6111111044883728
vt 0.125 0.6111111044883728
vt 0.1666666716337204 0.6111111044883728
vt 0.2083333283662796 0.6111111044883728
vt 0.25 0.6111111044883728
vt 0.2916666567325592 0.6111111044883728
vt 0.3333333432674408 0.6111111044883728
vt 0.375 0.6111111044883728
vt 0.4166666567325592 0.6111111044883728
vt 0.4583333432674408 0.6111111044883728
vt 0.5 0.6111111044883728
vt 0.5416666865348816 0.6111111044883728
vt 0.5833333134651184 0.6111111044883728
vt 0.625 0.6111111044883728
vt 0.6666666865348816 0.6111111044883728
vt 0.7083333134651184 0.6111111044883728
vt 0.75 0.6111111044883728
vt 0.7916666865348816 0.6111111044883728
vt 0.8333333134651184 0.6111111044883728
vt 0.875 0.6111111044883728
vt 0.9166666865348816 0.6111111044883728
vt 0.9583333134651184 0.6111111044883728
vt 1 0.6111111044883728
vt 0 0.5555555820465088
vt 0.0416666679084301 0.5555555820465088
vt 0.0833333358168602 0.5555555820465088
vt 0.125 0.5555555820465088
vt 0.1666666716337204 0.5555555820465088
vt 0.2083333283662796 0.5555555820465088
vt 0.25 0.5555555820465088
vt 0.2916666567325592 0.5555555820465088
vt 0.3333333432674408 0.5555555820465088
vt 0.375 0.5555555820465088
vt 0.4166666567325592 0.5555555820465088
vt 0.4583333432674408 0.5555555820465088
vt 0.5 0.5555555820465088
vt 0.5416666865348816 0.5555555820465088
vt 0.5833333134651184 0.5555555820465088
vt 0.625 0.5555555820465088
vt 0.6666666865348816 0.5555555820465088
vt 0.7083333134651184 0.5555555820465088
vt 0.75 0.5555555820465088
vt 0.7916666865348816 0.5555555820465088
vt 0.8333333134651184 0.5555555820465088
vt 0.875 0.5555555820465088
vt 0.9166666865348816 0.5555555820465088
vt 0.9583333134651184 0.5555555820465088
vt 1 0.5555555820465088
vt 0 0.5
vt 0.0416666679084301 0.5
vt 0.0833333358168602 0.5
vt 0.125 0.5
vt 0.1666666716337204 0.5
vt 0.2083333283662796 0.5
vt 0.25 0.5
vt 0.2916666567325592 0.5
vt 0.3333333432674408 0.5
vt 0.375 0.5
vt 0.4166666567325592 0.5
vt 0.4583333432674408 0.5
vt 0.5 0.5
vt 0.5416666865348816 0.5
vt 0.5833333134651184 0.5
vt 0.625 0.5
vt 0.6666666865348816 0.5
vt 0.7083333134651184 0.5
vt 0.75 0.5
vt 0.7916666865348816 0.5
vt 0.8333333134651184 0.5
vt 0.875 0.5
vt 0.9166666865348816 0.5
vt 0.9583333134651184 0.5
vt 1 0.5
vt 0 0.4444444477558136
vt 0.0416666679084301 0.4444444477558136
vt 0.0833333358168602 0.4444444477558136
vt 0.125 0.4444444477558136
vt 0.1666666716337204 0.4444444477558136
vt 0.2083333283662796 0.4444444477558136
vt 0.25 0.4444444477558136
vt 0.2916666567325592 0.4444444477558136
vt 0.3333333432674408 0.4444444477558136
vt 0.375 0.4444444477558136
vt 0.4166666567325592 0.4444444477558136
vt 0.4583333432674408 0.4444444477558136
vt 0.5 0.4444444477558136
vt 0.5416666865348816 0.4444444477558136
vt 0.5833333134651184 0.4444444477558136
vt 0.625 0.4444444477558136
vt 0.6666666865348816 0.4444444477558136
vt 0.7083333134651184 0.4444444477558136
vt 0.75 0.4444444477558136
vt 0.7916666865348816 0.4444444477558136
vt 0.8333333134651184 0.4444444477558136
vt 0.875 0.4444444477558136
vt 0.9166666865348816 0.4444444477558136
vt 0.9583333134651184 0.4444444477558136
vt 1 0.4444444477558136
vt 0 0.3888888955116272
vt 0.0416666679084301 0.3888888955116272
vt 0.0833333358168602 0.3888888955116272
vt 0.125 0.3888888955116272
vt 0.1666666716337204 0.3888888955116272
vt 0.2083333283662796 0.3888888955116272
vt 0.25 0.3888888955116272
vt 0.2916666567325592 0.3888888955116272
vt 0.3333333432674408 0.3888888955116272
vt 0.375 0.3888888955116272
vt 0.4166666567325592 0.3888888955116272
vt 0.4583333432674408 0.3888888955116272
vt 0.5 0.3888888955116272
vt 0.5416666865348816 0.3888888955116272
vt 0.5833333134651184 0.3888888955116272
vt 0.625 0.3888888955116272
vt 0.6666666865348816 0.3888888955116272
vt 0.7083333134651184 0.3888888955116272
vt 0.75 0.3888888955116272
vt 0.7916666865348816 0.3888888955116272
vt 0.8333333134651184 0.3888888955116272
vt 0.875 0.3888888955116272
vt 0.9166666865348816 0.3888888955116272
vt 0.9583333134651184 0.3888888955116272
vt 1 0.3888888955116272
vt 0 0.3333333432674408
vt 0.0416666679084301 0.3333333432674408
vt 0.0833333358168602 0.3333333432674408
vt 0.125 0.3333333432674408
vt 0.1666666716337204 0.3333333432674408
vt 0.2083333283662796 0.3333333432674408
vt 0.25 0.3333333432674408
vt 0.2916666567325592 0.3333333432674408
vt 0.3333333432674408 0.3333333432674408
vt 0.375 0.3333333432674408
vt 0.4166666567325592 0.3333333432674408
vt 0.4583333432674408 0.3333333432674408
vt 0.5 0.3333333432674408
vt 0.5416666865348816 0.3333333432674408
vt 0.5833333134651184 0.3333333432674408
vt 0.625 0.3333333432674408
vt 0.6666666865348816 0.3333333432674408
vt 0.7083333134651184 0.3333333432674408
vt 0.75 0.3333333432674408
vt 0.7916666865348816 0.3333333432674408
vt 0.8333333134651184 0.3333333432674408
vt 0.875 0.3333333432674408
vt 0.9166666865348816 0.3333333432674408
vt 0.9583333134651184 0.3333333432674408
vt 1 0.3333333432674408
vt 0 0.2777777910232544
vt 0.0416666679084301 0.2777777910232544
vt 0.0833333358168602 0.2777777910232544
vt 0.125 0.2777777910232544
vt 0.1666666716337204 0.2777777910232544
vt 0.2083333283662796 0.2777777910232544
vt 0.25 0.2777777910232544
vt 0.2916666567325592 0.2777777910232544
vt 0.3333333432674408 0.2777777910232544
vt 0.375 0.2777777910232544
vt 0.4166666567325592 0.2777777910232544
vt 0.4583333432674408 0.2777777910232544
vt 0.5 0.2777777910232544
vt 0.5416666865348816 0.2777777910232544
vt 0.5833333134651184 0.2777777910232544
vt 0.625 0.2777777910232544
vt 0.6666666865348816 0.2777777910232544
vt 0.7083333134651184 0.2777777910232544
vt 0.75 0.2777777910232544
vt 0.7916666865348816 0.2777777910232544
vt 0.8333333134651184 0.2777777910232544
vt 0.875 0.2777777910232544
vt 0.9166666865348816 0.2777777910232544
vt 0.9583333134651184 0.2777777910232544
vt 1 0.2777777910232544
vt 0 0.2222222238779068
vt 0.0416666679084301 0.2222222238779068
vt 0.0833333358168602 0.2222222238779068
vt 0.125 0.2222222238779068
vt 0.1666666716337204 0.2222222238779068
vt 0.2083333283662796 0.2222222238779068
vt 0.25 0.2222222238779068
vt 0.2916666567325592 0.2222222238779068
vt 0.3333333432674408 0.2222222238779068
vt 0.375 0.2222222238779068
vt 0.4166666567325592 0.2222222238779068
vt 0.4583333432674408 0.2222222238779068
vt 0.5 0.2222222238779068
vt 0.5416666865348816 0.2222222238779068
vt 0.5833333134651184 0.2222222238779068
vt 0.625 0.2222222238779068
vt 0.6666666865348816 0.2222222238779068
vt 0.7083333134651184 0.2222222238779068
vt 0.75 0.2222222238779068
vt 0.7916666865348816 0.2222222238779068
vt 0.8333333134651184 0.2222222238779068
vt 0.875 0.2222222238779068
vt 0.9166666865348816 0.2222222238779068
vt 0.9583333134651184 0.2222222238779068
vt 1 0.2222222238779068
vt 0 0.1666666716337204
vt 0.0416666679084301 0.1666666716337204
vt 0.0833333358168602 0.1666666716337204
vt 0.125 0.1666666716337204
vt 0.1666666716337204 0.1666666716337204
vt 0.2083333283662796 0.1666666716337204
vt 0.25 0.1666666716337204
vt 0.2916666567325592 0.1666666716337204
vt 0.3333333432674408 0.1666666716337204
vt 0.375 0.1666666716337204
vt 0.4166666567325592 0.1666666716337204
vt 0.4583333432674408 0.1666666716337204
vt 0.5 0.1666666716337204
vt 0.5416666865348816 0.1666666716337204
vt 0.5833333134651184 0.1666666716337204
vt 0.625 0.1666666716337204
vt 0.6666666865348816 0.1666666716337204
vt 0.7083333134651184 0.1666666716337204
vt 0.75 0.1666666716337204
vt 0.7916666865348816 0.1666666716337204
vt 0.8333333134651184 0.1666666716337204
vt 0.875 0.1666666716337204
vt 0.9166666865348816 0.1666666716337204
vt 0.9583333134651184 0.1666666716337204
vt 1 0.1666666716337204
vt 0 0.1111111119389534
vt 0.0416666679084301 0.1111111119389534
vt 0.0833333358168602 0.1111111119389534
vt 0.125 0.1111111119389534
vt 0.1666666716337204 0.1111111119389534
vt 0.2083333283662796 0.1111111119389534
vt 0.25 0.1111111119389534
vt 0.2916666567325592 0.1111111119389534
vt 0.3333333432674408 0.1111111119389534
vt 0.375 0.1111111119389534
vt 0.4166666567325592 0.1111111119389534
vt 0.4583333432674408 0.1111111119389534
vt 0.5 0.1111111119389534
vt 0.5416666865348816 0.1111111119389534
vt 0.5833333134651184 0.1111111119389534
vt 0.625 0.1111111119389534
vt 0.6666666865348816 0.1111111119389534
vt 0.7083333134651184 0.1111111119389534
vt 0.75 0.1111111119389534
vt 0.7916666865348816 0.1111111119389534
vt 0.8333333134651184 0.1111111119389534
vt 0.875 0.1111111119389534
vt 0.9166666865348816 0.1111111119389534
vt 0.9583333134651184 0.1111111119389534
vt 1 0.1111111119389534
vt 0 0.0555555559694767
vt 0.0416666679084301 0.0555555559694767
vt 0.0833333358168602 0.0555555559694767
vt 0.125 0.0555555559694767
vt 0.1666666716337204 0.0555555559694767
vt 0.2083333283662796 0.0555555559694767
vt 0.25 0.0555555559694767
vt 0.2916666567325592 0.0555555559694767
vt 0.3333333432674408 0.0555555559694767
vt 0.375 0.0555555559694767
vt 0.4166666567325592 0.0555555559694767
vt 0.4583333432674408 0.0555555559694767
vt 0.5 0.0555555559694767
vt 0.5416666865348816 0.0555555559694767
vt 0.5833333134651184 0.0555555559694767
vt 0.625 0.0555555559694767
vt 0.6666666865348816 0.0555555559694767
vt 0.7083333134651184 0.0555555559694767
vt 0.75 0.0555555559694767
vt 0.7916666865348816 0.0555555559694767
vt 0.8333333134651184 0.0555555559694767
vt 0.875 0.0555555559694767
vt 0.9166666865348816 0.0555555559694767
vt 0.9583333134651184 0.0555555559694767
vt 1 0.0555555559694767
vt -0.02083333395421505 0
vt 0.02083333395421505 0
vt 0.0625 0
vt 0.1041666641831398 0
vt 0.1458333283662796 0
vt 0.1875 0
vt 0.2291666716337204 0
vt 0.2708333432674408 0
vt 0.3125 0
vt 0.3541666567325592 0
vt 0.3958333432674408 0
vt 0.4375 0
vt 0.4791666567325592 0
vt 0.5208333134651184 0
vt 0.5625 0
vt 0.6041666865348816 0
vt 0.6458333134651184 0
vt 0.6875 0
vt 0.7291666865348816 0
vt 0.7708333134651184 0
vt 0.8125 0
vt 0.8541666865348816 0
vt 0.8958333134651184 0
vt 0.9375 0
vt 0.9791666865348816 0
vn 0 1 0
vn 0 1 0
vn 0 1 0
vn 0 1 0
vn 0 1 0
vn 0 1 0
vn 0 1 0
vn 0 1 0
vn 0 1 0
vn 0 1 0
vn 0 1 0
vn 0 1 0
vn 0 1 0
vn 0 1 0
vn 0 1 0
vn 0 1 0
vn 0 1 0
vn 0 1 0
vn 0 1 0
vn 0 1 0
vn 0 1 0
vn 0 1 0
vn 0 1 0
vn 0 1 0
vn 0 1 0
vn -0.17364818253298778 0.9848077521541907 0
vn -0.16773125925786092 0.9848077530007592 0.044943456669109115
vn -0.15038372937358055 0.9848077533695775 0.08682409137364663
vn -0.12278780624471411 0.98480775244472 0.12278780624471411
vn -0.08682409137364663 0.9848077533695775 0.15038372937358055
vn -0.044943456669109115 0.9848077530007592 0.16773125925786092
vn -1.063288423843051e-17 0.9848077521541907 0.17364818253298778
vn 0.044943456669109115 0.9848077530007592 0.16773125925786092
vn 0.08682409137364663 0.9848077533695775 0.15038372937358055
vn 0.12278780624471411 0.98480775244472 0.12278780624471411
vn 0.15038372937358055 0.9848077533695775 0.08682409137364663
vn 0.16773125925786092 0.9848077530007592 0.044943456669109115
vn 0.17364818253298778 0.9848077521541907 2.126576847686102e-17
vn 0.16773125925786092 0.9848077530007592 -0.044943456669109115
vn 0.15038372937358055 0.9848077533695775 -0.08682409137364663
vn 0.12278780624471411 0.98480775244472 -0.12278780624471411
vn 0.08682409137364663 0.9848077533695775 -0.15038372937358055
vn 0.044943456669109115 0.9848077530007592 -0.16773125925786092
vn 3.189865271529153e-17 0.9848077521541907 -0.17364818253298778
vn -0.044943456669109115 0.9848077530007592 -0.16773125925786092
vn -0.08682409137364663 0.9848077533695775 -0.15038372937358055
vn -0.12278780624471411 0.98480775244472 -0.12278780624471411
vn -0.15038372937358055 0.9848077533695775 -0.08682409137364663
vn -0.16773125925786092 0.9848077530007592 -0.044943456669109115
vn -0.17364818253298778 0.9848077521541907 -4.253153695372204e-17
vn -0.34202015414019754 0.9396926168497417 0
vn -0.33036607804669044 0.9396926250180325 0.08852132490404258
vn -0.2961981308564289 0.9396926202776495 0.171010077693927
vn -0.2418447598717968 0.9396926222148952 0.2418447598717968
vn -0.171010077693927 0.9396926202776495 0.2961981308564289
vn -0.08852132490404258 0.9396926250180325 0.33036607804669044
vn -2.0942694414863748e-17 0.9396926168497417 0.34202015414019754
vn 0.08852132490404258 0.9396926250180325 0.33036607804669044
vn 0.171010077693927 0.9396926202776495 0.2961981308564289
vn 0.2418447598717968 0.9396926222148952 0.2418447598717968
vn 0.2961981308564289 0.9396926202776495 0.171010077693927
vn 0.33036607804669044 0.9396926250180325 0.08852132490404258
vn 0.34202015414019754 0.9396926168497417 4.1885388829727496e-17
vn 0.33036607804669044 0.9396926250180325 -0.08852132490404258
vn 0.2961981308564289 0.9396926202776495 -0.171010077693927
vn 0.2418447598717968 0.9396926222148952 -0.2418447598717968
vn 0.171010077693927 0.9396926202776495 -0.2961981308564289
vn 0.08852132490404258 0.9396926250180325 -0.33036607804669044
vn 6.282807993586879e-17 0.9396926168497417 -0.34202015414019754
vn -0.08852132490404258 0.9396926250180325 -0.33036607804669044
vn -0.171010077693927 0.9396926202776495 -0.2961981308564289
vn -0.2418447598717968 0.9396926222148952 -0.2418447598717968
vn -0.2961981308564289 0.9396926202776495 -0.171010077693927
vn -0.33036607804669044 0.9396926250180325 -0.08852132490404258
vn -0.34202015414019754 0.9396926168497417 -8.377077765945499e-17
vn -0.5000000067305869 0.8660253998985324 0
vn -0.4829629144900607 0.8660254028181172 0.12940952399643643
vn -0.43301270140648107 0.8660254028129621 0.25000000420661683
vn -0.3535533908144109 0.8660254036038809 0.3535533908144109
vn -0.25000000420661683 0.8660254028129621 0.43301270140648107
vn -0.12940952399643643 0.8660254028181172 0.4829629144900607
vn -3.06161717267588e-17 0.8660253998985324 0.5000000067305869
vn 0.12940952399643643 0.8660254028181172 0.4829629144900607
vn 0.25000000420661683 0.8660254028129621 0.43301270140648107
vn 0.3535533908144109 0.8660254036038809 0.3535533908144109
vn 0.43301270140648107 0.8660254028129621 0.25000000420661683
vn 0.4829629144900607 0.8660254028181172 0.12940952399643643
vn 0.5000000067305869 0.8660253998985324 6.12323434535176e-17
vn 0.4829629144900607 0.8660254028181172 -0.12940952399643643
vn 0.43301270140648107 0.8660254028129621 -0.25000000420661683
vn 0.3535533908144109 0.8660254036038809 -0.3535533908144109
vn 0.25000000420661683 0.8660254028129621 -0.43301270140648107
vn 0.12940952399643643 0.8660254028181172 -0.4829629144900607
vn 9.18485085628314e-17 0.8660253998985324 -0.5000000067305869
vn -0.12940952399643643 0.8660254028181172 -0.4829629144900607
vn -0.25000000420661683 0.8660254028129621 -0.43301270140648107
vn -0.3535533908144109 0.8660254036038809 -0.3535533908144109
vn -0.43301270140648107 0.8660254028129621 -0.25000000420661683
vn -0.4829629144900607 0.8660254028181172 -0.12940952399643643
vn -0.5000000067305869 0.8660253998985324 -1.224646869070352e-16
vn -0.6427876273097093 0.7660444283313822 0
vn -0.6208851444018412 0.7660444510357471 0.16636567103355587
vn -0.5566704185541628 0.7660444258191684 0.32139381260085575
vn -0.45451948113437757 0.7660444390103438 0.45451948113437757
vn -0.32139381260085575 0.7660444258191684 0.5566704185541628
vn -0.16636567103355587 0.7660444510357471 0.6208851444018412
vn -3.9359390489096047e-17 0.7660444283313822 0.6427876273097093
vn 0.16636567103355587 0.7660444510357471 0.6208851444018412
vn 0.32139381260085575 0.7660444258191684 0.5566704185541628
vn 0.45451948113437757 0.7660444390103438 0.45451948113437757
vn 0.5566704185541628 0.7660444258191684 0.32139381260085575
vn 0.6208851444018412 0.7660444510357471 0.16636567103355587
vn 0.6427876273097093 0.7660444283313822 7.871878097819209e-17
vn 0.6208851444018412 0.7660444510357471 -0.16636567103355587
vn 0.5566704185541628 0.7660444258191684 -0.32139381260085575
vn 0.45451948113437757 0.7660444390103438 -0.45451948113437757
vn 0.32139381260085575 0.7660444258191684 -0.5566704185541628
vn 0.16636567103355587 0.7660444510357471 -0.6208851444018412
vn 1.1807816484984333e-16 0.7660444283313822 -0.6427876273097093
vn -0.16636567103355587 0.7660444510357471 -0.6208851444018412
vn -0.32139381260085575 0.7660444258191684 -0.5566704185541628
vn -0.45451948113437757 0.7660444390103438 -0.45451948113437757
vn -0.5566704185541628 0.7660444258191684 -0.32139381260085575
vn -0.6208851444018412 0.7660444510357471 -0.16636567103355587
vn -0.6427876273097093 0.7660444283313822 -1.5743756195638419e-16
vn -0.7660444283313822 0.6427876273097093 0
vn -0.7399421089877467 0.6427876140962993 0.19826688707687073
vn -0.6634139343680269 0.6427876280671536 0.3830222146170346
vn -0.5416752071868176 0.6427876319891636 0.5416752071868176
vn -0.3830222146170346 0.6427876280671536 0.6634139343680269
vn -0.19826688707687073 0.6427876140962993 0.7399421089877467
vn -4.690669218302034e-17 0.6427876273097093 0.7660444283313822
vn 0.19826688707687073 0.6427876140962993 0.7399421089877467
vn 0.3830222146170346 0.6427876280671536 0.6634139343680269
vn 0.5416752071868176 0.6427876319891636 0.5416752071868176
vn 0.6634139343680269 0.6427876280671536 0.3830222146170346
vn 0.7399421089877467 0.6427876140962993 0.19826688707687073
vn 0.7660444283313822 0.6427876273097093 9.381338436604068e-17
vn 0.7399421089877467 0.6427876140962993 -0.19826688707687073
vn 0.6634139343680269 0.6427876280671536 -0.3830222146170346
vn 0.5416752071868176 0.6427876319891636 -0.5416752071868176
vn 0.3830222146170346 0.6427876280671536 -0.6634139343680269
vn 0.19826688707687073 0.6427876140962993 -0.7399421089877467
vn 1.4072008316650585e-16 0.6427876273097093 -0.7660444283313822
vn -0.19826688707687073 0.6427876140962993 -0.7399421089877467
vn -0.3830222146170346 0.6427876280671536 -0.6634139343680269
vn -0.5416752071868176 0.6427876319891636 -0.5416752071868176
vn -0.6634139343680269 0.6427876280671536 -0.3830222146170346
vn -0.7399421089877467 0.6427876140962993 -0.19826688707687073
vn -0.7660444283313822 0.6427876273097093 -1.8762676873208136e-16
vn -0.8660253998985324 0.5000000067305869 0
vn -0.8365163098292402 0.4999999934991265 0.2241438598100424
vn -0.75000000252397 0.5000000016826467 0.43301269557762184
vn -0.6123724412671231 0.4999999863530877 0.6123724412671231
vn -0.43301269557762184 0.5000000016826467 0.75000000252397
vn -0.2241438598100424 0.4999999934991265 0.8365163098292402
vn -5.302876307448087e-17 0.5000000067305869 0.8660253998985324
vn 0.2241438598100424 0.4999999934991265 0.8365163098292402
vn 0.43301269557762184 0.5000000016826467 0.75000000252397
vn 0.6123724412671231 0.4999999863530877 0.6123724412671231
vn 0.75000000252397 0.5000000016826467 0.43301269557762184
vn 0.8365163098292402 0.4999999934991265 0.2241438598100424
vn 0.8660253998985324 0.5000000067305869 1.0605752614896174e-16
vn 0.8365163098292402 0.4999999934991265 -0.2241438598100424
vn 0.75000000252397 0.5000000016826467 -0.43301269557762184
vn 0.6123724412671231 0.4999999863530877 -0.6123724412671231
vn 0.43301269557762184 0.5000000016826467 -0.75000000252397
vn 0.2241438598100424 0.4999999934991265 -0.8365163098292402
vn 1.5908628922344263e-16 0.5000000067305869 -0.8660253998985324
vn -0.2241438598100424 0.4999999934991265 -0.8365163098292402
vn -0.43301269557762184 0.5000000016826467 -0.75000000252397
vn -0.6123724412671231 0.4999999863530877 -0.6123724412671231
vn -0.75000000252397 0.5000000016826467 -0.43301269557762184
vn -0.8365163098292402 0.4999999934991265 -0.2241438598100424
vn -0.8660253998985324 0.5000000067305869 -2.1211505229792348e-16
vn -0.9396926168497417 0.34202015414019754 0
vn -0.907673366001039 0.3420201566685744 0.2432103474047673
vn -0.8137976695364079 0.34202016106628175 0.4698463179395005
vn -0.6644630241649965 0.3420201441947748 0.6644630241649965
vn -0.4698463179395005 0.34202016106628175 0.8137976695364079
vn -0.2432103474047673 0.3420201566685744 0.907673366001039
vn -5.753957678794917e-17 0.34202015414019754 0.9396926168497417
vn 0.2432103474047673 0.3420201566685744 0.907673366001039
vn 0.4698463179395005 0.34202016106628175 0.8137976695364079
vn 0.6644630241649965 0.3420201441947748 0.6644630241649965
vn 0.8137976695364079 0.34202016106628175 0.4698463179395005
vn 0.907673366001039 0.3420201566685744 0.2432103474047673
vn 0.9396926168497417 0.34202015414019754 1.1507915357589834e-16
vn 0.907673366001039 0.3420201566685744 -0.2432103474047673
vn 0.8137976695364079 0.34202016106628175 -0.4698463179395005
vn 0.6644630241649965 0.3420201441947748 -0.6644630241649965
vn 0.4698463179395005 0.34202016106628175 -0.8137976695364079
vn 0.2432103474047673 0.3420201566685744 -0.907673366001039
vn 1.7261873698129241e-16 0.34202015414019754 -0.9396926168497417
vn -0.2432103474047673 0.3420201566685744 -0.907673366001039
vn -0.4698463179395005 0.34202016106628175 -0.8137976695364079
vn -0.6644630241649965 0.3420201441947748 -0.6644630241649965
vn -0.8137976695364079 0.34202016106628175 -0.4698463179395005
vn -0.907673366001039 0.3420201566685744 -0.2432103474047673
vn -0.9396926168497417 0.34202015414019754 -2.301583071517967e-16
vn -0.9848077521541907 0.17364818253298778 0
vn -0.9512512418676082 0.17364817373641359 0.25488700752164956
vn -0.8528685435301142 0.17364817583971065 0.4924038570973655
vn -0.6963642397165164 0.17364818250726397 0.6963642397165164
vn -0.4924038570973655 0.17364817583971065 0.8528685435301142
vn -0.25488700752164956 0.17364817373641359 0.9512512418676082
vn -6.030208345112398e-17 0.17364818253298778 0.9848077521541907
vn 0.25488700752164956 0.17364817373641359 0.9512512418676082
vn 0.4924038570973655 0.17364817583971065 0.8528685435301142
vn 0.6963642397165164 0.17364818250726397 0.6963642397165164
vn 0.8528685435301142 0.17364817583971065 0.4924038570973655
vn 0.9512512418676082 0.17364817373641359 0.25488700752164956
vn 0.9848077521541907 0.17364818253298778 1.2060416690224796e-16
vn 0.9512512418676082 0.17364817373641359 -0.25488700752164956
vn 0.8528685435301142 0.17364817583971065 -0.4924038570973655
vn 0.6963642397165164 0.17364818250726397 -0.6963642397165164
vn 0.4924038570973655 0.17364817583971065 -0.8528685435301142
vn 0.25488700752164956 0.17364817373641359 -0.9512512418676082
vn 1.80906256970817e-16 0.17364818253298778 -0.9848077521541907
vn -0.25488700752164956 0.17364817373641359 -0.9512512418676082
vn -0.4924038570973655 0.17364817583971065 -0.8528685435301142
vn -0.6963642397165164 0.17364818250726397 -0.6963642397165164
vn -0.8528685435301142 0.17364817583971065 -0.4924038570973655
vn -0.9512512418676082 0.17364817373641359 -0.25488700752164956
vn -0.9848077521541907 0.17364818253298778 -2.412083338044959e-16
vn -1 6.123234262925839e-17 0
vn -0.9659258257467466 6.123234345497556e-17 0.2588190471264927
vn -0.8660253998985324 6.12323434535176e-17 0.5000000067305869
vn -0.7071067811865476 6.123234367720532e-17 0.7071067811865476
vn -0.5000000067305869 6.12323434535176e-17 0.8660253998985324
vn -0.2588190471264927 6.123234345497556e-17 0.9659258257467466
vn -6.123234262925839e-17 6.123234262925839e-17 1
vn 0.2588190471264927 6.123234345497556e-17 0.9659258257467466
vn 0.5000000067305869 6.12323434535176e-17 0.8660253998985324
vn 0.7071067811865476 6.123234367720532e-17 0.7071067811865476
vn 0.8660253998985324 6.12323434535176e-17 0.5000000067305869
vn 0.9659258257467466 6.123234345497556e-17 0.2588190471264927
vn 1 6.123234262925839e-17 1.2246468525851679e-16
vn 0.9659258257467466 6.123234345497556e-17 -0.2588190471264927
vn 0.8660253998985324 6.12323434535176e-17 -0.5000000067305869
vn 0.7071067811865476 6.123234367720532e-17 -0.7071067811865476
vn 0.5000000067305869 6.12323434535176e-17 -0.8660253998985324
vn 0.2588190471264927 6.123234345497556e-17 -0.9659258257467466
vn 1.8369701465288538e-16 6.123234262925839e-17 -1
vn -0.2588190471264927 6.123234345497556e-17 -0.9659258257467466
vn -0.5000000067305869 6.12323434535176e-17 -0.8660253998985324
vn -0.7071067811865476 6.123234367720532e-17 -0.7071067811865476
vn -0.8660253998985324 6.12323434535176e-17 -0.5000000067305869
vn -0.9659258257467466 6.123234345497556e-17 -0.2588190471264927
vn -1 6.123234262925839e-17 -2.4492937051703357e-16
vn -0.9848077521541907 -0.17364818253298778 0
vn -0.9512512418676082 -0.17364817373641359 0.25488700752164956
vn -0.8528685435301142 -0.17364817583971065 0.4924038570973655
vn -0.6963642397165164 -0.17364818250726397 0.6963642397165164
vn -0.4924038570973655 -0.17364817583971065 0.8528685435301142
vn -0.25488700752164956 -0.17364817373641359 0.9512512418676082
vn -6.030208345112398e-17 -0.17364818253298778 0.9848077521541907
vn 0.25488700752164956 -0.17364817373641359 0.9512512418676082
vn 0.4924038570973655 -0.17364817583971065 0.8528685435301142
vn 0.6963642397165164 -0.17364818250726397 0.6963642397165164
vn 0.8528685435301142 -0.17364817583971065 0.4924038570973655
vn 0.9512512418676082 -0.17364817373641359 0.25488700752164956
vn 0.9848077521541907 -0.17364818253298778 1.2060416690224796e-16
vn 0.9512512418676082 -0.17364817373641359 -0.25488700752164956
vn 0.8528685435301142 -0.17364817583971065 -0.4924038570973655
vn 0.6963642397165164 -0.17364818250726397 -0.6963642397165164
vn 0.4924038570973655 -0.17364817583971065 -0.8528685435301142
vn 0.25488700752164956 -0.17364817373641359 -0.9512512418676082
vn 1.80906256970817e-16 -0.17364818253298778 -0.9848077521541907
vn -0.25488700752164956 -0.17364817373641359 -0.9512512418676082
vn -0.4924038570973655 -0.17364817583971065 -0.8528685435301142
vn -0.6963642397165164 -0.17364818250726397 -0.6963642397165164
vn -0.8528685435301142 -0.17364817583971065 -0.4924038570973655
vn -0.9512512418676082 -0.17364817373641359 -0.25488700752164956
vn -0.9848077521541907 -0.17364818253298778 -2.412083338044959e-16
vn -0.9396926168497417 -0.34202015414019754 0
vn -0.907673366001039 -0.3420201566685744 0.2432103474047673
vn -0.8137976695364079 -0.34202016106628175 0.4698463179395005
vn -0.6644630241649965 -0.3420201441947748 0.6644630241649965
vn -0.4698463179395005 -0.34202016106628175 0.8137976695364079
vn -0.2432103474047673 -0.3420201566685744 0.907673366001039
vn -5.753957678794917e-17 -0.34202015414019754 0.9396926168497417
vn 0.2432103474047673 -0.3420201566685744 0.907673366001039
vn 0.4698463179395005 -0.34202016106628175 0.8137976695364079
vn 0.6644630241649965 -0.3420201441947748 0.6644630241649965
vn 0.8137976695364079 -0.34202016106628175 0.4698463179395005
vn 0.907673366001039 -0.3420201566685744 0.2432103474047673
vn 0.9396926168497417 -0.34202015414019754 1.1507915357589834e-16
vn 0.907673366001039 -0.3420201566685744 -0.2432103474047673
vn 0.8137976695364079 -0.34202016106628175 -0.4698463179395005
vn 0.6644630241649965 -0.3420201441947748 -0.6644630241649965
vn 0.4698463179395005 -0.34202016106628175 -0.8137976695364079
vn 0.2432103474047673 -0.3420201566685744 -0.907673366001039
vn 1.7261873698129241e-16 -0.34202015414019754 -0.9396926168497417
vn -0.2432103474047673 -0.3420201566685744 -0.907673366001039
vn -0.4698463179395005 -0.34202016106628175 -0.8137976695364079
vn -0.6644630241649965 -0.3420201441947748 -0.6644630241649965
vn -0.8137976695364079 -0.34202016106628175 -0.4698463179395005
vn -0.907673366001039 -0.3420201566685744 -0.2432103474047673
vn -0.9396926168497417 -0.34202015414019754 -2.301583071517967e-16
vn -0.8660253998985324 -0.5000000067305869 0
vn -0.8365163098292402 -0.4999999934991265 0.2241438598100424
vn -0.75000000252397 -0.5000000016826467 0.43301269557762184
vn -0.6123724412671231 -0.4999999863530877 0.6123724412671231
vn -0.43301269557762184 -0.5000000016826467 0.75000000252397
vn -0.2241438598100424 -0.4999999934991265 0.8365163098292402
vn -5.302876307448087e-17 -0.5000000067305869 0.8660253998985324
vn 0.2241438598100424 -0.4999999934991265 0.8365163098292402
vn 0.43301269557762184 -0.5000000016826467 0.75000000252397
vn 0.6123724412671231 -0.4999999863530877 0.6123724412671231
vn 0.75000000252397 -0.5000000016826467 0.43301269557762184
vn 0.8365163098292402 -0.4999999934991265 0.2241438598100424
vn 0.8660253998985324 -0.5000000067305869 1.0605752614896174e-16
vn 0.8365163098292402 -0.4999999934991265 -0.2241438598100424
vn 0.75000000252397 -0.5000000016826467 -0.43301269557762184
vn 0.6123724412671231 -0.4999999863530877 -0.6123724412671231
vn 0.43301269557762184 -0.5000000016826467 -0.75000000252397
vn 0.2241438598100424 -0.4999999934991265 -0.8365163098292402
vn 1.5908628922344263e-16 -0.5000000067305869 -0.8660253998985324
vn -0.2241438598100424 -0.4999999934991265 -0.8365163098292402
vn -0.43301269557762184 -0.5000000016826467 -0.75000000252397
vn -0.6123724412671231 -0.4999999863530877 -0.6123724412671231
vn -0.75000000252397 -0.5000000016826467 -0.43301269557762184
vn -0.8365163098292402 -0.4999999934991265 -0.2241438598100424
vn -0.8660253998985324 -0.5000000067305869 -2.1211505229792348e-16
vn -0.7660444283313822 -0.6427876273097093 0
vn -0.7399421089877467 -0.6427876140962993 0.19826688707687073
vn -0.6634139343680269 -0.6427876280671536 0.3830222146170346
vn -0.5416752071868176 -0.6427876319891636 0.5416752071868176
vn -0.3830222146170346 -0.6427876280671536 0.6634139343680269
vn -0.19826688707687073 -0.6427876140962993 0.7399421089877467
vn -4.690669218302034e-17 -0.6427876273097093 0.7660444283313822
vn 0.19826688707687073 -0.6427876140962993 0.7399421089877467
vn 0.3830222146170346 -0.6427876280671536 0.6634139343680269
vn 0.5416752071868176 -0.6427876319891636 0.5416752071868176
vn 0.6634139343680269 -0.6427876280671536 0.3830222146170346
vn 0.7399421089877467 -0.6427876140962993 0.19826688707687073
vn 0.7660444283313822 -0.6427876273097093 9.381338436604068e-17
vn 0.7399421089877467 -0.6427876140962993 -0.19826688707687073
vn 0.6634139343680269 -0.6427876280671536 -0.3830222146170346
vn 0.5416752071868176 -0.6427876319891636 -0.5416752071868176
vn 0.3830222146170346 -0.6427876280671536 -0.6634139343680269
vn 0.19826688707687073 -0.6427876140962993 -0.7399421089877467
vn 1.4072008316650585e-16 -0.6427876273097093 -0.7660444283313822
vn -0.19826688707687073 -0.6427876140962993 -0.7399421089877467
vn -0.3830222146170346 -0.6427876280671536 -0.6634139343680269
vn -0.5416752071868176 -0.6427876319891636 -0.5416752071868176
vn -0.6634139343680269 -0.6427876280671536 -0.3830222146170346
vn -0.7399421089877467 -0.6427876140962993 -0.19826688707687073
vn -0.7660444283313822 -0.6427876273097093 -1.8762676873208136e-16
vn -0.6427876273097093 -0.7660444283313822 0
vn -0.6208851444018412 -0.7660444510357471 0.16636567103355587
vn -0.5566704185541628 -0.7660444258191684 0.32139381260085575
vn -0.45451948113437757 -0.7660444390103438 0.45451948113437757
vn -0.32139381260085575 -0.7660444258191684 0.5566704185541628
vn -0.16636567103355587 -0.7660444510357471 0.6208851444018412
vn -3.9359390489096047e-17 -0.7660444283313822 0.6427876273097093
vn 0.16636567103355587 -0.7660444510357471 0.6208851444018412
vn 0.32139381260085575 -0.7660444258191684 0.5566704185541628
vn 0.45451948113437757 -0.7660444390103438 0.45451948113437757
vn 0.5566704185541628 -0.7660444258191684 0.32139381260085575
vn 0.6208851444018412 -0.7660444510357471 0.16636567103355587
vn 0.6427876273097093 -0.7660444283313822 7.871878097819209e-17
vn 0.6208851444018412 -0.7660444510357471 -0.16636567103355587
vn 0.5566704185541628 -0.7660444258191684 -0.32139381260085575
vn 0.45451948113437757 -0.7660444390103438 -0.45451948113437757
vn 0.32139381260085575 -0.7660444258191684 -0.5566704185541628
vn 0.16636567103355587 -0.7660444510357471 -0.6208851444018412
vn 1.1807816484984333e-16 -0.7660444283313822 -0.6427876273097093
vn -0.16636567103355587 -0.7660444510357471 -0.6208851444018412
vn -0.32139381260085575 -0.7660444258191684 -0.5566704185541628
vn -0.45451948113437757 -0.7660444390103438 -0.45451948113437757
vn -0.5566704185541628 -0.7660444258191684 -0.32139381260085575
vn -0.6208851444018412 -0.7660444510357471 -0.16636567103355587
vn -0.6427876273097093 -0.7660444283313822 -1.5743756195638419e-16
vn -0.5000000067305869 -0.8660253998985324 0
vn -0.4829629144900607 -0.8660254028181172 0.12940952399643643
vn -0.43301270140648107 -0.8660254028129621 0.25000000420661683
vn -0.3535533908144109 -0.8660254036038809 0.3535533908144109
vn -0.25000000420661683 -0.8660254028129621 0.43301270140648107
vn -0.12940952399643643 -0.8660254028181172 0.4829629144900607
vn -3.06161717267588e-17 -0.8660253998985324 0.5000000067305869
vn 0.12940952399643643 -0.8660254028181172 0.4829629144900607
vn 0.25000000420661683 -0.8660254028129621 0.43301270140648107
vn 0.3535533908144109 -0.8660254036038809 0.3535533908144109
vn 0.43301270140648107 -0.8660254028129621 0.25000000420661683
vn 0.4829629144900607 -0.8660254028181172 0.12940952399643643
vn 0.5000000067305869 -0.8660253998985324 6.12323434535176e-17
vn 0.4829629144900607 -0.8660254028181172 -0.12940952399643643
vn 0.43301270140648107 -0.8660254028129621 -0.25000000420661683
vn 0.3535533908144109 -0.8660254036038809 -0.3535533908144109
vn 0.25000000420661683 -0.8660254028129621 -0.43301270140648107
vn 0.12940952399643643 -0.8660254028181172 -0.4829629144900607
vn 9.18485085628314e-17 -0.8660253998985324 -0.5000000067305869
vn -0.12940952399643643 -0.8660254028181172 -0.4829629144900607
vn -0.25000000420661683 -0.8660254028129621 -0.43301270140648107
vn -0.3535533908144109 -0.8660254036038809 -0.3535533908144109
vn -0.43301270140648107 -0.8660254028129621 -0.25000000420661683
vn -0.4829629144900607 -0.8660254028181172 -0.12940952399643643
vn -0.5000000067305869 -0.8660253998985324 -1.224646869070352e-16
vn -0.34202015414019754 -0.9396926168497417 0
vn -0.33036607804669044 -0.9396926250180325 0.08852132490404258
vn -0.2961981308564289 -0.9396926202776495 0.171010077693927
vn -0.2418447598717968 -0.9396926222148952 0.2418447598717968
vn -0.171010077693927 -0.9396926202776495 0.2961981308564289
vn -0.08852132490404258 -0.9396926250180325 0.33036607804669044
vn -2.0942694414863748e-17 -0.9396926168497417 0.34202015414019754
vn 0.08852132490404258 -0.9396926250180325 0.33036607804669044
vn 0.171010077693927 -0.9396926202776495 0.2961981308564289
vn 0.2418447598717968 -0.9396926222148952 0.2418447598717968
vn 0.2961981308564289 -0.9396926202776495 0.171010077693927
vn 0.33036607804669044 -0.9396926250180325 0.08852132490404258
vn 0.34202015414019754 -0.9396926168497417 4.1885388829727496e-17
vn 0.33036607804669044 -0.9396926250180325 -0.08852132490404258
vn 0.2961981308564289 -0.9396926202776495 -0.171010077693927
vn 0.2418447598717968 -0.9396926222148952 -0.2418447598717968
vn 0.171010077693927 -0.9396926202776495 -0.2961981308564289
vn 0.08852132490404258 -0.9396926250180325 -0.33036607804669044
vn 6.282807993586879e-17 -0.9396926168497417 -0.34202015414019754
vn -0.08852132490404258 -0.9396926250180325 -0.33036607804669044
vn -0.171010077693927 -0.9396926202776495 -0.2961981308564289
vn -0.2418447598717968 -0.9396926222148952 -0.2418447598717968
vn -0.2961981308564289 -0.9396926202776495 -0.171010077693927
vn -0.33036607804669044 -0.9396926250180325 -0.08852132490404258
vn -0.34202015414019754 -0.9396926168497417 -8.377077765945499e-17
vn -0.17364818253298778 -0.9848077521541907 0
vn -0.16773125925786092 -0.9848077530007592 0.044943456669109115
vn -0.15038372937358055 -0.9848077533695775 0.08682409137364663
vn -0.12278780624471411 -0.98480775244472 0.12278780624471411
vn -0.08682409137364663 -0.9848077533695775 0.15038372937358055
vn -0.044943456669109115 -0.9848077530007592 0.16773125925786092
vn -1.063288423843051e-17 -0.9848077521541907 0.17364818253298778
vn 0.044943456669109115 -0.9848077530007592 0.16773125925786092
vn 0.08682409137364663 -0.9848077533695775 0.15038372937358055
vn 0.12278780624471411 -0.98480775244472 0.12278780624471411
vn 0.15038372937358055 -0.9848077533695775 0.08682409137364663
vn 0.16773125925786092 -0.9848077530007592 0.044943456669109115
vn 0.17364818253298778 -0.9848077521541907 2.126576847686102e-17
vn 0.16773125925786092 -0.9848077530007592 -0.044943456669109115
vn 0.15038372937358055 -0.9848077533695775 -0.08682409137364663
vn 0.12278780624471411 -0.98480775244472 -0.12278780624471411
vn 0.08682409137364663 -0.9848077533695775 -0.15038372937358055
vn 0.044943456669109115 -0.9848077530007592 -0.16773125925786092
vn 3.189865271529153e-17 -0.9848077521541907 -0.17364818253298778
vn -0.044943456669109115 -0.9848077530007592 -0.16773125925786092
vn -0.08682409137364663 -0.9848077533695775 -0.15038372937358055
vn -0.12278780624471411 -0.98480775244472 -0.12278780624471411
vn -0.15038372937358055 -0.9848077533695775 -0.08682409137364663
vn -0.16773125925786092 -0.9848077530007592 -0.044943456669109115
vn -0.17364818253298778 -0.9848077521541907 -4.253153695372204e-17
vn -1.2246468525851679e-16 -1 0
vn -1.1829179067875828e-16 -1 3.169619126193763e-17
vn -1.0605752472130298e-16 -1 6.123234262925839e-17
vn -8.659560603426554e-17 -1 8.659560603426554e-17
vn -6.123234262925839e-17 -1 1.0605752472130298e-16
vn -3.169619126193763e-17 -1 1.1829179067875828e-16
vn -7.498798786105971e-33 -1 1.2246468525851679e-16
vn 3.169619126193763e-17 -1 1.1829179067875828e-16
vn 6.123234262925839e-17 -1 1.0605752472130298e-16
vn 8.659560603426554e-17 -1 8.659560603426554e-17
vn 1.0605752472130298e-16 -1 6.123234262925839e-17
vn 1.1829179067875828e-16 -1 3.169619126193763e-17
vn 1.2246468525851679e-16 -1 1.4997597572211942e-32
vn 1.1829179067875828e-16 -1 -3.169619126193763e-17
vn 1.0605752472130298e-16 -1 -6.123234262925839e-17
vn 8.659560603426554e-17 -1 -8.659560603426554e-17
vn 6.123234262925839e-17 -1 -1.0605752472130298e-16
vn 3.169619126193763e-17 -1 -1.1829179067875828e-16
vn 2.2496396358317913e-32 -1 -1.2246468525851679e-16
vn -3.169619126193763e-17 -1 -1.1829179067875828e-16
vn -6.123234262925839e-17 -1 -1.0605752472130298e-16
vn -8.659560603426554e-17 -1 -8.659560603426554e-17
vn -1.0605752472130298e-16 -1 -6.123234262925839e-17
vn -1.1829179067875828e-16 -1 -3.169619126193763e-17
vn -1.2246468525851679e-16 -1 -2.9995195144423884e-32
f 2046/2046/2046 2071/2071/2071 2072/2072/2072
f 2047/2047/2047 2072/2072/2072 2073/2073/2073
f 2048/2048/2048 2073/2073/2073 2074/2074/2074
f 2049/2049/2049 2074/2074/2074 2075/2075/2075
f 2050/2050/2050 2075/2075/2075 2076/2076/2076
f 2051/2051/2051 2076/2076/2076 2077/2077/2077
f 2052/2052/2052 2077/2077/2077 2078/2078/2078
f 2053/2053/2053 2078/2078/2078 2079/2079/2079
f 2054/2054/2054 2079/2079/2079 2080/2080/2080
f 2055/2055/2055 2080/2080/2080 2081/2081/2081
f 2056/2056/2056 2081/2081/2081 2082/2082/2082
f 2057/2057/2057 2082/2082/2082 2083/2083/2083
f 2058/2058/2058 2083/2083/2083 2084/2084/2084
f 2059/2059/2059 2084/2084/2084 2085/2085/2085
f 2060/2060/2060 2085/2085/2085 2086/2086/2086
f 2061/2061/2061 2086/2086/2086 2087/2087/2087
f 2062/2062/2062 2087/2087/2087 2088/2088/2088
f 2063/2063/2063 2088/2088/2088 2089/2089/2089
f 2064/2064/2064 2089/2089/2089 2090/2090/2090
f 2065/2065/2065 2090/2090/2090 2091/2091/2091
f 2066/2066/2066 2091/2091/2091 2092/2092/2092
f 2067/2067/2067 2092/2092/2092 2093/2093/2093
f 2068/2068/2068 2093/2093/2093 2094/2094/2094
f 2069/2069/2069 2094/2094/2094 2095/2095/2095
f 2072/2072/2072 2071/2071/2071 2097/2097/2097
f 2071/2071/2071 2096/2096/2096 2097/2097/2097
f 2073/2073/2073 2072/2072/2072 2098/2098/2098
f 2072/2072/2072 2097/2097/2097 2098/2098/2098
f 2074/2074/2074 2073/2073/2073 2099/2099/2099
f 2073/2073/2073 2098/2098/2098 2099/2099/2099
f 2075/2075/2075 2074/2074/2074 2100/2100/2100
f 2074/2074/2074 2099/2099/2099 2100/2100/2100
f 2076/2076/2076 2075/2075/2075 2101/2101/2101
f 2075/2075/2075 2100/2100/2100 2101/2101/2101
f 2077/2077/2077 2076/2076/2076 2102/2102/2102
f 2076/2076/2076 2101/2101/2101 2102/2102/2102
f 2078/2078/2078 2077/2077/2077 2103/2103/2103
f 2077/2077/2077 2102/2102/2102 2103/2103/2103
f 2079/2079/2079 2078/2078/2078 2104/2104/2104
f 2078/2078/2078 2103/2103/2103 2104/2104/2104
f 2080/2080/2080 2079/2079/2079 2105/2105/2105
f 2079/2079/2079 2104/2104/2104 2105/2105/2105
f 2081/2081/2081 2080/2080/2080 2106/2106/2106
f 2080/2080/2080 2105/2105/2105 2106/2106/2106
f 2082/2082/2082 2081/2081/2081 2107/2107/2107
f 2081/2081/2081 2106/2106/2106 2107/2107/2107
f 2083/2083/2083 2082/2082/2082 2108/2108/2108
f 2082/2082/2082 2107/2107/2107 2108/2108/2108
f 2084/2084/2084 2083/2083/2083 2109/2109/2109
f 2083/2083/2083 2108/2108/2108 2109/2109/2109
f 2085/2085/2085 2084/2084/2084 2110/2110/2110
f 2084/2084/2084 2109/2109/2109 2110/2110/2110
f 2086/2086/2086 2085/2085/2085 2111/2111/2111
f 2085/2085/2085 2110/2110/2110 2111/2111/2111
f 2087/2087/2087 2086/2086/2086 2112/2112/2112
f 2086/2086/2086 2111/2111/2111 2112/2112/2112
f 2088/2088/2088 2087/2087/2087 2113/2113/2113
f 2087/2087/2087 2112/2112/2112 2113/2113/2113
f 2089/2089/2089 2088/2088/2088 2114/2114/2114
f 2088/2088/2088 2113/2113/2113 2114/2114/2114
f 2090/2090/2090 2089/2089/2089 2115/2115/2115
f 2089/2089/2089 2114/2114/2114 2115/2115/2115
f 2091/2091/2091 2090/2090/2090 2116/2116/2116
f 2090/2090/2090 2115/2115/2115 2116/2116/2116
f 2092/2092/2092 2091/2091/2091 2117/2117/2117
f 2091/2091/2091 2116/2116/2116 2117/2117/2117
f 2093/2093/2093 2092/2092/2092 2118/2118/2118
f 2092/2092/2092 2117/2117/2117 2118/2118/2118
f 2094/2094/2094 2093/2093/2093 2119/2119/2119
f 2093/2093/2093 2118/2118/2118 2119/2119/2119
f 2095/2095/2095 2094/2094/2094 2120/2120/2120
f 2094/2094/2094 2119/2119/2119 2120/2120/2120
f 2097/2097/2097 2096/2096/2096 2122/2122/2122
f 2096/2096/2096 2121/2121/2121 2122/2122/2122
f 2098/2098/2098 2097/2097/2097 2123/2123/2123
f 2097/2097/2097 2122/2122/2122 2123/2123/2123
f 2099/2099/2099 2098/2098/2098 2124/2124/2124
f 2098/2098/2098 2123/2123/2123 2124/2124/2124
f 2100/2100/2100 2099/2099/2099 2125/2125/2125
f 2099/2099/2099 2124/2124/2124 2125/2125/2125
f 2101/2101/2101 2100/2100/2100 2126/2126/2126
f 2100/2100/2100 2125/2125/2125 2126/2126/2126
f 2102/2102/2102 2101/2101/2101 2127/2127/2127
f 2101/2101/2101 2126/2126/2126 2127/2127/2127
f 2103/2103/2103 2102/2102/2102 2128/2128/2128
f 2102/2102/2102 2127/2127/2127 2128/2128/2128
f 2104/2104/2104 2103/2103/2103 2129/2129/2129
f 2103/2103/2103 2128/2128/2128 2129/2129/2129
f 2105/2105/2105 2104/2104/2104 2130/2130/2130
f 2104/2104/2104 2129/2129/2129 2130/2130/2130
f 2106/2106/2106 2105/2105/2105 2131/2131/2131
f 2105/2105/2105 2130/2130/2130 2131/2131/2131
f 2107/2107/2107 2106/2106/2106 2132/2132/2132
f 2106/2106/2106 2131/2131/2131 2132/2132/2132
f 2108/2108/2108 2107/2107/2107 2133/2133/2133
f 2107/2107/2107 2132/2132/2132 2133/2133/2133
f 2109/2109/2109 2108/2108/2108 2134/2134/2134
f 2108/2108/2108 2133/2133/2133 2134/2134/2134
f 2110/2110/2110 2109/2109/2109 2135/2135/2135
f 2109/2109/2109 2134/2134/2134 2135/2135/2135
f 2111/2111/2111 2110/2110/2110 2136/2136/2136
f 2110/2110/2110 2135/2135/2135 2136/2136/2136
f 2112/2112/2112 2111/2111/2111 2137/2137/2137
f 2111/2111/2111 2136/2136/2136 2137/2137/2137
f 2113/2113/2113 2112/2112/2112 2138/2138/2138
f 2112/2112/2112 2137/2137/2137 2138/2138/2138
f 2114/2114/2114 2113/2113/2113 2139/2139/2139
f 2113/2113/2113 2138/2138/2138 2139/2139/2139
f 2115/2115/2115 2114/2114/2114 2140/2140/2140
f 2114/2114/2114 2139/2139/2139 2140/2140/2140
f 2116/2116/2116 2115/2115/2115 2141/2141/2141
f 2115/2115/2115 2140/2140/2140 2141/2141/2141
f 2117/2117/2117 2116/2116/2116 2142/2142/2142
f 2116/2116/2116 2141/2141/2141 2142/2142/2142
f 2118/2118/2118 2117/2117/2117 2143/2143/2143
f 2117/2117/2117 2142/2142/2142 2143/2143/2143
f 2119/2119/2119 2118/2118/2118 2144/2144/2144
f 2118/2118/2118 2143/2143/2143 2144/2144/2144
f 2120/2120/2120 2119/2119/2119 2145/2145/2145
f 2119/2119/2119 2144/2144/2144 2145/2145/2145
f 2122/2122/2122 2121/2121/2121 2147/2147/2147
f 2121/2121/2121 2146/2146/2146 2147/2147/2147
f 2123/2123/2123 2122/2122/2122 2148/2148/2148
f 2122/2122/2122 2147/2147/2147 2148/2148/2148
f 2124/2124/2124 2123/2123/2123 2149/2149/2149
f 2123/2123/2123 2148/2148/2148 2149/2149/2149
f 2125/2125/2125 2124/2124/2124 2150/2150/2150
f 2124/2124/2124 2149/2149/2149 2150/2150/2150
f 2126/2126/2126 2125/2125/2125 2151/2151/2151
f 2125/2125/2125 2150/2150/2150 2151/2151/2151
f 2127/2127/2127 2126/2126/2126 2152/2152/2152
f 2126/2126/2126 2151/2151/2151 2152/2152/2152
f 2128/2128/2128 2127/2127/2127 2153/2153/2153
f 2127/2127/2127 2152/2152/2152 2153/2153/2153
f 2129/2129/2129 2128/2128/2128 2154/2154/2154
f 2128/2128/2128 2153/2153/2153 2154/2154/2154
f 2130/2130/2130 2129/2129/2129 2155/2155/2155
f 2129/2129/2129 2154/2154/2154 2155/2155/2155
f 2131/2131/2131 2130/2130/2130 2156/2156/2156
f 2130/2130/2130 2155/2155/2155 2156/2156/2156
f 2132/2132/2132 2131/2131/2131 2157/2157/2157
f 2131/2131/2131 2156/2156/2156 2157/2157/2157
f 2133/2133/2133 2132/2132/2132 2158/2158/2158
f 2132/2132/2132 2157/2157/2157 2158/2158/2158
f 2134/2134/2134 2133/2133/2133 2159/2159/2159
f 2133/2133/2133 2158/2158/2158 2159/2159/2159
f 2135/2135/2135 2134/2134/2134 2160/2160/2160
f 2134/2134/2134 2159/2159/2159 2160/2160/2160
f 2136/2136/2136 2135/2135/2135 2161/2161/2161
f 2135/2135/2135 2160/2160/2160 2161/2161/2161
f 2137/2137/2137 2136/2136/2136 2162/2162/2162
f 2136/2136/2136 2161/2161/2161 2162/2162/2162
f 2138/2138/2138 2137/2137/2137 2163/2163/2163
f 2137/2137/2137 2162/2162/2162 2163/2163/2163
f 2139/2139/2139 2138/2138/2138 2164/2164/2164
f 2138/2138/2138 2163/2163/2163 2164/2164/2164
f 2140/2140/2140 2139/2139/2139 2165/2165/2165
f 2139/2139/2139 2164/2164/2164 2165/2165/2165
f 2141/2141/2141 2140/2140/2140 2166/2166/2166
f 2140/2140/2140 2165/2165/2165 2166/2166/2166
f 2142/2142/2142 2141/2141/2141 2167/2167/2167
f 2141/2141/2141 2166/2166/2166 2167/2167/2167
f 2143/2143/2143 2142/2142/2142 2168/2168/2168
f 2142/2142/2142 2167/2167/2167 2168/2168/2168
f 2144/2144/2144 2143/2143/2143 2169/2169/2169
f 2143/2143/2143 2168/2168/2168 2169/2169/2169
f 2145/2145/2145 2144/2144/2144 2170/2170/2170
f 2144/2144/2144 2169/2169/2169 2170/2170/2170
f 2147/2147/2147 2146/2146/2146 2172/2172/2172
f 2146/2146/2146 2171/2171/2171 2172/2172/2172
f 2148/2148/2148 2147/2147/2147 2173/2173/2173
f 2147/2147/2147 2172/2172/2172 2173/2173/2173
f 2149/2149/2149 2148/2148/2148 2174/2174/2174
f 2148/2148/2148 2173/2173/2173 2174/2174/2174
f 2150/2150/2150 2149/2149/2149 2175/2175/2175
f 2149/2149/2149 2174/2174/2174 2175/2175/2175
f 2151/2151/2151 2150/2150/2150 2176/2176/2176
f 2150/2150/2150 2175/2175/2175 2176/2176/2176
f 2152/2152/2152 2151/2151/2151 2177/2177/2177
f 2151/2151/2151 2176/2176/2176 2177/2177/2177
f 2153/2153/2153 2152/2152/2152 2178/2178/2178
f 2152/2152/2152 2177/2177/2177 2178/2178/2178
f 2154/2154/2154 2153/2153/2153 2179/2179/2179
f 2153/2153/2153 2178/2178/2178 2179/2179/2179
f 2155/2155/2155 2154/2154/2154 2180/2180/2180
f 2154/2154/2154 2179/2179/2179 2180/2180/2180
f 2156/2156/2156 2155/2155/2155 2181/2181/2181
f 2155/2155/2155 2180/2180/2180 2181/2181/2181
f 2157/2157/2157 2156/2156/2156 2182/2182/2182
f 2156/2156/2156 2181/2181/2181 2182/2182/2182
f 2158/2158/2158 2157/2157/2157 2183/2183/2183
f 2157/2157/2157 2182/2182/2182 2183/2183/2183
f 2159/2159/2159 2158/2158/2158 2184/2184/2184
f 2158/2158/2158 2183/2183/2183 2184/2184/2184
f 2160/2160/2160 2159/2159/2159 2185/2185/2185
f 2159/2159/2159 2184/2184/2184 2185/2185/2185
f 2161/2161/2161 2160/2160/2160 2186/2186/2186
f 2160/2160/2160 2185/2185/2185 2186/2186/2186
f 2162/2162/2162 2161/2161/2161 2187/2187/2187
f 2161/2161/2161 2186/2186/2186 2187/2187/2187
f 2163/2163/2163 2162/2162/2162 2188/2188/2188
f 2162/2162/2162 2187/2187/2187 2188/2188/2188
f 2164/2164/2164 2163/2163/2163 2189/2189/2189
f 2163/2163/2163 2188/2188/2188 2189/2189/2189
f 2165/2165/2165 2164/2164/2164 2190/2190/2190
f 2164/2164/2164 2189/2189/2189 2190/2190/2190
f 2166/2166/2166 2165/2165/2165 2191/2191/2191
f 2165/2165/2165 2190/2190/2190 2191/2191/2191
f 2167/2167/2167 2166/2166/2166 2192/2192/2192
f 2166/2166/2166 2191/2191/2191 2192/2192/2192
f 2168/2168/2168 2167/2167/2167 2193/2193/2193
f 2167/2167/2167 2192/2192/2192 2193/2193/2193
f 2169/2169/2169 2168/2168/2168 2194/2194/2194
f 2168/2168/2168 2193/2193/2193 2194/2194/2194
f 2170/2170/2170 2169/2169/2169 2195/2195/2195
f 2169/2169/2169 2194/2194/2194 2195/2195/2195
f 2172/2172/2172 2171/2171/2171 2197/2197/2197
f 2171/2171/2171 2196/2196/2196 2197/2197/2197
f 2173/2173/2173 2172/2172/2172 2198/2198/2198
f 2172/2172/2172 2197/2197/2197 2198/2198/2198
f 2174/2174/2174 2173/2173/2173 2199/2199/2199
f 2173/2173/2173 2198/2198/2198 2199/2199/2199
f 2175/2175/2175 2174/2174/2174 2200/2200/2200
f 2174/2174/2174 2199/2199/2199 2200/2200/2200
f 2176/2176/2176 2175/2175/2175 2201/2201/2201
f 2175/2175/2175 2200/2200/2200 2201/2201/2201
f 2177/2177/2177 2176/2176/2176 2202/2202/2202
f 2176/2176/2176 2201/2201/2201 2202/2202/2202
f 2178/2178/2178 2177/2177/2177 2203/2203/2203
f 2177/2177/2177 2202/2202/2202 2203/2203/2203
f 2179/2179/2179 2178/2178/2178 2204/2204/2204
f 2178/2178/2178 2203/2203/2203 2204/2204/2204
f 2180/2180/2180 2179/2179/2179 2205/2205/2205
f 2179/2179/2179 2204/2204/2204 2205/2205/2205
f 2181/2181/2181 2180/2180/2180 2206/2206/2206
f 2180/2180/2180 2205/2205/2205 2206/2206/2206
f 2182/2182/2182 2181/2181/2181 2207/2207/2207
f 2181/2181/2181 2206/2206/2206 2207/2207/2207
f 2183/2183/2183 2182/2182/2182 2208/2208/2208
f 2182/2182/2182 2207/2207/2207 2208/2208/2208
f 2184/2184/2184 2183/2183/2183 2209/2209/2209
f 2183/2183/2183 2208/2208/2208 2209/2209/2209
f 2185/2185/2185 2184/2184/2184 2210/2210/2210
f 2184/2184/2184 2209/2209/2209 2210/2210/2210
f 2186/2186/2186 2185/2185/2185 2211/2211/2211
f 2185/2185/2185 2210/2210/2210 2211/2211/2211
f 2187/2187/2187 2186/2186/2186 2212/2212/2212
f 2186/2186/2186 2211/2211/2211 2212/2212/2212
f 2188/2188/2188 2187/2187/2187 2213/2213/2213
f 2187/2187/2187 2212/2212/2212 2213/2213/2213
f 2189/2189/2189 2188/2188/2188 2214/2214/2214
f 2188/2188/2188 2213/2213/2213 2214/2214/2214
f 2190/2190/2190 2189/2189/2189 2215/2215/2215
f 2189/2189/2189 2214/2214/2214 2215/2215/2215
f 2191/2191/2191 2190/2190/2190 2216/2216/2216
f 2190/2190/2190 2215/2215/2215 2216/2216/2216
f 2192/2192/2192 2191/2191/2191 2217/2217/2217
f 2191/2191/2191 2216/2216/2216 2217/2217/2217
f 2193/2193/2193 2192/2192/2192 2218/2218/2218
f 2192/2192/2192 2217/2217/2217 2218/2218/2218
f 2194/2194/2194 2193/2193/2193 2219/2219/2219
f 2193/2193/2193 2218/2218/2218 2219/2219/2219
f 2195/2195/2195 2194/2194/2194 2220/2220/2220
f 2194/2194/2194 2219/2219/2219 2220/2220/2220
f 2197/2197/2197 2196/2196/2196 2222/2222/2222
f 2196/2196/2196 2221/2221/2221 2222/2222/2222
f 2198/2198/2198 2197/2197/2197 2223/2223/2223
f 2197/2197/2197 2222/2222/2222 2223/2223/2223
f 2199/2199/2199 2198/2198/2198 2224/2224/2224
f 2198/2198/2198 2223/2223/2223 2224/2224/2224
f 2200/2200/2200 2199/2199/2199 2225/2225/2225
f 2199/2199/2199 2224/2224/2224 2225/2225/2225
f 2201/2201/2201 2200/2200/2200 2226/2226/2226
f 2200/2200/2200 2225/2225/2225 2226/2226/2226
f 2202/2202/2202 2201/2201/2201 2227/2227/2227
f 2201/2201/2201 2226/2226/2226 2227/2227/2227
f 2203/2203/2203 2202/2202/2202 2228/2228/2228
f 2202/2202/2202 2227/2227/2227 2228/2228/2228
f 2204/2204/2204 2203/2203/2203 2229/2229/2229
f 2203/2203/2203 2228/2228/2228 2229/2229/2229
f 2205/2205/2205 2204/2204/2204 2230/2230/2230
f 2204/2204/2204 2229/2229/2229 2230/2230/2230
f 2206/2206/2206 2205/2205/2205 2231/2231/2231
f 2205/2205/2205 2230/2230/2230 2231/2231/2231
f 2207/2207/2207 2206/2206/2206 2232/2232/2232
f 2206/2206/2206 2231/2231/2231 2232/2232/2232
f 2208/2208/2208 2207/2207/2207 2233/2233/2233
f 2207/2207/2207 2232/2232/2232 2233/2233/2233
f 2209/2209/2209 2208/2208/2208 2234/2234/2234
f 2208/2208/2208 2233/2233/2233 2234/2234/2234
f 2210/2210/2210 2209/2209/2209 2235/2235/2235
f 2209/2209/2209 2234/2234/2234 2235/2235/2235
f 2211/2211/2211 2210/2210/2210 2236/2236/2236
f 2210/2210/2210 2235/2235/2235 2236/2236/2236
f 2212/2212/2212 2211/2211/2211 2237/2237/2237
f 2211/2211/2211 2236/2236/2236 2237/2237/2237
f 2213/2213/2213 2212/2212/2212 2238/2238/2238
f 2212/2212/2212 2237/2237/2237 2238/2238/2238
f 2214/2214/2214 2213/2213/2213 2239/2239/2239
f 2213/2213/2213 2238/2238/2238 2239/2239/2239
f 2215/2215/2215 2214/2214/2214 2240/2240/2240
f 2214/2214/2214 2239/2239/2239 2240/2240/2240
f 2216/2216/2216 2215/2215/2215 2241/2241/2241
f 2215/2215/2215 2240/2240/2240 2241/2241/2241
f 2217/2217/2217 2216/2216/2216 2242/2242/2242
f 2216/2216/2216 2241/2241/2241 2242/2242/2242
f 2218/2218/2218 2217/2217/2217 2243/2243/2243
f 2217/2217/2217 2242/2242/2242 2243/2243/2243
f 2219/2219/2219 2218/2218/2218 2244/2244/2244
f 2218/2218/2218 2243/2243/2243 2244/2244/2244
f 2220/2220/2220 2219/2219/2219 2245/2245/2245
f 2219/2219/2219 2244/2244/2244 2245/2245/2245
f 2222/2222/2222 2221/2221/2221 2247/2247/2247
f 2221/2221/2221 2246/2246/2246 2247/2247/2247
f 2223/2223/2223 2222/2222/2222 2248/2248/2248
f 2222/2222/2222 2247/2247/2247 2248/2248/2248
f 2224/2224/2224 2223/2223/2223 2249/2249/2249
f 2223/2223/2223 2248/2248/2248 2249/2249/2249
f 2225/2225/2225 2224/2224/2224 2250/2250/2250
f 2224/2224/2224 2249/2249/2249 2250/2250/2250
f 2226/2226/2226 2225/2225/2225 2251/2251/2251
f 2225/2225/2225 2250/2250/2250 2251/2251/2251
f 2227/2227/2227 2226/2226/2226 2252/2252/2252
f 2226/2226/2226 2251/2251/2251 2252/2252/2252
f 2228/2228/2228 2227/2227/2227 2253/2253/2253
f 2227/2227/2227 2252/2252/2252 2253/2253/2253
f 2229/2229/2229 2228/2228/2228 2254/2254/2254
f 2228/2228/2228 2253/2253/2253 2254/2254/2254
f 2230/2230/2230 2229/2229/2229 2255/2255/2255
f 2229/2229/2229 2254/2254/2254 2255/2255/2255
f 2231/2231/2231 2230/2230/2230 2256/2256/2256
f 2230/2230/2230 2255/2255/2255 2256/2256/2256
f 2232/2232/2232 2231/2231/2231 2257/2257/2257
f 2231/2231/2231 2256/2256/2256 2257/2257/2257
f 2233/2233/2233 2232/2232/2232 2258/2258/2258
f 2232/2232/2232 2257/2257/2257 2258/2258/2258
f 2234/2234/2234 2233/2233/2233 2259/2259/2259
f 2233/2233/2233 2258/2258/2258 2259/2259/2259
f 2235/2235/2235 2234/2234/2234 2260/2260/2260
f 2234/2234/2234 2259/2259/2259 2260/2260/2260
f 2236/2236/2236 2235/2235/2235 2261/2261/2261
f 2235/2235/2235 2260/2260/2260 2261/2261/2261
f 2237/2237/2237 2236/2236/2236 2262/2262/2262
f 2236/2236/2236 2261/2261/2261 2262/2262/2262
f 2238/2238/2238 2237/2237/2237 2263/2263/2263
f 2237/2237/2237 2262/2262/2262 2263/2263/2263
f 2239/2239/2239 2238/2238/2238 2264/2264/2264
f 2238/2238/2238 2263/2263/2263 2264/2264/2264
f 2240/2240/2240 2239/2239/2239 2265/2265/2265
f 2239/2239/2239 2264/2264/2264 2265/2265/2265
f 2241/2241/2241 2240/2240/2240 2266/2266/2266
f 2240/2240/2240 2265/2265/2265 2266/2266/2266
f 2242/2242/2242 2241/2241/2241 2267/2267/2267
f 2241/2241/2241 2266/2266/2266 2267/2267/2267
f 2243/2243/2243 2242/2242/2242 2268/2268/2268
f 2242/2242/2242 2267/2267/2267 2268/2268/2268
f 2244/2244/2244 2243/2243/2243 2269/2269/2269
f 2243/2243/2243 2268/2268/2268 2269/2269/2269
f 2245/2245/2245 2244/2244/2244 2270/2270/2270
f 2244/2244/2244 2269/2269/2269 2270/2270/2270
f 2247/2247/2247 2246/2246/2246 2272/2272/2272
f 2246/2246/2246 2271/2271/2271 2272/2272/2272
f 2248/2248/2248 2247/2247/2247 2273/2273/2273
f 2247/2247/2247 2272/2272/2272 2273/2273/2273
f 2249/2249/2249 2248/2248/2248 2274/2274/2274
f 2248/2248/2248 2273/2273/2273 2274/2274/2274
f 2250/2250/2250 2249/2249/2249 2275/2275/2275
f 2249/2249/2249 2274/2274/2274 2275/2275/2275
f 2251/2251/2251 2250/2250/2250 2276/2276/2276
f 2250/2250/2250 2275/2275/2275 2276/2276/2276
f 2252/2252/2252 2251/2251/2251 2277/2277/2277
f 2251/2251/2251 2276/2276/2276 2277/2277/2277
f 2253/2253/2253 2252/2252/2252 2278/2278/2278
f 2252/2252/2252 2277/2277/2277 2278/2278/2278
f 2254/2254/2254 2253/2253/2253 2279/2279/2279
f 2253/2253/2253 2278/2278/2278 2279/2279/2279
f 2255/2255/2255 2254/2254/2254 2280/2280/2280
f 2254/2254/2254 2279/2279/2279 2280/2280/2280
f 2256/2256/2256 2255/2255/2255 2281/2281/2281
f 2255/2255/2255 2280/2280/2280 2281/2281/2281
f 2257/2257/2257 2256/2256/2256 2282/2282/2282
f 2256/2256/2256 2281/2281/2281 2282/2282/2282
f 2258/2258/2258 2257/2257/2257 2283/2283/2283
f 2257/2257/2257 2282/2282/2282 2283/2283/2283
f 2259/2259/2259 2258/2258/2258 2284/2284/2284
f 2258/2258/2258 2283/2283/2283 2284/2284/2284
f 2260/2260/2260 2259/2259/2259 2285/2285/2285
f 2259/2259/2259 2284/2284/2284 2285/2285/2285
f 2261/2261/2261 2260/2260/2260 2286/2286/2286
f 2260/2260/2260 2285/2285/2285 2286/2286/2286
f 2262/2262/2262 2261/2261/2261 2287/2287/2287
f 2261/2261/2261 2286/2286/2286 2287/2287/2287
f 2263/2263/2263 2262/2262/2262 2288/2288/2288
f 2262/2262/2262 2287/2287/2287 2288/2288/2288
f 2264/2264/2264 2263/2263/2263 2289/2289/2289
f 2263/2263/2263 2288/2288/2288 2289/2289/2289
f 2265/2265/2265 2264/2264/2264 2290/2290/2290
f 2264/2264/2264 2289/2289/2289 2290/2290/2290
f 2266/2266/2266 2265/2265/2265 2291/2291/2291
f 2265/2265/2265 2290/2290/2290 2291/2291/2291
f 2267/2267/2267 2266/2266/2266 2292/2292/2292
f 2266/2266/2266 2291/2291/2291 2292/2292/2292
f 2268/2268/2268 2267/2267/2267 2293/2293/2293
f 2267/2267/2267 2292/2292/2292 2293/2293/2293
f 2269/2269/2269 2268/2268/2268 2294/2294/2294
f 2268/2268/2268 2293/2293/2293 2294/2294/2294
f 2270/2270/2270 2269/2269/2269 2295/2295/2295
f 2269/2269/2269 2294/2294/2294 2295/2295/2295
f 2272/2272/2272 2271/2271/2271 2297/2297/2297
f 2271/2271/2271 2296/2296/2296 2297/2297/2297
f 2273/2273/2273 2272/2272/2272 2298/2298/2298
f 2272/2272/2272 2297/2297/2297 2298/2298/2298
f 2274/2274/2274 2273/2273/2273 2299/2299/2299
f 2273/2273/2273 2298/2298/2298 2299/2299/2299
f 2275/2275/2275 2274/2274/2274 2300/2300/2300
f 2274/2274/2274 2299/2299/2299 2300/2300/2300
f 2276/2276/2276 2275/2275/2275 2301/2301/2301
f 2275/2275/2275 2300/2300/2300 2301/2301/2301
f 2277/2277/2277 2276/2276/2276 2302/2302/2302
f 2276/2276/2276 2301/2301/2301 2302/2302/2302
f 2278/2278/2278 2277/2277/2277 2303/2303/2303
f 2277/2277/2277 2302/2302/2302 2303/2303/2303
f 2279/2279/2279 2278/2278/2278 2304/2304/2304
f 2278/2278/2278 2303/2303/2303 2304/2304/2304
f 2280/2280/2280 2279/2279/2279 2305/2305/2305
f 2279/2279/2279 2304/2304/2304 2305/2305/2305
f 2281/2281/2281 2280/2280/2280 2306/2306/2306
f 2280/2280/2280 2305/2305/2305 2306/2306/2306
f 2282/2282/2282 2281/2281/2281 2307/2307/2307
f 2281/2281/2281 2306/2306/2306 2307/2307/2307
f 2283/2283/2283 2282/2282/2282 2308/2308/2308
f 2282/2282/2282 2307/2307/2307 2308/2308/2308
f 2284/2284/2284 2283/2283/2283 2309/2309/2309
f 2283/2283/2283 2308/2308/2308 2309/2309/2309
f 2285/2285/2285 2284/2284/2284 2310/2310/2310
f 2284/2284/2284 2309/2309/2309 2310/2310/2310
f 2286/2286/2286 2285/2285/2285 2311/2311/2311
f 2285/2285/2285 2310/2310/2310 2311/2311/2311
f 2287/2287/2287 2286/2286/2286 2312/2312/2312
f 2286/2286/2286 2311/2311/2311 2312/2312/2312
f 2288/2288/2288 2287/2287/2287 2313/2313/2313
f 2287/2287/2287 2312/2312/2312 2313/2313/2313
f 2289/2289/2289 2288/2288/2288 2314/2314/2314
f 2288/2288/2288 2313/2313/2313 2314/2314/2314
f 2290/2290/2290 2289/2289/2289 2315/2315/2315
f 2289/2289/2289 2314/2314/2314 2315/2315/2315
f 2291/2291/2291 2290/2290/2290 2316/2316/2316
f 2290/2290/2290 2315/2315/2315 2316/2316/2316
f 2292/2292/2292 2291/2291/2291 2317/2317/2317
f 2291/2291/2291 2316/2316/2316 2317/2317/2317
f 2293/2293/2293 2292/2292/2292 2318/2318/2318
f 2292/2292/2292 2317/2317/2317 2318/2318/2318
f 2294/2294/2294 2293/2293/2293 2319/2319/2319
f 2293/2293/2293 2318/2318/2318 2319/2319/2319
f 2295/2295/2295 2294/2294/2294 2320/2320/2320
f 2294/2294/2294 2319/2319/2319 2320/2320/2320
f 2297/2297/2297 2296/2296/2296 2322/2322/2322
f 2296/2296/2296 2321/2321/2321 2322/2322/2322
f 2298/2298/2298 2297/2297/2297 2323/2323/2323
f 2297/2297/2297 2322/2322/2322 2323/2323/2323
f 2299/2299/2299 2298/2298/2298 2324/2324/2324
f 2298/2298/2298 2323/2323/2323 2324/2324/2324
f 2300/2300/2300 2299/2299/2299 2325/2325/2325
f 2299/2299/2299 2324/2324/2324 2325/2325/2325
f 2301/2301/2301 2300/2300/2300 2326/2326/2326
f 2300/2300/2300 2325/2325/2325 2326/2326/2326
f 2302/2302/2302 2301/2301/2301 2327/2327/2327
f 2301/2301/2301 2326/2326/2326 2327/2327/2327
f 2303/2303/2303 2302/2302/2302 2328/2328/2328
f 2302/2302/2302 2327/2327/2327 2328/2328/2328
f 2304/2304/2304 2303/2303/2303 2329/2329/2329
f 2303/2303/2303 2328/2328/2328 2329/2329/2329
f 2305/2305/2305 2304/2304/2304 2330/2330/2330
f 2304/2304/2304 2329/2329/2329 2330/2330/2330
f 2306/2306/2306 2305/2305/2305 2331/2331/2331
f 2305/2305/2305 2330/2330/2330 2331/2331/2331
f 2307/2307/2307 2306/2306/2306 2332/2332/2332
f 2306/2306/2306 2331/2331/2331 2332/2332/2332
f 2308/2308/2308 2307/2307/2307 2333/2333/2333
f 2307/2307/2307 2332/2332/2332 2333/2333/2333
f 2309/2309/2309 2308/2308/2308 2334/2334/2334
f 2308/2308/2308 2333/2333/2333 2334/2334/2334
f 2310/2310/2310 2309/2309/2309 2335/2335/2335
f 2309/2309/2309 2334/2334/2334 2335/2335/2335
f 2311/2311/2311 2310/2310/2310 2336/2336/2336
f 2310/2310/2310 2335/2335/2335 2336/2336/2336
f 2312/2312/2312 2311/2311/2311 2337/2337/2337
f 2311/2311/2311 2336/2336/2336 2337/2337/2337
f 2313/2313/2313 2312/2312/2312 2338/2338/2338
f 2312/2312/2312 2337/2337/2337 2338/2338/2338
f 2314/2314/2314 2313/2313/2313 2339/2339/2339
f 2313/2313/2313 2338/2338/2338 2339/2339/2339
f 2315/2315/2315 2314/2314/2314 2340/2340/2340
f 2314/2314/2314 2339/2339/2339 2340/2340/2340
f 2316/2316/2316 2315/2315/2315 2341/2341/2341
f 2315/2315/2315 2340/2340/2340 2341/2341/2341
f 2317/2317/2317 2316/2316/2316 2342/2342/2342
f 2316/2316/2316 2341/2341/2341 2342/2342/2342
f 2318/2318/2318 2317/2317/2317 2343/2343/2343
f 2317/2317/2317 2342/2342/2342 2343/2343/2343
f 2319/2319/2319 2318/2318/2318 2344/2344/2344
f 2318/2318/2318 2343/2343/2343 2344/2344/2344
f 2320/2320/2320 2319/2319/2319 2345/2345/2345
f 2319/2319/2319 2344/2344/2344 2345/2345/2345
f 2322/2322/2322 2321/2321/2321 2347/2347/2347
f 2321/2321/2321 2346/2346/2346 2347/2347/2347
f 2323/2323/2323 2322/2322/2322 2348/2348/2348
f 2322/2322/2322 2347/2347/2347 2348/2348/2348
f 2324/2324/2324 2323/2323/2323 2349/2349/2349
f 2323/2323/2323 2348/2348/2348 2349/2349/2349
f 2325/2325/2325 2324/2324/2324 2350/2350/2350
f 2324/2324/2324 2349/2349/2349 2350/2350/2350
f 2326/2326/2326 2325/2325/2325 2351/2351/2351
f 2325/2325/2325 2350/2350/2350 2351/2351/2351
f 2327/2327/2327 2326/2326/2326 2352/2352/2352
f 2326/2326/2326 2351/2351/2351 2352/2352/2352
f 2328/2328/2328 2327/2327/2327 2353/2353/2353
f 2327/2327/2327 2352/2352/2352 2353/2353/2353
f 2329/2329/2329 2328/2328/2328 2354/2354/2354
f 2328/2328/2328 2353/2353/2353 2354/2354/2354
f 2330/2330/2330 2329/2329/2329 2355/2355/2355
f 2329/2329/2329 2354/2354/2354 2355/2355/2355
f 2331/2331/2331 2330/2330/2330 2356/2356/2356
f 2330/2330/2330 2355/2355/2355 2356/2356/2356
f 2332/2332/2332 2331/2331/2331 2357/2357/2357
f 2331/2331/2331 2356/2356/2356 2357/2357/2357
f 2333/2333/2333 2332/2332/2332 2358/2358/2358
f 2332/2332/2332 2357/2357/2357 2358/2358/2358
f 2334/2334/2334 2333/2333/2333 2359/2359/2359
f 2333/2333/2333 2358/2358/2358 2359/2359/2359
f 2335/2335/2335 2334/2334/2334 2360/2360/2360
f 2334/2334/2334 2359/2359/2359 2360/2360/2360
f 2336/2336/2336 2335/2335/2335 2361/2361/2361
f 2335/2335/2335 2360/2360/2360 2361/2361/2361
f 2337/2337/2337 2336/2336/2336 2362/2362/2362
f 2336/2336/2336 2361/2361/2361 2362/2362/2362
f 2338/2338/2338 2337/2337/2337 2363/2363/2363
f 2337/2337/2337 2362/2362/2362 2363/2363/2363
f 2339/2339/2339 2338/2338/2338 2364/2364/2364
f 2338/2338/2338 2363/2363/2363 2364/2364/2364
f 2340/2340/2340 2339/2339/2339 2365/2365/2365
f 2339/2339/2339 2364/2364/2364 2365/2365/2365
f 2341/2341/2341 2340/2340/2340 2366/2366/2366
f 2340/2340/2340 2365/2365/2365 2366/2366/2366
f 2342/2342/2342 2341/2341/2341 2367/2367/2367
f 2341/2341/2341 2366/2366/2366 2367/2367/2367
f 2343/2343/2343 2342/2342/2342 2368/2368/2368
f 2342/2342/2342 2367/2367/2367 2368/2368/2368
f 2344/2344/2344 2343/2343/2343 2369/2369/2369
f 2343/2343/2343 2368/2368/2368 2369/2369/2369
f 2345/2345/2345 2344/2344/2344 2370/2370/2370
f 2344/2344/2344 2369/2369/2369 2370/2370/2370
f 2347/2347/2347 2346/2346/2346 2372/2372/2372
f 2346/2346/2346 2371/2371/2371 2372/2372/2372
f 2348/2348/2348 2347/2347/2347 2373/2373/2373
f 2347/2347/2347 2372/2372/2372 2373/2373/2373
f 2349/2349/2349 2348/2348/2348 2374/2374/2374
f 2348/2348/2348 2373/2373/2373 2374/2374/2374
f 2350/2350/2350 2349/2349/2349 2375/2375/2375
f 2349/2349/2349 2374/2374/2374 2375/2375/2375
f 2351/2351/2351 2350/2350/2350 2376/2376/2376
f 2350/2350/2350 2375/2375/2375 2376/2376/2376
f 2352/2352/2352 2351/2351/2351 2377/2377/2377
f 2351/2351/2351 2376/2376/2376 2377/2377/2377
f 2353/2353/2353 2352/2352/2352 2378/2378/2378
f 2352/2352/2352 2377/2377/2377 2378/2378/2378
f 2354/2354/2354 2353/2353/2353 2379/2379/2379
f 2353/2353/2353 2378/2378/2378 2379/2379/2379
f 2355/2355/2355 2354/2354/2354 2380/2380/2380
f 2354/2354/2354 2379/2379/2379 2380/2380/2380
f 2356/2356/2356 2355/2355/2355 2381/2381/2381
f 2355/2355/2355 2380/2380/2380 2381/2381/2381
f 2357/2357/2357 2356/2356/2356 2382/2382/2382
f 2356/2356/2356 2381/2381/2381 2382/2382/2382
f 2358/2358/2358 2357/2357/2357 2383/2383/2383
f 2357/2357/2357 2382/2382/2382 2383/2383/2383
f 2359/2359/2359 2358/2358/2358 2384/2384/2384
f 2358/2358/2358 2383/2383/2383 2384/2384/2384
f 2360/2360/2360 2359/2359/2359 2385/2385/2385
f 2359/2359/2359 2384/2384/2384 2385/2385/2385
f 2361/2361/2361 2360/2360/2360 2386/2386/2386
f 2360/2360/2360 2385/2385/2385 2386/2386/2386
f 2362/2362/2362 2361/2361/2361 2387/2387/2387
f 2361/2361/2361 2386/2386/2386 2387/2387/2387
f 2363/2363/2363 2362/2362/2362 2388/2388/2388
f 2362/2362/2362 2387/2387/2387 2388/2388/2388
f 2364/2364/2364 2363/2363/2363 2389/2389/2389
f 2363/2363/2363 2388/2388/2388 2389/2389/2389
f 2365/2365/2365 2364/2364/2364 2390/2390/2390
f 2364/2364/2364 2389/2389/2389 2390/2390/2390
f 2366/2366/2366 2365/2365/2365 2391/2391/2391
f 2365/2365/2365 2390/2390/2390 2391/2391/2391
f 2367/2367/2367 2366/2366/2366 2392/2392/2392
f 2366/2366/2366 2391/2391/2391 2392/2392/2392
f 2368/2368/2368 2367/2367/2367 2393/2393/2393
f 2367/2367/2367 2392/2392/2392 2393/2393/2393
f 2369/2369/2369 2368/2368/2368 2394/2394/2394
f 2368/2368/2368 2393/2393/2393 2394/2394/2394
f 2370/2370/2370 2369/2369/2369 2395/2395/2395
f 2369/2369/2369 2394/2394/2394 2395/2395/2395
f 2372/2372/2372 2371/2371/2371 2397/2397/2397
f 2371/2371/2371 2396/2396/2396 2397/2397/2397
f 2373/2373/2373 2372/2372/2372 2398/2398/2398
f 2372/2372/2372 2397/2397/2397 2398/2398/2398
f 2374/2374/2374 2373/2373/2373 2399/2399/2399
f 2373/2373/2373 2398/2398/2398 2399/2399/2399
f 2375/2375/2375 2374/2374/2374 2400/2400/2400
f 2374/2374/2374 2399/2399/2399 2400/2400/2400
f 2376/2376/2376 2375/2375/2375 2401/2401/2401
f 2375/2375/2375 2400/2400/2400 2401/2401/2401
f 2377/2377/2377 2376/2376/2376 2402/2402/2402
f 2376/2376/2376 2401/2401/2401 2402/2402/2402
f 2378/2378/2378 2377/2377/2377 2403/2403/2403
f 2377/2377/2377 2402/2402/2402 2403/2403/2403
f 2379/2379/2379 2378/2378/2378 2404/2404/2404
f 2378/2378/2378 2403/2403/2403 2404/2404/2404
f 2380/2380/2380 2379/2379/2379 2405/2405/2405
f 2379/2379/2379 2404/2404/2404 2405/2405/2405
f 2381/2381/2381 2380/2380/2380 2406/2406/2406
f 2380/2380/2380 2405/2405/2405 2406/2406/2406
f 2382/2382/2382 2381/2381/2381 2407/2407/2407
f 2381/2381/2381 2406/2406/2406 2407/2407/2407
f 2383/2383/2383 2382/2382/2382 2408/2408/2408
f 2382/2382/2382 2407/2407/2407 2408/2408/2408
f 2384/2384/2384 2383/2383/2383 2409/2409/2409
f 2383/2383/2383 2408/2408/2408 2409/2409/2409
f 2385/2385/2385 2384/2384/2384 2410/2410/2410
f 2384/2384/2384 2409/2409/2409 2410/2410/2410
f 2386/2386/2386 2385/2385/2385 2411/2411/2411
f 2385/2385/2385 2410/2410/2410 2411/2411/2411
f 2387/2387/2387 2386/2386/2386 2412/2412/2412
f 2386/2386/2386 2411/2411/2411 2412/2412/2412
f 2388/2388/2388 2387/2387/2387 2413/2413/2413
f 2387/2387/2387 2412/2412/2412 2413/2413/2413
f 2389/2389/2389 2388/2388/2388 2414/2414/2414
f 2388/2388/2388 2413/2413/2413 2414/2414/2414
f 2390/2390/2390 2389/2389/2389 2415/2415/2415
f 2389/2389/2389 2414/2414/2414 2415/2415/2415
f 2391/2391/2391 2390/2390/2390 2416/2416/2416
f 2390/2390/2390 2415/2415/2415 2416/2416/2416
f 2392/2392/2392 2391/2391/2391 2417/2417/2417
f 2391/2391/2391 2416/2416/2416 2417/2417/2417
f 2393/2393/2393 2392/2392/2392 2418/2418/2418
f 2392/2392/2392 2417/2417/2417 2418/2418/2418
f 2394/2394/2394 2393/2393/2393 2419/2419/2419
f 2393/2393/2393 2418/2418/2418 2419/2419/2419
f 2395/2395/2395 2394/2394/2394 2420/2420/2420
f 2394/2394/2394 2419/2419/2419 2420/2420/2420
f 2397/2397/2397 2396/2396/2396 2422/2422/2422
f 2396/2396/2396 2421/2421/2421 2422/2422/2422
f 2398/2398/2398 2397/2397/2397 2423/2423/2423
f 2397/2397/2397 2422/2422/2422 2423/2423/2423
f 2399/2399/2399 2398/2398/2398 2424/2424/2424
f 2398/2398/2398 2423/2423/2423 2424/2424/2424
f 2400/2400/2400 2399/2399/2399 2425/2425/2425
f 2399/2399/2399 2424/2424/2424 2425/2425/2425
f 2401/2401/2401 2400/2400/2400 2426/2426/2426
f 2400/2400/2400 2425/2425/2425 2426/2426/2426
f 2402/2402/2402 2401/2401/2401 2427/2427/2427
f 2401/2401/2401 2426/2426/2426 2427/2427/2427
f 2403/2403/2403 2402/2402/2402 2428/2428/2428
f 2402/2402/2402 2427/2427/2427 2428/2428/2428
f 2404/2404/2404 2403/2403/2403 2429/2429/2429
f 2403/2403/2403 2428/2428/2428 2429/2429/2429
f 2405/2405/2405 2404/2404/2404 2430/2430/2430
f 2404/2404/2404 2429/2429/2429 2430/2430/2430
f 2406/2406/2406 2405/2405/2405 2431/2431/2431
f 2405/2405/2405 2430/2430/2430 2431/2431/2431
f 2407/2407/2407 2406/2406/2406 2432/2432/2432
f 2406/2406/2406 2431/2431/2431 2432/2432/2432
f 2408/2408/2408 2407/2407/2407 2433/2433/2433
f 2407/2407/2407 2432/2432/2432 2433/2433/2433
f 2409/2409/2409 2408/2408/2408 2434/2434/2434
f 2408/2408/2408 2433/2433/2433 2434/2434/2434
f 2410/2410/2410 2409/2409/2409 2435/2435/2435
f 2409/2409/2409 2434/2434/2434 2435/2435/2435
f 2411/2411/2411 2410/2410/2410 2436/2436/2436
f 2410/2410/2410 2435/2435/2435 2436/2436/2436
f 2412/2412/2412 2411/2411/2411 2437/2437/2437
f 2411/2411/2411 2436/2436/2436 2437/2437/2437
f 2413/2413/2413 2412/2412/2412 2438/2438/2438
f 2412/2412/2412 2437/2437/2437 2438/2438/2438
f 2414/2414/2414 2413/2413/2413 2439/2439/2439
f 2413/2413/2413 2438/2438/2438 2439/2439/2439
f 2415/2415/2415 2414/2414/2414 2440/2440/2440
f 2414/2414/2414 2439/2439/2439 2440/2440/2440
f 2416/2416/2416 2415/2415/2415 2441/2441/2441
f 2415/2415/2415 2440/2440/2440 2441/2441/2441
f 2417/2417/2417 2416/2416/2416 2442/2442/2442
f 2416/2416/2416 2441/2441/2441 2442/2442/2442
f 2418/2418/2418 2417/2417/2417 2443/2443/2443
f 2417/2417/2417 2442/2442/2442 2443/2443/2443
f 2419/2419/2419 2418/2418/2418 2444/2444/2444
f 2418/2418/2418 2443/2443/2443 2444/2444/2444
f 2420/2420/2420 2419/2419/2419 2445/2445/2445
f 2419/2419/2419 2444/2444/2444 2445/2445/2445
f 2422/2422/2422 2421/2421/2421 2447/2447/2447
f 2421/2421/2421 2446/2446/2446 2447/2447/2447
f 2423/2423/2423 2422/2422/2422 2448/2448/2448
f 2422/2422/2422 2447/2447/2447 2448/2448/2448
f 2424/2424/2424 2423/2423/2423 2449/2449/2449
f 2423/2423/2423 2448/2448/2448 2449/2449/2449
f 2425/2425/2425 2424/2424/2424 2450/2450/2450
f 2424/2424/2424 2449/2449/2449 2450/2450/2450
f 2426/2426/2426 2425/2425/2425 2451/2451/2451
f 2425/2425/2425 2450/2450/2450 2451/2451/2451
f 2427/2427/2427 2426/2426/2426 2452/2452/2452
f 2426/2426/2426 2451/2451/2451 2452/2452/2452
f 2428/2428/2428 2427/2427/2427 2453/2453/2453
f 2427/2427/2427 2452/2452/2452 2453/2453/2453
f 2429/2429/2429 2428/2428/2428 2454/2454/2454
f 2428/2428/2428 2453/2453/2453 2454/2454/2454
f 2430/2430/2430 2429/2429/2429 2455/2455/2455
f 2429/2429/2429 2454/2454/2454 2455/2455/2455
f 2431/2431/2431 2430/2430/2430 2456/2456/2456
f 2430/2430/2430 2455/2455/2455 2456/2456/2456
f 2432/2432/2432 2431/2431/2431 2457/2457/2457
f 2431/2431/2431 2456/2456/2456 2457/2457/2457
f 2433/2433/2433 2432/2432/2432 2458/2458/2458
f 2432/2432/2432 2457/2457/2457 2458/2458/2458
f 2434/2434/2434 2433/2433/2433 2459/2459/2459
f 2433/2433/2433 2458/2458/2458 2459/2459/2459
f 2435/2435/2435 2434/2434/2434 2460/2460/2460
f 2434/2434/2434 2459/2459/2459 2460/2460/2460
f 2436/2436/2436 2435/2435/2435 2461/2461/2461
f 2435/2435/2435 2460/2460/2460 2461/2461/2461
f 2437/2437/2437 2436/2436/2436 2462/2462/2462
f 2436/2436/2436 2461/2461/2461 2462/2462/2462
f 2438/2438/2438 2437/2437/2437 2463/2463/2463
f 2437/2437/2437 2462/2462/2462 2463/2463/2463
f 2439/2439/2439 2438/2438/2438 2464/2464/2464
f 2438/2438/2438 2463/2463/2463 2464/2464/2464
f 2440/2440/2440 2439/2439/2439 2465/2465/2465
f 2439/2439/2439 2464/2464/2464 2465/2465/2465
f 2441/2441/2441 2440/2440/2440 2466/2466/2466
f 2440/2440/2440 2465/2465/2465 2466/2466/2466
f 2442/2442/2442 2441/2441/2441 2467/2467/2467
f 2441/2441/2441 2466/2466/2466 2467/2467/2467
f 2443/2443/2443 2442/2442/2442 2468/2468/2468
f 2442/2442/2442 2467/2467/2467 2468/2468/2468
f 2444/2444/2444 2443/2443/2443 2469/2469/2469
f 2443/2443/2443 2468/2468/2468 2469/2469/2469
f 2445/2445/2445 2444/2444/2444 2470/2470/2470
f 2444/2444/2444 2469/2469/2469 2470/2470/2470
f 2447/2447/2447 2446/2446/2446 2472/2472/2472
f 2446/2446/2446 2471/2471/2471 2472/2472/2472
f 2448/2448/2448 2447/2447/2447 2473/2473/2473
f 2447/2447/2447 2472/2472/2472 2473/2473/2473
f 2449/2449/2449 2448/2448/2448 2474/2474/2474
f 2448/2448/2448 2473/2473/2473 2474/2474/2474
f 2450/2450/2450 2449/2449/2449 2475/2475/2475
f 2449/2449/2449 2474/2474/2474 2475/2475/2475
f 2451/2451/2451 2450/2450/2450 2476/2476/2476
f 2450/2450/2450 2475/2475/2475 2476/2476/2476
f 2452/2452/2452 2451/2451/2451 2477/2477/2477
f 2451/2451/2451 2476/2476/2476 2477/2477/2477
f 2453/2453/2453 2452/2452/2452 2478/2478/2478
f 2452/2452/2452 2477/2477/2477 2478/2478/2478
f 2454/2454/2454 2453/2453/2453 2479/2479/2479
f 2453/2453/2453 2478/2478/2478 2479/2479/2479
f 2455/2455/2455 2454/2454/2454 2480/2480/2480
f 2454/2454/2454 2479/2479/2479 2480/2480/2480
f 2456/2456/2456 2455/2455/2455 2481/2481/2481
f 2455/2455/2455 2480/2480/2480 2481/2481/2481
f 2457/2457/2457 2456/2456/2456 2482/2482/2482
f 2456/2456/2456 2481/2481/2481 2482/2482/2482
f 2458/2458/2458 2457/2457/2457 2483/2483/2483
f 2457/2457/2457 2482/2482/2482 2483/2483/2483
f 2459/2459/2459 2458/2458/2458 2484/2484/2484
f 2458/2458/2458 2483/2483/2483 2484/2484/2484
f 2460/2460/2460 2459/2459/2459 2485/2485/2485
f 2459/2459/2459 2484/2484/2484 2485/2485/2485
f 2461/2461/2461 2460/2460/2460 2486/2486/2486
f 2460/2460/2460 2485/2485/2485 2486/2486/2486
f 2462/2462/2462 2461/2461/2461 2487/2487/2487
f 2461/2461/2461 2486/2486/2486 2487/2487/2487
f 2463/2463/2463 2462/2462/2462 2488/2488/2488
f 2462/2462/2462 2487/2487/2487 2488/2488/2488
f 2464/2464/2464 2463/2463/2463 2489/2489/2489
f 2463/2463/2463 2488/2488/2488 2489/2489/2489
f 2465/2465/2465 2464/2464/2464 2490/2490/2490
f 2464/2464/2464 2489/2489/2489 2490/2490/2490
f 2466/2466/2466 2465/2465/2465 2491/2491/2491
f 2465/2465/2465 2490/2490/2490 2491/2491/2491
f 2467/2467/2467 2466/2466/2466 2492/2492/2492
f 2466/2466/2466 2491/2491/2491 2492/2492/2492
f 2468/2468/2468 2467/2467/2467 2493/2493/2493
f 2467/2467/2467 2492/2492/2492 2493/2493/2493
f 2469/2469/2469 2468/2468/2468 2494/2494/2494
f 2468/2468/2468 2493/2493/2493 2494/2494/2494
f 2470/2470/2470 2469/2469/2469 2495/2495/2495
f 2469/2469/2469 2494/2494/2494 2495/2495/2495
f 2472/2472/2472 2471/2471/2471 2497/2497/2497
f 2473/2473/2473 2472/2472/2472 2498/2498/2498
f 2474/2474/2474 2473/2473/2473 2499/2499/2499
f 2475/2475/2475 2474/2474/2474 2500/2500/2500
f 2476/2476/2476 2475/2475/2475 2501/2501/2501
f 2477/2477/2477 2476/2476/2476 2502/2502/2502
f 2478/2478/2478 2477/2477/2477 2503/2503/2503
f 2479/2479/2479 2478/2478/2478 2504/2504/2504
f 2480/2480/2480 2479/2479/2479 2505/2505/2505
f 2481/2481/2481 2480/2480/2480 2506/2506/2506
f 2482/2482/2482 2481/2481/2481 2507/2507/2507
f 2483/2483/2483 2482/2482/2482 2508/2508/2508
f 2484/2484/2484 2483/2483/2483 2509/2509/2509
f 2485/2485/2485 2484/2484/2484 2510/2510/2510
f 2486/2486/2486 2485/2485/2485 2511/2511/2511
f 2487/2487/2487 2486/2486/2486 2512/2512/2512
f 2488/2488/2488 2487/2487/2487 2513/2513/2513
f 2489/2489/2489 2488/2488/2488 2514/2514/2514
f 2490/2490/2490 2489/2489/2489 2515/2515/2515
f 2491/2491/2491 2490/2490/2490 2516/2516/2516
f 2492/2492/2492 2491/2491/2491 2517/2517/2517
f 2493/2493/2493 2492/2492/2492 2518/2518/2518
f 2494/2494/2494 2493/2493/2493 2519/2519/2519
f 2495/2495/2495 2494/2494/2494 2520/2520/2520
o upper_arm_r
usemtl gunmetal
v 0.186237498683697 0.4292975002914428 0.026000000536441803
v 0.19606018199856404 0.4308826796277688 0.02402086742222309
v 0.20438745214623968 0.4322265299935971 0.018384777009487152
v 0.2099515543732644 0.43312446181047 0.009949768893420696
v 0.21190540858105328 0.43343977374887815 1.5920408173708508e-18
v 0.2099515543732644 0.43312446181047 -0.009949768893420696
v 0.20438745214623968 0.4322265299935971 -0.018384777009487152
v 0.19606018199856404 0.4308826796277688 -0.02402086742222309
v 0.18623749868369702 0.4292975002914428 -0.026000000536441803
v 0.17641481536882997 0.42771232095511685 -0.02402086742222309
v 0.16808754522115432 0.4263684705892885 -0.018384777009487152
v 0.1625234429941296 0.4254705387724157 -0.009949768893420696
v 0.1605695887863407 0.42515522683400747 -4.776122658907706e-18
v 0.1625234429941296 0.4254705387724157 0.009949768893420696
v 0.16808754522115432 0.4263684705892885 0.018384777009487152
v 0.17641481536882997 0.42771232095511685 0.02402086742222309
v 0.186237498683697 0.4292975002914428 0.026000000536441803
v 0.20376250131630302 0.3207024997085572 0.023000000044703484
v 0.2124517986252779 0.32210477382244745 0.021249229088425636
v 0.21981822796481837 0.32329356421680655 0.016263455152511597
v 0.2247403200230958 0.3240878887788604 0.008801719173789024
v 0.22646872887807493 0.3243668184678069 1.4083438556575247e-18
v 0.2247403200230958 0.3240878887788604 -0.008801719173789024
v 0.21981822796481837 0.32329356421680655 -0.016263455152511597
v 0.2124517986252779 0.32210477382244745 -0.021249229088425636
v 0.20376250131630302 0.3207024997085572 -0.023000000044703484
v 0.1950732040073281 0.31930022559466686 -0.021249229088425636
v 0.18770677466778765 0.3181114352003078 -0.016263455152511597
v 0.18278468260951022 0.31731711063825396 -0.008801719173789024
v 0.1810562737545311 0.3170381809493074 -4.225031360177421e-18
v 0.18278468260951022 0.31731711063825396 0.008801719173789024
v 0.18770677466778765 0.3181114352003078 0.016263455152511597
v 0.1950732040073281 0.31930022559466686 0.021249229088425636
v 0.203762501316303 0.3207024997085572 0.023000000044703484
v 0.186237498683697 0.4292975002914428 0
v 0.186237498683697 0.4292975002914428 0
v 0.186237498683697 0.4292975002914428 0
v 0.186237498683697 0.4292975002914428 0
v 0.186237498683697 0.4292975002914428 0
v 0.186237498683697 0.4292975002914428 0
v 0.186237498683697 0.4292975002914428 0
v 0.186237498683697 0.4292975002914428 0
v 0.186237498683697 0.4292975002914428 0
v 0.186237498683697 0.4292975002914428 0
v 0.186237498683697 0.4292975002914428 0
v 0.186237498683697 0.4292975002914428 0
v 0.186237498683697 0.4292975002914428 0
v 0.186237498683697 0.4292975002914428 0
v 0.186237498683697 0.4292975002914428 0
v 0.186237498683697 0.4292975002914428 0
v 0.186237498683697 0.4292975002914428 0.026000000536441803
v 0.19606018199856404 0.4308826796277688 0.02402086742222309
v 0.20438745214623968 0.4322265299935971 0.018384777009487152
v 0.2099515543732644 0.43312446181047 0.009949768893420696
v 0.21190540858105328 0.43343977374887815 1.5920408173708508e-18
v 0.2099515543732644 0.43312446181047 -0.009949768893420696
v 0.20438745214623968 0.4322265299935971 -0.018384777009487152
v 0.19606018199856404 0.4308826796277688 -0.02402086742222309
v 0.18623749868369702 0.4292975002914428 -0.026000000536441803
v 0.17641481536882997 0.42771232095511685 -0.02402086742222309
v 0.16808754522115432 0.4263684705892885 -0.018384777009487152
v 0.1625234429941296 0.4254705387724157 -0.009949768893420696
v 0.1605695887863407 0.42515522683400747 -4.776122658907706e-18
v 0.1625234429941296 0.4254705387724157 0.009949768893420696
v 0.16808754522115432 0.4263684705892885 0.018384777009487152
v 0.17641481536882997 0.42771232095511685 0.02402086742222309
v 0.186237498683697 0.4292975002914428 0.026000000536441803
v 0.20376250131630302 0.3207024997085572 0
v 0.20376250131630302 0.3207024997085572 0
v 0.20376250131630302 0.3207024997085572 0
v 0.20376250131630302 0.3207024997085572 0
v 0.20376250131630302 0.3207024997085572 0
v 0.20376250131630302 0.3207024997085572 0
v 0.20376250131630302 0.3207024997085572 0
v 0.20376250131630302 0.3207024997085572 0
v 0.20376250131630302 0.3207024997085572 0
v 0.20376250131630302 0.3207024997085572 0
v 0.20376250131630302 0.3207024997085572 0
v 0.20376250131630302 0.3207024997085572 0
v 0.20376250131630302 0.3207024997085572 0
v 0.20376250131630302 0.3207024997085572 0
v 0.20376250131630302 0.3207024997085572 0
v 0.20376250131630302 0.3207024997085572 0
v 0.20376250131630302 0.3207024997085572 0.023000000044703484
v 0.2124517986252779 0.32210477382244745 0.021249229088425636
v 0.21981822796481837 0.32329356421680655 0.016263455152511597
v 0.2247403200230958 0.3240878887788604 0.008801719173789024
v 0.22646872887807493 0.3243668184678069 1.4083438556575247e-18
v 0.2247403200230958 0.3240878887788604 -0.008801719173789024
v 0.21981822796481837 0.32329356421680655 -0.016263455152511597
v 0.2124517986252779 0.32210477382244745 -0.021249229088425636
v 0.20376250131630302 0.3207024997085572 -0.023000000044703484
v 0.1950732040073281 0.31930022559466686 -0.021249229088425636
v 0.18770677466778765 0.3181114352003078 -0.016263455152511597
v 0.18278468260951022 0.31731711063825396 -0.008801719173789024
v 0.1810562737545311 0.3170381809493074 -4.225031360177421e-18
v 0.18278468260951022 0.31731711063825396 0.008801719173789024
v 0.18770677466778765 0.3181114352003078 0.016263455152511597
v 0.1950732040073281 0.31930022559466686 0.021249229088425636
v 0.203762501316303 0.3207024997085572 0.023000000044703484
vt 0 1
vt 0.0625 1
vt 0.125 1
vt 0.1875 1
vt 0.25 1
vt 0.3125 1
vt 0.375 1
vt 0.4375 1
vt 0.5 1
vt 0.5625 1
vt 0.625 1
vt 0.6875 1
vt 0.75 1
vt 0.8125 1
vt 0.875 1
vt 0.9375 1
vt 1 1
vt 0 0
vt 0.0625 0
vt 0.125 0
vt 0.1875 0
vt 0.25 0
vt 0.3125 0
vt 0.375 0
vt 0.4375 0
vt 0.5 0
vt 0.5625 0
vt 0.625 0
vt 0.6875 0
vt 0.75 0
vt 0.8125 0
vt 0.875 0
vt 0.9375 0
vt 1 0
vt 0.5 0.5
vt 0.5 0.5
vt 0.5 0.5
vt 0.5 0.5
vt 0.5 0.5
vt 0.5 0.5
vt 0.5 0.5
vt 0.5 0.5
vt 0.5 0.5
vt 0.5 0.5
vt 0.5 0.5
vt 0.5 0.5
vt 0.5 0.5
vt 0.5 0.5
vt 0.5 0.5
vt 0.5 0.5
vt 1 0.5
vt 0.9619397521018982 0.6913416981697083
vt 0.8535534143447876 0.8535534143447876
vt 0.6913416981697083 0.9619397521018982
vt 0.5 1
vt 0.30865827202796936 0.9619397521018982
vt 0.1464466154575348 0.8535534143447876
vt 0.03806023299694061 0.6913416981697083
vt 0 0.5
vt 0.03806023299694061 0.30865827202796936
vt 0.1464466154575348 0.1464466154575348
vt 0.30865827202796936 0.03806023299694061
vt 0.5 0
vt 0.6913416981697083 0.03806023299694061
vt 0.8535534143447876 0.1464466154575348
vt 0.9619397521018982 0.30865827202796936
vt 1 0.5
vt 0.5 0.5
vt 0.5 0.5
vt 0.5 0.5
vt 0.5 0.5
vt 0.5 0.5
vt 0.5 0.5
vt 0.5 0.5
vt 0.5 0.5
vt 0.5 0.5
vt 0.5 0.5
vt 0.5 0.5
vt 0.5 0.5
vt 0.5 0.5
vt 0.5 0.5
vt 0.5 0.5
vt 0.5 0.5
vt 1 0.5
vt 0.9619397521018982 0.30865827202796936
vt 0.8535534143447876 0.1464466154575348
vt 0.6913416981697083 0.03806023299694061
vt 0.5 0
vt 0.30865827202796936 0.03806023299694061
vt 0.1464466154575348 0.1464466154575348
vt 0.03806023299694061 0.30865827202796936
vt 0 0.5
vt 0.03806023299694061 0.6913416981697083
vt 0.1464466154575348 0.8535534143447876
vt 0.30865827202796936 0.9619397521018982
vt 0.5 1
vt 0.6913416981697083 0.9619397521018982
vt 0.8535534143447876 0.8535534143447876
vt 0.9619397521018982 0.6913416981697083
vt 1 0.5
vn 0.004343427082577434 -0.026914373506948724 0.9996283064919215
vn 0.38199852212317204 0.03403140170813965 0.9235361350772863
vn 0.7021590636431015 0.08569873834643506 0.7068439542004105
vn 0.916083496871792 0.1202217469198507 0.38254118513787305
vn 0.9912037644859758 0.13234461556418006 6.120957868350764e-17
vn 0.916083496871792 0.1202217469198507 -0.38254118513787305
vn 0.7021590636431015 0.08569873834643506 -0.7068439542004105
vn 0.38199852212317204 0.03403140170813965 -0.9235361350772863
vn 0.004343427082577555 -0.026914373506948704 -0.9996283064919215
vn -0.37331166784273867 -0.08786014943636877 -0.9235361350772863
vn -0.6934722097084134 -0.1395274839322282 -0.7068439542004105
vn -0.9073966425913588 -0.1740504946480798 -0.38254118513787305
vn -0.9825169103208209 -0.1861733625780775 -1.8362873605052293e-16
vn -0.9073966425913588 -0.1740504946480798 0.38254118513787305
vn -0.6934722097084134 -0.1395274839322282 0.7068439542004105
vn -0.37331166784273867 -0.08786014943636877 0.9235361350772863
vn 0.004343427082577192 -0.026914373506948763 0.9996283064919215
vn 0.004343427082577434 -0.026914373506948724 0.9996283064919215
vn 0.38199852212317204 0.03403140170813965 0.9235361350772863
vn 0.7021590636431015 0.08569873834643506 0.7068439542004105
vn 0.916083496871792 0.1202217469198507 0.38254118513787305
vn 0.9912037644859758 0.13234461556418006 6.120957868350764e-17
vn 0.916083496871792 0.1202217469198507 -0.38254118513787305
vn 0.7021590636431015 0.08569873834643506 -0.7068439542004105
vn 0.38199852212317204 0.03403140170813965 -0.9235361350772863
vn 0.004343427082577555 -0.026914373506948704 -0.9996283064919215
vn -0.37331166784273867 -0.08786014943636877 -0.9235361350772863
vn -0.6934722097084134 -0.1395274839322282 -0.7068439542004105
vn -0.9073966425913588 -0.1740504946480798 -0.38254118513787305
vn -0.9825169103208209 -0.1861733625780775 -1.8362873605052293e-16
vn -0.9073966425913588 -0.1740504946480798 0.38254118513787305
vn -0.6934722097084134 -0.1395274839322282 0.7068439542004105
vn -0.37331166784273867 -0.08786014943636877 0.9235361350772863
vn 0.004343427082577192 -0.026914373506948763 0.9996283064919215
vn -0.15931820661424598 0.9872272833756269 0
vn -0.15931820661424598 0.9872272833756269 0
vn -0.15931820661424598 0.9872272833756269 0
vn -0.15931820661424598 0.9872272833756269 0
vn -0.15931820661424598 0.9872272833756269 0
vn -0.15931820661424598 0.9872272833756269 0
vn -0.15931820661424598 0.9872272833756269 0
vn -0.15931820661424598 0.9872272833756269 0
vn -0.15931820661424598 0.9872272833756269 0
vn -0.15931820661424598 0.9872272833756269 0
vn -0.15931820661424598 0.9872272833756269 0
vn -0.15931820661424598 0.9872272833756269 0
vn -0.15931820661424598 0.9872272833756269 0
vn -0.15931820661424598 0.9872272833756269 0
vn -0.15931820661424598 0.9872272833756269 0
vn -0.15931820661424598 0.9872272833756269 0
vn -0.15931820661424598 0.9872272833756269 0
vn -0.15931820661424598 0.9872272833756269 0
vn -0.15931820661424598 0.9872272833756269 0
vn -0.15931820661424598 0.9872272833756269 0
vn -0.15931820661424598 0.9872272833756269 0
vn -0.15931820661424598 0.9872272833756269 0
vn -0.15931820661424598 0.9872272833756269 0
vn -0.15931820661424598 0.9872272833756269 0
vn -0.15931820661424598 0.9872272833756269 0
vn -0.15931820661424598 0.9872272833756269 0
vn -0.15931820661424598 0.9872272833756269 0
vn -0.15931820661424598 0.9872272833756269 0
vn -0.15931820661424598 0.9872272833756269 0
vn -0.15931820661424598 0.9872272833756269 0
vn -0.15931820661424598 0.9872272833756269 0
vn -0.15931820661424598 0.9872272833756269 0
vn -0.15931820661424598 0.9872272833756269 0
vn 0.15931820661424598 -0.9872272833756269 0
vn 0.15931820661424598 -0.9872272833756269 0
vn 0.15931820661424598 -0.9872272833756269 0
vn 0.15931820661424598 -0.9872272833756269 0
vn 0.15931820661424598 -0.9872272833756269 0
vn 0.15931820661424598 -0.9872272833756269 0
vn 0.15931820661424598 -0.9872272833756269 0
vn 0.15931820661424598 -0.9872272833756269 0
vn 0.15931820661424598 -0.9872272833756269 0
vn 0.15931820661424598 -0.9872272833756269 0
vn 0.15931820661424598 -0.9872272833756269 0
vn 0.15931820661424598 -0.9872272833756269 0
vn 0.15931820661424598 -0.9872272833756269 0
vn 0.15931820661424598 -0.9872272833756269 0
vn 0.15931820661424598 -0.9872272833756269 0
vn 0.15931820661424598 -0.9872272833756269 0
vn 0.15931820661424598 -0.9872272833756269 0
vn 0.15931820661424598 -0.9872272833756269 0
vn 0.15931820661424598 -0.9872272833756269 0
vn 0.15931820661424598 -0.9872272833756269 0
vn 0.15931820661424598 -0.9872272833756269 0
vn 0.15931820661424598 -0.9872272833756269 0
vn 0.15931820661424598 -0.9872272833756269 0
vn 0.15931820661424598 -0.9872272833756269 0
vn 0.15931820661424598 -0.9872272833756269 0
vn 0.15931820661424598 -0.9872272833756269 0
vn 0.15931820661424598 -0.9872272833756269 0
vn 0.15931820661424598 -0.9872272833756269 0
vn 0.15931820661424598 -0.9872272833756269 0
vn 0.15931820661424598 -0.9872272833756269 0
vn 0.15931820661424598 -0.9872272833756269 0
vn 0.15931820661424598 -0.9872272833756269 0
vn 0.15931820661424598 -0.9872272833756269 0
f 2521/2521/2521 2538/2538/2538 2522/2522/2522
f 2538/2538/2538 2539/2539/2539 2522/2522/2522
f 2522/2522/2522 2539/2539/2539 2523/2523/2523
f 2539/2539/2539 2540/2540/2540 2523/2523/2523
f 2523/2523/2523 2540/2540/2540 2524/2524/2524
f 2540/2540/2540 2541/2541/2541 2524/2524/2524
f 2524/2524/2524 2541/2541/2541 2525/2525/2525
f 2541/2541/2541 2542/2542/2542 2525/2525/2525
f 2525/2525/2525 2542/2542/2542 2526/2526/2526
f 2542/2542/2542 2543/2543/2543 2526/2526/2526
f 2526/2526/2526 2543/2543/2543 2527/2527/2527
f 2543/2543/2543 2544/2544/2544 2527/2527/2527
f 2527/2527/2527 2544/2544/2544 2528/2528/2528
f 2544/2544/2544 2545/2545/2545 2528/2528/2528
f 2528/2528/2528 2545/2545/2545 2529/2529/2529
f 2545/2545/2545 2546/2546/2546 2529/2529/2529
f 2529/2529/2529 2546/2546/2546 2530/2530/2530
f 2546/2546/2546 2547/2547/2547 2530/2530/2530
f 2530/2530/2530 2547/2547/2547 2531/2531/2531
f 2547/2547/2547 2548/2548/2548 2531/2531/2531
f 2531/2531/2531 2548/2548/2548 2532/2532/2532
f 2548/2548/2548 2549/2549/2549 2532/2532/2532
f 2532/2532/2532 2549/2549/2549 2533/2533/2533
f 2549/2549/2549 2550/2550/2550 2533/2533/2533
f 2533/2533/2533 2550/2550/2550 2534/2534/2534
f 2550/2550/2550 2551/2551/2551 2534/2534/2534
f 2534/2534/2534 2551/2551/2551 2535/2535/2535
f 2551/2551/2551 2552/2552/2552 2535/2535/2535
f 2535/2535/2535 2552/2552/2552 2536/2536/2536
f 2552/2552/2552 2553/2553/2553 2536/2536/2536
f 2536/2536/2536 2553/2553/2553 2537/2537/2537
f 2553/2553/2553 2554/2554/2554 2537/2537/2537
f 2571/2571/2571 2572/2572/2572 2555/2555/2555
f 2572/2572/2572 2573/2573/2573 2556/2556/2556
f 2573/2573/2573 2574/2574/2574 2557/2557/2557
f 2574/2574/2574 2575/2575/2575 2558/2558/2558
f 2575/2575/2575 2576/2576/2576 2559/2559/2559
f 2576/2576/2576 2577/2577/2577 2560/2560/2560
f 2577/2577/2577 2578/2578/2578 2561/2561/2561
f 2578/2578/2578 2579/2579/2579 2562/2562/2562
f 2579/2579/2579 2580/2580/2580 2563/2563/2563
f 2580/2580/2580 2581/2581/2581 2564/2564/2564
f 2581/2581/2581 2582/2582/2582 2565/2565/2565
f 2582/2582/2582 2583/2583/2583 2566/2566/2566
f 2583/2583/2583 2584/2584/2584 2567/2567/2567
f 2584/2584/2584 2585/2585/2585 2568/2568/2568
f 2585/2585/2585 2586/2586/2586 2569/2569/2569
f 2586/2586/2586 2587/2587/2587 2570/2570/2570
f 2605/2605/2605 2604/2604/2604 2588/2588/2588
f 2606/2606/2606 2605/2605/2605 2589/2589/2589
f 2607/2607/2607 2606/2606/2606 2590/2590/2590
f 2608/2608/2608 2607/2607/2607 2591/2591/2591
f 2609/2609/2609 2608/2608/2608 2592/2592/2592
f 2610/2610/2610 2609/2609/2609 2593/2593/2593
f 2611/2611/2611 2610/2610/2610 2594/2594/2594
f 2612/2612/2612 2611/2611/2611 2595/2595/2595
f 2613/2613/2613 2612/2612/2612 2596/2596/2596
f 2614/2614/2614 2613/2613/2613 2597/2597/2597
f 2615/2615/2615 2614/2614/2614 2598/2598/2598
f 2616/2616/2616 2615/2615/2615 2599/2599/2599
f 2617/2617/2617 2616/2616/2616 2600/2600/2600
f 2618/2618/2618 2617/2617/2617 2601/2601/2601
f 2619/2619/2619 2618/2618/2618 2602/2602/2602
f 2620/2620/2620 2619/2619/2619 2603/2603/2603
o elbow_r
usemtl joint
v 0.205 0.34300000086426735 0
v 0.205 0.34300000086426735 0
v 0.205 0.34300000086426735 0
v 0.205 0.34300000086426735 0
v 0.205 0.34300000086426735 0
v 0.205 0.34300000086426735 0
v 0.205 0.34300000086426735 0
v 0.205 0.34300000086426735 0
v 0.205 0.34300000086426735 0
v 0.205 0.34300000086426735 0
v 0.205 0.34300000086426735 0
v 0.205 0.34300000086426735 0
v 0.205 0.34300000086426735 0
v 0.205 0.34300000086426735 0
v 0.205 0.34300000086426735 0
v 0.205 0.34300000086426735 0
v 0.205 0.34300000086426735 0
v 0.205 0.34300000086426735 0
v 0.205 0.34300000086426735 0
v 0.205 0.34300000086426735 0
v 0.205 0.34300000086426735 0
v 0.1995374708622694 0.3424619869887829 0
v 0.19980482609942554 0.3424619869887829 0.0016880142502486706
v 0.20058072118088602 0.3424619869887829 0.003210793947800994
v 0.201789206052199 0.3424619869887829 0.00441927881911397
v 0.20331198574975132 0.3424619869887829 0.005195173900574446
v 0.205 0.3424619869887829 0.0054625291377305984
v 0.20668801425024866 0.3424619869887829 0.005195173900574446
v 0.20821079394780098 0.3424619869887829 0.00441927881911397
v 0.20941927881911396 0.3424619869887829 0.003210793947800994
v 0.21019517390057443 0.3424619869887829 0.0016880142502486706
v 0.2104625291377306 0.3424619869887829 6.68966862464564e-19
v 0.21019517390057443 0.3424619869887829 -0.0016880142502486706
v 0.20941927881911396 0.3424619869887829 -0.003210793947800994
v 0.20821079394780098 0.3424619869887829 -0.00441927881911397
v 0.20668801425024866 0.3424619869887829 -0.005195173900574446
v 0.205 0.3424619869887829 -0.0054625291377305984
v 0.20331198574975132 0.3424619869887829 -0.005195173900574446
v 0.201789206052199 0.3424619869887829 -0.00441927881911397
v 0.20058072118088602 0.3424619869887829 -0.003210793947800994
v 0.19980482609942554 0.3424619869887829 -0.0016880142502486706
v 0.1995374708622694 0.3424619869887829 -1.337933724929128e-18
v 0.19428486369550227 0.3408686263114214 0
v 0.19480929981917142 0.3408686263114214 0.0033111590892076492
v 0.19633127275854348 0.3408686263114214 0.006298198830336332
v 0.19870180116966366 0.3408686263114214 0.008668727241456509
v 0.20168884091079234 0.3408686263114214 0.010190700180828571
v 0.205 0.3408686263114214 0.010715136304497719
v 0.20831115908920764 0.3408686263114214 0.010190700180828571
v 0.21129819883033632 0.3408686263114214 0.008668727241456509
v 0.2136687272414565 0.3408686263114214 0.006298198830336332
v 0.21519070018082856 0.3408686263114214 0.0033111590892076492
v 0.2157151363044977 0.3408686263114214 1.312225675274016e-18
v 0.21519070018082856 0.3408686263114214 -0.0033111590892076492
v 0.2136687272414565 0.3408686263114214 -0.006298198830336332
v 0.21129819883033632 0.3408686263114214 -0.008668727241456509
v 0.20831115908920764 0.3408686263114214 -0.010190700180828571
v 0.205 0.3408686263114214 -0.010715136304497719
v 0.20168884091079234 0.3408686263114214 -0.010190700180828571
v 0.19870180116966366 0.3408686263114214 -0.008668727241456509
v 0.19633127275854348 0.3408686263114214 -0.006298198830336332
v 0.19480929981917142 0.3408686263114214 -0.0033111590892076492
v 0.19428486369550227 0.3408686263114214 -2.624451350548032e-18
v 0.18944403335452079 0.33828114956617356 0
v 0.19020539700984954 0.33828114956617356 0.004807057790458202
v 0.19241495888680218 0.33828114956617356 0.009143567644059658
v 0.19585643235594033 0.33828114956617356 0.012585041113197803
v 0.20019294220954179 0.33828114956617356 0.014794602990150452
v 0.205 0.33828114956617356 0.015555966645479202
v 0.2098070577904582 0.33828114956617356 0.014794602990150452
v 0.21414356764405965 0.33828114956617356 0.012585041113197803
v 0.2175850411131978 0.33828114956617356 0.009143567644059658
v 0.21979460299015044 0.33828114956617356 0.004807057790458202
v 0.2205559666454792 0.33828114956617356 1.9050565077137266e-18
v 0.21979460299015044 0.33828114956617356 -0.004807057790458202
v 0.2175850411131978 0.33828114956617356 -0.009143567644059658
v 0.21414356764405965 0.33828114956617356 -0.012585041113197803
v 0.2098070577904582 0.33828114956617356 -0.014794602990150452
v 0.205 0.33828114956617356 -0.015555966645479202
v 0.20019294220954179 0.33828114956617356 -0.014794602990150452
v 0.19585643235594033 0.33828114956617356 -0.012585041113197803
v 0.19241495888680218 0.33828114956617356 -0.009143567644059658
v 0.19020539700984954 0.33828114956617356 -0.004807057790458202
v 0.18944403335452079 0.33828114956617356 -3.810113015427453e-18
v 0.18520100966095923 0.33479899033904076 0
v 0.1861700414866209 0.33479899033904076 0.0061182244680821896
v 0.18898227989673613 0.33479899033904076 0.011637554503977299
v 0.1933624454960227 0.33479899033904076 0.016017720103263855
v 0.1988817755319178 0.33479899033904076 0.018829958513379097
v 0.205 0.33479899033904076 0.019798990339040756
v 0.21111822446808218 0.33479899033904076 0.018829958513379097
v 0.2166375545039773 0.33479899033904076 0.016017720103263855
v 0.22101772010326384 0.33479899033904076 0.011637554503977299
v 0.22382995851337908 0.33479899033904076 0.0061182244680821896
v 0.22479899033904074 0.33479899033904076 2.424676892858819e-18
v 0.22382995851337908 0.33479899033904076 -0.0061182244680821896
v 0.22101772010326384 0.33479899033904076 -0.011637554503977299
v 0.2166375545039773 0.33479899033904076 -0.016017720103263855
v 0.21111822446808218 0.33479899033904076 -0.018829958513379097
v 0.205 0.33479899033904076 -0.019798990339040756
v 0.1988817755319178 0.33479899033904076 -0.018829958513379097
v 0.1933624454960227 0.33479899033904076 -0.016017720103263855
v 0.18898227989673613 0.33479899033904076 -0.011637554503977299
v 0.1861700414866209 0.33479899033904076 -0.0061182244680821896
v 0.18520100966095923 0.33479899033904076 -4.849353785717638e-18
v 0.18171885043382643 0.3305559666454792 0
v 0.18285831056535243 0.3305559666454792 0.007194270845502615
v 0.1861651539057493 0.3305559666454792 0.013684316538274288
v 0.1913156834617257 0.3305559666454792 0.01883484609425068
v 0.19780572915449737 0.3305559666454792 0.02214168943464756
v 0.205 0.3305559666454792 0.023281149566173553
v 0.2121942708455026 0.3305559666454792 0.02214168943464756
v 0.21868431653827428 0.3305559666454792 0.01883484609425068
v 0.22383484609425067 0.3305559666454792 0.013684316538274288
v 0.22714168943464755 0.3305559666454792 0.007194270845502615
v 0.22828114956617354 0.3305559666454792 2.8511184839271097e-18
v 0.22714168943464755 0.3305559666454792 -0.007194270845502615
v 0.22383484609425067 0.3305559666454792 -0.013684316538274288
v 0.21868431653827428 0.3305559666454792 -0.01883484609425068
v 0.2121942708455026 0.3305559666454792 -0.02214168943464756
v 0.205 0.3305559666454792 -0.023281149566173553
v 0.19780572915449737 0.3305559666454792 -0.02214168943464756
v 0.1913156834617257 0.3305559666454792 -0.01883484609425068
v 0.1861651539057493 0.3305559666454792 -0.013684316538274288
v 0.18285831056535243 0.3305559666454792 -0.007194270845502615
v 0.18171885043382643 0.3305559666454792 -5.702236967854219e-18
v 0.1791313736885786 0.3257151363044977 0
v 0.18039747320115565 0.3257151363044977 0.007993845269083977
v 0.18407184064388274 0.3257151363044977 0.015205197036266327
v 0.18979480296373366 0.3257151363044977 0.02092815935611725
v 0.197006154730916 0.3257151363044977 0.024602526798844337
v 0.205 0.3257151363044977 0.025868626311421394
v 0.21299384526908396 0.3257151363044977 0.024602526798844337
v 0.22020519703626631 0.3257151363044977 0.02092815935611725
v 0.22592815935611724 0.3257151363044977 0.015205197036266327
v 0.22960252679884433 0.3257151363044977 0.007993845269083977
v 0.23086862631142138 0.3257151363044977 3.1679931786226984e-18
v 0.22960252679884433 0.3257151363044977 -0.007993845269083977
v 0.22592815935611724 0.3257151363044977 -0.015205197036266327
v 0.22020519703626631 0.3257151363044977 -0.02092815935611725
v 0.21299384526908396 0.3257151363044977 -0.024602526798844337
v 0.205 0.3257151363044977 -0.025868626311421394
v 0.197006154730916 0.3257151363044977 -0.024602526798844337
v 0.18979480296373366 0.3257151363044977 -0.02092815935611725
v 0.18407184064388274 0.3257151363044977 -0.015205197036266327
v 0.18039747320115565 0.3257151363044977 -0.007993845269083977
v 0.1791313736885786 0.3257151363044977 -6.335986357245397e-18
v 0.1775380130112171 0.3204625291377306 0
v 0.17888209775090216 0.3204625291377306 0.008486220613121986
v 0.18278278589248656 0.3204625291377306 0.016141751781105995
v 0.188858248218894 0.3204625291377306 0.022217214107513428
v 0.196513779386878 0.3204625291377306 0.026117902249097824
v 0.205 0.3204625291377306 0.027461986988782883
v 0.21348622061312197 0.3204625291377306 0.026117902249097824
v 0.22114175178110598 0.3204625291377306 0.022217214107513428
v 0.22721721410751342 0.3204625291377306 0.016141751781105995
v 0.2311179022490978 0.3204625291377306 0.008486220613121986
v 0.23246198698878287 0.3204625291377306 3.3631236375578857e-18
v 0.2311179022490978 0.3204625291377306 -0.008486220613121986
v 0.22721721410751342 0.3204625291377306 -0.016141751781105995
v 0.22114175178110598 0.3204625291377306 -0.022217214107513428
v 0.21348622061312197 0.3204625291377306 -0.026117902249097824
v 0.205 0.3204625291377306 -0.027461986988782883
v 0.196513779386878 0.3204625291377306 -0.026117902249097824
v 0.188858248218894 0.3204625291377306 -0.022217214107513428
v 0.18278278589248656 0.3204625291377306 -0.016141751781105995
v 0.17888209775090216 0.3204625291377306 -0.008486220613121986
v 0.1775380130112171 0.3204625291377306 -6.726247275115771e-18
v 0.17699999913573264 0.315 0
v 0.17837041795253752 0.315 0.008652475662529469
v 0.18234752483665942 0.315 0.01645798794925213
v 0.18854201205074786 0.315 0.02265247516334057
v 0.19634752433747052 0.315 0.026629582047462463
v 0.205 0.315 0.02800000086426735
v 0.21365247566252946 0.315 0.026629582047462463
v 0.22145798794925212 0.315 0.02265247516334057
v 0.22765247516334056 0.315 0.01645798794925213
v 0.23162958204746245 0.315 0.008652475662529469
v 0.23300000086426734 0.315 3.429011054889572e-18
v 0.23162958204746245 0.315 -0.008652475662529469
v 0.22765247516334056 0.315 -0.01645798794925213
v 0.22145798794925212 0.315 -0.02265247516334057
v 0.21365247566252946 0.315 -0.026629582047462463
v 0.205 0.315 -0.02800000086426735
v 0.19634752433747052 0.315 -0.026629582047462463
v 0.18854201205074786 0.315 -0.02265247516334057
v 0.18234752483665942 0.315 -0.01645798794925213
v 0.17837041795253752 0.315 -0.008652475662529469
v 0.17699999913573264 0.315 -6.858022109779144e-18
v 0.1775380130112171 0.3095374708622694 0
v 0.17888209775090216 0.3095374708622694 0.008486220613121986
v 0.18278278589248656 0.3095374708622694 0.016141751781105995
v 0.188858248218894 0.3095374708622694 0.022217214107513428
v 0.196513779386878 0.3095374708622694 0.026117902249097824
v 0.205 0.3095374708622694 0.027461986988782883
v 0.21348622061312197 0.3095374708622694 0.026117902249097824
v 0.22114175178110598 0.3095374708622694 0.022217214107513428
v 0.22721721410751342 0.3095374708622694 0.016141751781105995
v 0.2311179022490978 0.3095374708622694 0.008486220613121986
v 0.23246198698878287 0.3095374708622694 3.3631236375578857e-18
v 0.2311179022490978 0.3095374708622694 -0.008486220613121986
v 0.22721721410751342 0.3095374708622694 -0.016141751781105995
v 0.22114175178110598 0.3095374708622694 -0.022217214107513428
v 0.21348622061312197 0.3095374708622694 -0.026117902249097824
v 0.205 0.3095374708622694 -0.027461986988782883
v 0.196513779386878 0.3095374708622694 -0.026117902249097824
v 0.188858248218894 0.3095374708622694 -0.022217214107513428
v 0.18278278589248656 0.3095374708622694 -0.016141751781105995
v 0.17888209775090216 0.3095374708622694 -0.008486220613121986
v 0.1775380130112171 0.3095374708622694 -6.726247275115771e-18
v 0.1791313736885786 0.3042848636955023 0
v 0.18039747320115565 0.3042848636955023 0.007993845269083977
v 0.18407184064388274 0.3042848636955023 0.015205197036266327
v 0.18979480296373366 0.3042848636955023 0.02092815935611725
v 0.197006154730916 0.3042848636955023 0.024602526798844337
v 0.205 0.3042848636955023 0.025868626311421394
v 0.21299384526908396 0.3042848636955023 0.024602526798844337
v 0.22020519703626631 0.3042848636955023 0.02092815935611725
v 0.22592815935611724 0.3042848636955023 0.015205197036266327
v 0.22960252679884433 0.3042848636955023 0.007993845269083977
v 0.23086862631142138 0.3042848636955023 3.1679931786226984e-18
v 0.22960252679884433 0.3042848636955023 -0.007993845269083977
v 0.22592815935611724 0.3042848636955023 -0.015205197036266327
v 0.22020519703626631 0.3042848636955023 -0.02092815935611725
v 0.21299384526908396 0.3042848636955023 -0.024602526798844337
v 0.205 0.3042848636955023 -0.025868626311421394
v 0.197006154730916 0.3042848636955023 -0.024602526798844337
v 0.18979480296373366 0.3042848636955023 -0.02092815935611725
v 0.18407184064388274 0.3042848636955023 -0.015205197036266327
v 0.18039747320115565 0.3042848636955023 -0.007993845269083977
v 0.1791313736885786 0.3042848636955023 -6.335986357245397e-18
v 0.18171885043382643 0.2994440333545208 0
v 0.18285831056535243 0.2994440333545208 0.007194270845502615
v 0.1861651539057493 0.2994440333545208 0.013684316538274288
v 0.1913156834617257 0.2994440333545208 0.01883484609425068
v 0.19780572915449737 0.2994440333545208 0.02214168943464756
v 0.205 0.2994440333545208 0.023281149566173553
v 0.2121942708455026 0.2994440333545208 0.02214168943464756
v 0.21868431653827428 0.2994440333545208 0.01883484609425068
v 0.22383484609425067 0.2994440333545208 0.013684316538274288
v 0.22714168943464755 0.2994440333545208 0.007194270845502615
v 0.22828114956617354 0.2994440333545208 2.8511184839271097e-18
v 0.22714168943464755 0.2994440333545208 -0.007194270845502615
v 0.22383484609425067 0.2994440333545208 -0.013684316538274288
v 0.21868431653827428 0.2994440333545208 -0.01883484609425068
v 0.2121942708455026 0.2994440333545208 -0.02214168943464756
v 0.205 0.2994440333545208 -0.023281149566173553
v 0.19780572915449737 0.2994440333545208 -0.02214168943464756
v 0.1913156834617257 0.2994440333545208 -0.01883484609425068
v 0.1861651539057493 0.2994440333545208 -0.013684316538274288
v 0.18285831056535243 0.2994440333545208 -0.007194270845502615
v 0.18171885043382643 0.2994440333545208 -5.702236967854219e-18
v 0.18520100966095923 0.29520100966095925 0
v 0.1861700414866209 0.29520100966095925 0.0061182244680821896
v 0.18898227989673613 0.29520100966095925 0.011637554503977299
v 0.1933624454960227 0.29520100966095925 0.016017720103263855
v 0.1988817755319178 0.29520100966095925 0.018829958513379097
v 0.205 0.29520100966095925 0.019798990339040756
v 0.21111822446808218 0.29520100966095925 0.018829958513379097
v 0.2166375545039773 0.29520100966095925 0.016017720103263855
v 0.22101772010326384 0.29520100966095925 0.011637554503977299
v 0.22382995851337908 0.29520100966095925 0.0061182244680821896
v 0.22479899033904074 0.29520100966095925 2.424676892858819e-18
v 0.22382995851337908 0.29520100966095925 -0.0061182244680821896
v 0.22101772010326384 0.29520100966095925 -0.011637554503977299
v 0.2166375545039773 0.29520100966095925 -0.016017720103263855
v 0.21111822446808218 0.29520100966095925 -0.018829958513379097
v 0.205 0.29520100966095925 -0.019798990339040756
v 0.1988817755319178 0.29520100966095925 -0.018829958513379097
v 0.1933624454960227 0.29520100966095925 -0.016017720103263855
v 0.18898227989673613 0.29520100966095925 -0.011637554503977299
v 0.1861700414866209 0.29520100966095925 -0.0061182244680821896
v 0.18520100966095923 0.29520100966095925 -4.849353785717638e-18
v 0.18944403335452079 0.29171885043382645 0
v 0.19020539700984954 0.29171885043382645 0.004807057790458202
v 0.19241495888680218 0.29171885043382645 0.009143567644059658
v 0.19585643235594033 0.29171885043382645 0.012585041113197803
v 0.20019294220954179 0.29171885043382645 0.014794602990150452
v 0.205 0.29171885043382645 0.015555966645479202
v 0.2098070577904582 0.29171885043382645 0.014794602990150452
v 0.21414356764405965 0.29171885043382645 0.012585041113197803
v 0.2175850411131978 0.29171885043382645 0.009143567644059658
v 0.21979460299015044 0.29171885043382645 0.004807057790458202
v 0.2205559666454792 0.29171885043382645 1.9050565077137266e-18
v 0.21979460299015044 0.29171885043382645 -0.004807057790458202
v 0.2175850411131978 0.29171885043382645 -0.009143567644059658
v 0.21414356764405965 0.29171885043382645 -0.012585041113197803
v 0.2098070577904582 0.29171885043382645 -0.014794602990150452
v 0.205 0.29171885043382645 -0.015555966645479202
v 0.20019294220954179 0.29171885043382645 -0.014794602990150452
v 0.19585643235594033 0.29171885043382645 -0.012585041113197803
v 0.19241495888680218 0.29171885043382645 -0.009143567644059658
v 0.19020539700984954 0.29171885043382645 -0.004807057790458202
v 0.18944403335452079 0.29171885043382645 -3.810113015427453e-18
v 0.19428486369550227 0.2891313736885786 0
v 0.19480929981917142 0.2891313736885786 0.0033111590892076492
v 0.19633127275854348 0.2891313736885786 0.006298198830336332
v 0.19870180116966366 0.2891313736885786 0.008668727241456509
v 0.20168884091079234 0.2891313736885786 0.010190700180828571
v 0.205 0.2891313736885786 0.010715136304497719
v 0.20831115908920764 0.2891313736885786 0.010190700180828571
v 0.21129819883033632 0.2891313736885786 0.008668727241456509
v 0.2136687272414565 0.2891313736885786 0.006298198830336332
v 0.21519070018082856 0.2891313736885786 0.0033111590892076492
v 0.2157151363044977 0.2891313736885786 1.312225675274016e-18
v 0.21519070018082856 0.2891313736885786 -0.0033111590892076492
v 0.2136687272414565 0.2891313736885786 -0.006298198830336332
v 0.21129819883033632 0.2891313736885786 -0.008668727241456509
v 0.20831115908920764 0.2891313736885786 -0.010190700180828571
v 0.205 0.2891313736885786 -0.010715136304497719
v 0.20168884091079234 0.2891313736885786 -0.010190700180828571
v 0.19870180116966366 0.2891313736885786 -0.008668727241456509
v 0.19633127275854348 0.2891313736885786 -0.006298198830336332
v 0.19480929981917142 0.2891313736885786 -0.0033111590892076492
v 0.19428486369550227 0.2891313736885786 -2.624451350548032e-18
v 0.1995374708622694 0.2875380130112171 0
v 0.19980482609942554 0.2875380130112171 0.0016880142502486706
v 0.20058072118088602 0.2875380130112171 0.003210793947800994
v 0.201789206052199 0.2875380130112171 0.00441927881911397
v 0.20331198574975132 0.2875380130112171 0.005195173900574446
v 0.205 0.2875380130112171 0.0054625291377305984
v 0.20668801425024866 0.2875380130112171 0.005195173900574446
v 0.20821079394780098 0.2875380130112171 0.00441927881911397
v 0.20941927881911396 0.2875380130112171 0.003210793947800994
v 0.21019517390057443 0.2875380130112171 0.0016880142502486706
v 0.2104625291377306 0.2875380130112171 6.68966862464564e-19
v 0.21019517390057443 0.2875380130112171 -0.0016880142502486706
v 0.20941927881911396 0.2875380130112171 -0.003210793947800994
v 0.20821079394780098 0.2875380130112171 -0.00441927881911397
v 0.20668801425024866 0.2875380130112171 -0.005195173900574446
v 0.205 0.2875380130112171 -0.0054625291377305984
v 0.20331198574975132 0.2875380130112171 -0.005195173900574446
v 0.201789206052199 0.2875380130112171 -0.00441927881911397
v 0.20058072118088602 0.2875380130112171 -0.003210793947800994
v 0.19980482609942554 0.2875380130112171 -0.0016880142502486706
v 0.1995374708622694 0.2875380130112171 -1.337933724929128e-18
v 0.205 0.28699999913573265 0
v 0.205 0.28699999913573265 1.0596227073786444e-18
v 0.205 0.28699999913573265 2.0155221358219675e-18
v 0.205 0.28699999913573265 2.7741282348234303e-18
v 0.205 0.28699999913573265 3.2611833464329225e-18
v 0.205 0.28699999913573265 3.429011054889572e-18
v 0.205 0.28699999913573265 3.2611833464329225e-18
v 0.205 0.28699999913573265 2.7741282348234303e-18
v 0.205 0.28699999913573265 2.0155221358219675e-18
v 0.205 0.28699999913573265 1.0596227073786444e-18
v 0.205 0.28699999913573265 4.199327294505405e-34
v 0.205 0.28699999913573265 -1.0596227073786444e-18
v 0.205 0.28699999913573265 -2.0155221358219675e-18
v 0.205 0.28699999913573265 -2.7741282348234303e-18
v 0.205 0.28699999913573265 -3.2611833464329225e-18
v 0.205 0.28699999913573265 -3.429011054889572e-18
v 0.205 0.28699999913573265 -3.2611833464329225e-18
v 0.205 0.28699999913573265 -2.7741282348234303e-18
v 0.205 0.28699999913573265 -2.0155221358219675e-18
v 0.205 0.28699999913573265 -1.0596227073786444e-18
v 0.205 0.28699999913573265 -8.39865458901081e-34
vt 0.02500000037252903 1
vt 0.07500000298023224 1
vt 0.125 1
vt 0.17499999701976776 1
vt 0.22499999403953552 1
vt 0.2750000059604645 1
vt 0.32499998807907104 1
vt 0.375 1
vt 0.42500001192092896 1
vt 0.4749999940395355 1
vt 0.5249999761581421 1
vt 0.574999988079071 1
vt 0.625 1
vt 0.675000011920929 1
vt 0.7250000238418579 1
vt 0.7749999761581421 1
vt 0.824999988079071 1
vt 0.875 1
vt 0.925000011920929 1
vt 0.9750000238418579 1
vt 1.024999976158142 1
vt 0 0.9375
vt 0.05000000074505806 0.9375
vt 0.10000000149011612 0.9375
vt 0.15000000596046448 0.9375
vt 0.20000000298023224 0.9375
vt 0.25 0.9375
vt 0.30000001192092896 0.9375
vt 0.3499999940395355 0.9375
vt 0.4000000059604645 0.9375
vt 0.44999998807907104 0.9375
vt 0.5 0.9375
vt 0.550000011920929 0.9375
vt 0.6000000238418579 0.9375
vt 0.6499999761581421 0.9375
vt 0.699999988079071 0.9375
vt 0.75 0.9375
vt 0.800000011920929 0.9375
vt 0.8500000238418579 0.9375
vt 0.8999999761581421 0.9375
vt 0.949999988079071 0.9375
vt 1 0.9375
vt 0 0.875
vt 0.05000000074505806 0.875
vt 0.10000000149011612 0.875
vt 0.15000000596046448 0.875
vt 0.20000000298023224 0.875
vt 0.25 0.875
vt 0.30000001192092896 0.875
vt 0.3499999940395355 0.875
vt 0.4000000059604645 0.875
vt 0.44999998807907104 0.875
vt 0.5 0.875
vt 0.550000011920929 0.875
vt 0.6000000238418579 0.875
vt 0.6499999761581421 0.875
vt 0.699999988079071 0.875
vt 0.75 0.875
vt 0.800000011920929 0.875
vt 0.8500000238418579 0.875
vt 0.8999999761581421 0.875
vt 0.949999988079071 0.875
vt 1 0.875
vt 0 0.8125
vt 0.05000000074505806 0.8125
vt 0.10000000149011612 0.8125
vt 0.15000000596046448 0.8125
vt 0.20000000298023224 0.8125
vt 0.25 0.8125
vt 0.30000001192092896 0.8125
vt 0.3499999940395355 0.8125
vt 0.4000000059604645 0.8125
vt 0.44999998807907104 0.8125
vt 0.5 0.8125
vt 0.550000011920929 0.8125
vt 0.6000000238418579 0.8125
vt 0.6499999761581421 0.8125
vt 0.699999988079071 0.8125
vt 0.75 0.8125
vt 0.800000011920929 0.8125
vt 0.8500000238418579 0.8125
vt 0.8999999761581421 0.8125
vt 0.949999988079071 0.8125
vt 1 0.8125
vt 0 0.75
vt 0.05000000074505806 0.75
vt 0.10000000149011612 0.75
vt 0.15000000596046448 0.75
vt 0.20000000298023224 0.75
vt 0.25 0.75
vt 0.30000001192092896 0.75
vt 0.3499999940395355 0.75
vt 0.4000000059604645 0.75
vt 0.44999998807907104 0.75
vt 0.5 0.75
vt 0.550000011920929 0.75
vt 0.6000000238418579 0.75
vt 0.6499999761581421 0.75
vt 0.699999988079071 0.75
vt 0.75 0.75
vt 0.800000011920929 0.75
vt 0.8500000238418579 0.75
vt 0.8999999761581421 0.75
vt 0.949999988079071 0.75
vt 1 0.75
vt 0 0.6875
vt 0.05000000074505806 0.6875
vt 0.10000000149011612 0.6875
vt 0.15000000596046448 0.6875
vt 0.20000000298023224 0.6875
vt 0.25 0.6875
vt 0.30000001192092896 0.6875
vt 0.3499999940395355 0.6875
vt 0.4000000059604645 0.6875
vt 0.44999998807907104 0.6875
vt 0.5 0.6875
vt 0.550000011920929 0.6875
vt 0.6000000238418579 0.6875
vt 0.6499999761581421 0.6875
vt 0.699999988079071 0.6875
vt 0.75 0.6875
vt 0.800000011920929 0.6875
vt 0.8500000238418579 0.6875
vt 0.8999999761581421 0.6875
vt 0.949999988079071 0.6875
vt 1 0.6875
vt 0 0.625
vt 0.05000000074505806 0.625
vt 0.10000000149011612 0.625
vt 0.15000000596046448 0.625
vt 0.20000000298023224 0.625
vt 0.25 0.625
vt 0.30000001192092896 0.625
vt 0.3499999940395355 0.625
vt 0.4000000059604645 0.625
vt 0.44999998807907104 0.625
vt 0.5 0.625
vt 0.550000011920929 0.625
vt 0.6000000238418579 0.625
vt 0.6499999761581421 0.625
vt 0.699999988079071 0.625
vt 0.75 0.625
vt 0.800000011920929 0.625
vt 0.8500000238418579 0.625
vt 0.8999999761581421 0.625
vt 0.949999988079071 0.625
vt 1 0.625
vt 0 0.5625
vt 0.05000000074505806 0.5625
vt 0.10000000149011612 0.5625
vt 0.15000000596046448 0.5625
vt 0.20000000298023224 0.5625
vt 0.25 0.5625
vt 0.30000001192092896 0.5625
vt 0.3499999940395355 0.5625
vt 0.4000000059604645 0.5625
vt 0.44999998807907104 0.5625
vt 0.5 0.5625
vt 0.550000011920929 0.5625
vt 0.6000000238418579 0.5625
vt 0.6499999761581421 0.5625
vt 0.699999988079071 0.5625
vt 0.75 0.5625
vt 0.800000011920929 0.5625
vt 0.8500000238418579 0.5625
vt 0.8999999761581421 0.5625
vt 0.949999988079071 0.5625
vt 1 0.5625
vt 0 0.5
vt 0.05000000074505806 0.5
vt 0.10000000149011612 0.5
vt 0.15000000596046448 0.5
vt 0.20000000298023224 0.5
vt 0.25 0.5
vt 0.30000001192092896 0.5
vt 0.3499999940395355 0.5
vt 0.4000000059604645 0.5
vt 0.44999998807907104 0.5
vt 0.5 0.5
vt 0.550000011920929 0.5
vt 0.6000000238418579 0.5
vt 0.6499999761581421 0.5
vt 0.699999988079071 0.5
vt 0.75 0.5
vt 0.800000011920929 0.5
vt 0.8500000238418579 0.5
vt 0.8999999761581421 0.5
vt 0.949999988079071 0.5
vt 1 0.5
vt 0 0.4375
vt 0.05000000074505806 0.4375
vt 0.10000000149011612 0.4375
vt 0.15000000596046448 0.4375
vt 0.20000000298023224 0.4375
vt 0.25 0.4375
vt 0.30000001192092896 0.4375
vt 0.3499999940395355 0.4375
vt 0.4000000059604645 0.4375
vt 0.44999998807907104 0.4375
vt 0.5 0.4375
vt 0.550000011920929 0.4375
vt 0.6000000238418579 0.4375
vt 0.6499999761581421 0.4375
vt 0.699999988079071 0.4375
vt 0.75 0.4375
vt 0.800000011920929 0.4375
vt 0.8500000238418579 0.4375
vt 0.8999999761581421 0.4375
vt 0.949999988079071 0.4375
vt 1 0.4375
vt 0 0.375
vt 0.05000000074505806 0.375
vt 0.10000000149011612 0.375
vt 0.15000000596046448 0.375
vt 0.20000000298023224 0.375
vt 0.25 0.375
vt 0.30000001192092896 0.375
vt 0.3499999940395355 0.375
vt 0.4000000059604645 0.375
vt 0.44999998807907104 0.375
vt 0.5 0.375
vt 0.550000011920929 0.375
vt 0.6000000238418579 0.375
vt 0.6499999761581421 0.375
vt 0.699999988079071 0.375
vt 0.75 0.375
vt 0.800000011920929 0.375
vt 0.8500000238418579 0.375
vt 0.8999999761581421 0.375
vt 0.949999988079071 0.375
vt 1 0.375
vt 0 0.3125
vt 0.05000000074505806 0.3125
vt 0.10000000149011612 0.3125
vt 0.15000000596046448 0.3125
vt 0.20000000298023224 0.3125
vt 0.25 0.3125
vt 0.30000001192092896 0.3125
vt 0.3499999940395355 0.3125
vt 0.4000000059604645 0.3125
vt 0.44999998807907104 0.3125
vt 0.5 0.3125
vt 0.550000011920929 0.3125
vt 0.6000000238418579 0.3125
vt 0.6499999761581421 0.3125
vt 0.699999988079071 0.3125
vt 0.75 0.3125
vt 0.800000011920929 0.3125
vt 0.8500000238418579 0.3125
vt 0.8999999761581421 0.3125
vt 0.949999988079071 0.3125
vt 1 0.3125
vt 0 0.25
vt 0.05000000074505806 0.25
vt 0.10000000149011612 0.25
vt 0.15000000596046448 0.25
vt 0.20000000298023224 0.25
vt 0.25 0.25
vt 0.30000001192092896 0.25
vt 0.3499999940395355 0.25
vt 0.4000000059604645 0.25
vt 0.44999998807907104 0.25
vt 0.5 0.25
vt 0.550000011920929 0.25
vt 0.6000000238418579 0.25
vt 0.6499999761581421 0.25
vt 0.699999988079071 0.25
vt 0.75 0.25
vt 0.800000011920929 0.25
vt 0.8500000238418579 0.25
vt 0.8999999761581421 0.25
vt 0.949999988079071 0.25
vt 1 0.25
vt 0 0.1875
vt 0.05000000074505806 0.1875
vt 0.10000000149011612 0.1875
vt 0.15000000596046448 0.1875
vt 0.20000000298023224 0.1875
vt 0.25 0.1875
vt 0.30000001192092896 0.1875
vt 0.3499999940395355 0.1875
vt 0.4000000059604645 0.1875
vt 0.44999998807907104 0.1875
vt 0.5 0.1875
vt 0.550000011920929 0.1875
vt 0.6000000238418579 0.1875
vt 0.6499999761581421 0.1875
vt 0.699999988079071 0.1875
vt 0.75 0.1875
vt 0.800000011920929 0.1875
vt 0.8500000238418579 0.1875
vt 0.8999999761581421 0.1875
vt 0.949999988079071 0.1875
vt 1 0.1875
vt 0 0.125
vt 0.05000000074505806 0.125
vt 0.10000000149011612 0.125
vt 0.15000000596046448 0.125
vt 0.20000000298023224 0.125
vt 0.25 0.125
vt 0.30000001192092896 0.125
vt 0.3499999940395355 0.125
vt 0.4000000059604645 0.125
vt 0.44999998807907104 0.125
vt 0.5 0.125
vt 0.550000011920929 0.125
vt 0.6000000238418579 0.125
vt 0.6499999761581421 0.125
vt 0.699999988079071 0.125
vt 0.75 0.125
vt 0.800000011920929 0.125
vt 0.8500000238418579 0.125
vt 0.8999999761581421 0.125
vt 0.949999988079071 0.125
vt 1 0.125
vt 0 0.0625
vt 0.05000000074505806 0.0625
vt 0.10000000149011612 0.0625
vt 0.15000000596046448 0.0625
vt 0.20000000298023224 0.0625
vt 0.25 0.0625
vt 0.30000001192092896 0.0625
vt 0.3499999940395355 0.0625
vt 0.4000000059604645 0.0625
vt 0.44999998807907104 0.0625
vt 0.5 0.0625
vt 0.550000011920929 0.0625
vt 0.6000000238418579 0.0625
vt 0.6499999761581421 0.0625
vt 0.699999988079071 0.0625
vt 0.75 0.0625
vt 0.800000011920929 0.0625
vt 0.8500000238418579 0.0625
vt 0.8999999761581421 0.0625
vt 0.949999988079071 0.0625
vt 1 0.0625
vt -0.02500000037252903 0
vt 0.02500000037252903 0
vt 0.07500000298023224 0
vt 0.125 0
vt 0.17499999701976776 0
vt 0.22499999403953552 0
vt 0.2750000059604645 0
vt 0.32499998807907104 0
vt 0.375 0
vt 0.42500001192092896 0
vt 0.4749999940395355 0
vt 0.5249999761581421 0
vt 0.574999988079071 0
vt 0.625 0
vt 0.675000011920929 0
vt 0.7250000238418579 0
vt 0.7749999761581421 0
vt 0.824999988079071 0
vt 0.875 0
vt 0.925000011920929 0
vt 0.9750000238418579 0
vn 0 1 0
vn 0 1 0
vn 0 1 0
vn 0 1 0
vn 0 1 0
vn 0 1 0
vn 0 1 0
vn 0 1 0
vn 0 1 0
vn 0 1 0
vn 0 1 0
vn 0 1 0
vn 0 1 0
vn 0 1 0
vn 0 1 0
vn 0 1 0
vn 0 1 0
vn 0 1 0
vn 0 1 0
vn 0 1 0
vn 0 1 0
vn -0.19509032931342324 0.9807852789517083 0
vn -0.18554193303865749 0.9807852782790393 0.060286225585834116
vn -0.15783139031777935 0.9807852791622833 0.11467121874698477
vn -0.11467121874698477 0.9807852791622833 0.15783139031777935
vn -0.060286225585834116 0.9807852782790393 0.18554193303865749
vn -1.1945837521388368e-17 0.9807852789517083 0.19509032931342324
vn 0.060286225585834116 0.9807852782790393 0.18554193303865749
vn 0.11467121874698477 0.9807852791622833 0.15783139031777935
vn 0.15783139031777935 0.9807852791622833 0.11467121874698477
vn 0.18554193303865749 0.9807852782790393 0.060286225585834116
vn 0.19509032931342324 0.9807852789517083 2.3891675042776736e-17
vn 0.18554193303865749 0.9807852782790393 -0.060286225585834116
vn 0.15783139031777935 0.9807852791622833 -0.11467121874698477
vn 0.11467121874698477 0.9807852791622833 -0.15783139031777935
vn 0.060286225585834116 0.9807852782790393 -0.18554193303865749
vn 3.583751173698447e-17 0.9807852789517083 -0.19509032931342324
vn -0.060286225585834116 0.9807852782790393 -0.18554193303865749
vn -0.11467121874698477 0.9807852791622833 -0.15783139031777935
vn -0.15783139031777935 0.9807852791622833 -0.11467121874698477
vn -0.18554193303865749 0.9807852782790393 -0.060286225585834116
vn -0.19509032931342324 0.9807852789517083 -4.778335008555347e-17
vn -0.3826834370613369 0.9238795305660377 0
vn -0.36395357170073417 0.9238795324059993 0.11825568589945505
vn -0.30959741046821454 0.9238795270537845 0.22493568619107826
vn -0.22493568619107826 0.9238795270537845 0.30959741046821454
vn -0.11825568589945505 0.9238795324059993 0.36395357170073417
vn -2.3432603017245014e-17 0.9238795305660377 0.3826834370613369
vn 0.11825568589945505 0.9238795324059993 0.36395357170073417
vn 0.22493568619107826 0.9238795270537845 0.30959741046821454
vn 0.30959741046821454 0.9238795270537845 0.22493568619107826
vn 0.36395357170073417 0.9238795324059993 0.11825568589945505
vn 0.3826834370613369 0.9238795305660377 4.686520603449003e-17
vn 0.36395357170073417 0.9238795324059993 -0.11825568589945505
vn 0.30959741046821454 0.9238795270537845 -0.22493568619107826
vn 0.22493568619107826 0.9238795270537845 -0.30959741046821454
vn 0.11825568589945505 0.9238795324059993 -0.36395357170073417
vn 7.029780739737377e-17 0.9238795305660377 -0.3826834370613369
vn -0.11825568589945505 0.9238795324059993 -0.36395357170073417
vn -0.22493568619107826 0.9238795270537845 -0.30959741046821454
vn -0.30959741046821454 0.9238795270537845 -0.22493568619107826
vn -0.36395357170073417 0.9238795324059993 -0.11825568589945505
vn -0.3826834370613369 0.9238795305660377 -9.373041206898005e-17
vn -0.555570248949409 0.8314696016585884 0
vn -0.5283786797648593 0.8314696179628451 0.17168064880662698
vn -0.4494657585480415 0.8314696081968067 0.3265560021464657
vn -0.3265560021464657 0.8314696081968067 0.4494657585480415
vn -0.17168064880662698 0.8314696179628451 0.5283786797648593
vn -3.401886504589378e-17 0.8314696016585884 0.555570248949409
vn 0.17168064880662698 0.8314696179628451 0.5283786797648593
vn 0.3265560021464657 0.8314696081968067 0.4494657585480415
vn 0.4494657585480415 0.8314696081968067 0.3265560021464657
vn 0.5283786797648593 0.8314696179628451 0.17168064880662698
vn 0.555570248949409 0.8314696016585884 6.803773009178756e-17
vn 0.5283786797648593 0.8314696179628451 -0.17168064880662698
vn 0.4494657585480415 0.8314696081968067 -0.3265560021464657
vn 0.3265560021464657 0.8314696081968067 -0.4494657585480415
vn 0.17168064880662698 0.8314696179628451 -0.5283786797648593
vn 1.0205659844640382e-16 0.8314696016585884 -0.555570248949409
vn -0.17168064880662698 0.8314696179628451 -0.5283786797648593
vn -0.3265560021464657 0.8314696081968067 -0.4494657585480415
vn -0.4494657585480415 0.8314696081968067 -0.3265560021464657
vn -0.5283786797648593 0.8314696179628451 -0.17168064880662698
vn -0.555570248949409 0.8314696016585884 -1.3607546018357512e-16
vn -0.7071067811865476 0.7071067811865476 0
vn -0.6724985254555338 0.7071067704166476 0.21850800555373517
vn -0.5720614176588762 0.7071067668252459 0.41562694178321036
vn -0.41562694178321036 0.7071067668252459 0.5720614176588762
vn -0.21850800555373517 0.7071067704166476 0.6724985254555338
vn -4.329780375814312e-17 0.7071067811865476 0.7071067811865476
vn 0.21850800555373517 0.7071067704166476 0.6724985254555338
vn 0.41562694178321036 0.7071067668252459 0.5720614176588762
vn 0.5720614176588762 0.7071067668252459 0.41562694178321036
vn 0.6724985254555338 0.7071067704166476 0.21850800555373517
vn 0.7071067811865476 0.7071067811865476 8.659560751628624e-17
vn 0.6724985254555338 0.7071067704166476 -0.21850800555373517
vn 0.5720614176588762 0.7071067668252459 -0.41562694178321036
vn 0.41562694178321036 0.7071067668252459 -0.5720614176588762
vn 0.21850800555373517 0.7071067704166476 -0.6724985254555338
vn 1.2989340465698435e-16 0.7071067811865476 -0.7071067811865476
vn -0.21850800555373517 0.7071067704166476 -0.6724985254555338
vn -0.41562694178321036 0.7071067668252459 -0.5720614176588762
vn -0.5720614176588762 0.7071067668252459 -0.41562694178321036
vn -0.6724985254555338 0.7071067704166476 -0.21850800555373517
vn -0.7071067811865476 0.7071067811865476 -1.7319121503257247e-16
vn -0.8314696016585884 0.555570248949409 0
vn -0.790774582614927 0.5555702439449209 0.256938248482333
vn -0.672673043213811 0.5555702420015914 0.48872557037233416
vn -0.48872557037233416 0.5555702420015914 0.672673043213811
vn -0.256938248482333 0.5555702439449209 0.790774582614927
vn -5.091283142626975e-17 0.555570248949409 0.8314696016585884
vn 0.256938248482333 0.5555702439449209 0.790774582614927
vn 0.48872557037233416 0.5555702420015914 0.672673043213811
vn 0.672673043213811 0.5555702420015914 0.48872557037233416
vn 0.790774582614927 0.5555702439449209 0.256938248482333
vn 0.8314696016585884 0.555570248949409 1.018256628525395e-16
vn 0.790774582614927 0.5555702439449209 -0.256938248482333
vn 0.672673043213811 0.5555702420015914 -0.48872557037233416
vn 0.48872557037233416 0.5555702420015914 -0.672673043213811
vn 0.256938248482333 0.5555702439449209 -0.790774582614927
vn 1.5273849097008678e-16 0.555570248949409 -0.8314696016585884
vn -0.256938248482333 0.5555702439449209 -0.790774582614927
vn -0.48872557037233416 0.5555702420015914 -0.672673043213811
vn -0.672673043213811 0.5555702420015914 -0.48872557037233416
vn -0.790774582614927 0.5555702439449209 -0.256938248482333
vn -0.8314696016585884 0.555570248949409 -2.03651325705079e-16
vn -0.9238795305660377 0.3826834370613369 0
vn -0.878661647790497 0.38268343278472655 0.28549448151266615
vn -0.7474342453230138 0.38268341941514195 0.5430427694235064
vn -0.5430427694235064 0.38268341941514195 0.7474342453230138
vn -0.28549448151266615 0.38268343278472655 0.878661647790497
vn -5.657130722319695e-17 0.3826834370613369 0.9238795305660377
vn 0.28549448151266615 0.38268343278472655 0.878661647790497
vn 0.5430427694235064 0.38268341941514195 0.7474342453230138
vn 0.7474342453230138 0.38268341941514195 0.5430427694235064
vn 0.878661647790497 0.38268343278472655 0.28549448151266615
vn 0.9238795305660377 0.3826834370613369 1.131426144463939e-16
vn 0.878661647790497 0.38268343278472655 -0.28549448151266615
vn 0.7474342453230138 0.38268341941514195 -0.5430427694235064
vn 0.5430427694235064 0.38268341941514195 -0.7474342453230138
vn 0.28549448151266615 0.38268343278472655 -0.878661647790497
vn 1.6971392166959086e-16 0.3826834370613369 -0.9238795305660377
vn -0.28549448151266615 0.38268343278472655 -0.878661647790497
vn -0.5430427694235064 0.38268341941514195 -0.7474342453230138
vn -0.7474342453230138 0.38268341941514195 -0.5430427694235064
vn -0.878661647790497 0.38268343278472655 -0.28549448151266615
vn -0.9238795305660377 0.3826834370613369 -2.262852288927878e-16
vn -0.9807852789517083 0.19509032931342324 0
vn -0.932782235312015 0.19509032422006142 0.3030793079080657
vn -0.7934719520691215 0.19509032851987904 0.5764911317597378
vn -0.5764911317597378 0.19509032851987904 0.7934719520691215
vn -0.3030793079080657 0.19509032422006142 0.932782235312015
vn -6.005578251043524e-17 0.19509032931342324 0.9807852789517083
vn 0.3030793079080657 0.19509032422006142 0.932782235312015
vn 0.5764911317597378 0.19509032851987904 0.7934719520691215
vn 0.7934719520691215 0.19509032851987904 0.5764911317597378
vn 0.932782235312015 0.19509032422006142 0.3030793079080657
vn 0.9807852789517083 0.19509032931342324 1.2011156502087048e-16
vn 0.932782235312015 0.19509032422006142 -0.3030793079080657
vn 0.7934719520691215 0.19509032851987904 -0.5764911317597378
vn 0.5764911317597378 0.19509032851987904 -0.7934719520691215
vn 0.3030793079080657 0.19509032422006142 -0.932782235312015
vn 1.801673409138606e-16 0.19509032931342324 -0.9807852789517083
vn -0.3030793079080657 0.19509032422006142 -0.932782235312015
vn -0.5764911317597378 0.19509032851987904 -0.7934719520691215
vn -0.7934719520691215 0.19509032851987904 -0.5764911317597378
vn -0.932782235312015 0.19509032422006142 -0.3030793079080657
vn -0.9807852789517083 0.19509032931342324 -2.4022313004174096e-16
vn -1 6.123234262925839e-17 0
vn -0.9510565161477913 6.123234109277411e-17 0.3090169948284817
vn -0.8090170011595983 6.123234252155896e-17 0.5877852429542022
vn -0.5877852429542022 6.123234252155896e-17 0.8090170011595983
vn -0.3090169948284817 6.123234109277411e-17 0.9510565161477913
vn -6.123234262925839e-17 6.123234262925839e-17 1
vn 0.3090169948284817 6.123234109277411e-17 0.9510565161477913
vn 0.5877852429542022 6.123234252155896e-17 0.8090170011595983
vn 0.8090170011595983 6.123234252155896e-17 0.5877852429542022
vn 0.9510565161477913 6.123234109277411e-17 0.3090169948284817
vn 1 6.123234262925839e-17 1.2246468525851679e-16
vn 0.9510565161477913 6.123234109277411e-17 -0.3090169948284817
vn 0.8090170011595983 6.123234252155896e-17 -0.5877852429542022
vn 0.5877852429542022 6.123234252155896e-17 -0.8090170011595983
vn 0.3090169948284817 6.123234109277411e-17 -0.9510565161477913
vn 1.8369701465288538e-16 6.123234262925839e-17 -1
vn -0.3090169948284817 6.123234109277411e-17 -0.9510565161477913
vn -0.5877852429542022 6.123234252155896e-17 -0.8090170011595983
vn -0.8090170011595983 6.123234252155896e-17 -0.5877852429542022
vn -0.9510565161477913 6.123234109277411e-17 -0.3090169948284817
vn -1 6.123234262925839e-17 -2.4492937051703357e-16
vn -0.9807852789517083 -0.19509032931342324 0
vn -0.932782235312015 -0.19509032422006142 0.3030793079080657
vn -0.7934719520691215 -0.19509032851987904 0.5764911317597378
vn -0.5764911317597378 -0.19509032851987904 0.7934719520691215
vn -0.3030793079080657 -0.19509032422006142 0.932782235312015
vn -6.005578251043524e-17 -0.19509032931342324 0.9807852789517083
vn 0.3030793079080657 -0.19509032422006142 0.932782235312015
vn 0.5764911317597378 -0.19509032851987904 0.7934719520691215
vn 0.7934719520691215 -0.19509032851987904 0.5764911317597378
vn 0.932782235312015 -0.19509032422006142 0.3030793079080657
vn 0.9807852789517083 -0.19509032931342324 1.2011156502087048e-16
vn 0.932782235312015 -0.19509032422006142 -0.3030793079080657
vn 0.7934719520691215 -0.19509032851987904 -0.5764911317597378
vn 0.5764911317597378 -0.19509032851987904 -0.7934719520691215
vn 0.3030793079080657 -0.19509032422006142 -0.932782235312015
vn 1.801673409138606e-16 -0.19509032931342324 -0.9807852789517083
vn -0.3030793079080657 -0.19509032422006142 -0.932782235312015
vn -0.5764911317597378 -0.19509032851987904 -0.7934719520691215
vn -0.7934719520691215 -0.19509032851987904 -0.5764911317597378
vn -0.932782235312015 -0.19509032422006142 -0.3030793079080657
vn -0.9807852789517083 -0.19509032931342324 -2.4022313004174096e-16
vn -0.9238795305660377 -0.3826834370613369 0
vn -0.878661647790497 -0.38268343278472655 0.28549448151266615
vn -0.7474342453230138 -0.38268341941514195 0.5430427694235064
vn -0.5430427694235064 -0.38268341941514195 0.7474342453230138
vn -0.28549448151266615 -0.38268343278472655 0.878661647790497
vn -5.657130722319695e-17 -0.3826834370613369 0.9238795305660377
vn 0.28549448151266615 -0.38268343278472655 0.878661647790497
vn 0.5430427694235064 -0.38268341941514195 0.7474342453230138
vn 0.7474342453230138 -0.38268341941514195 0.5430427694235064
vn 0.878661647790497 -0.38268343278472655 0.28549448151266615
vn 0.9238795305660377 -0.3826834370613369 1.131426144463939e-16
vn 0.878661647790497 -0.38268343278472655 -0.28549448151266615
vn 0.7474342453230138 -0.38268341941514195 -0.5430427694235064
vn 0.5430427694235064 -0.38268341941514195 -0.7474342453230138
vn 0.28549448151266615 -0.38268343278472655 -0.878661647790497
vn 1.6971392166959086e-16 -0.3826834370613369 -0.9238795305660377
vn -0.28549448151266615 -0.38268343278472655 -0.878661647790497
vn -0.5430427694235064 -0.38268341941514195 -0.7474342453230138
vn -0.7474342453230138 -0.38268341941514195 -0.5430427694235064
vn -0.878661647790497 -0.38268343278472655 -0.28549448151266615
vn -0.9238795305660377 -0.3826834370613369 -2.262852288927878e-16
vn -0.8314696016585884 -0.555570248949409 0
vn -0.790774582614927 -0.5555702439449209 0.256938248482333
vn -0.672673043213811 -0.5555702420015914 0.48872557037233416
vn -0.48872557037233416 -0.5555702420015914 0.672673043213811
vn -0.256938248482333 -0.5555702439449209 0.790774582614927
vn -5.091283142626975e-17 -0.555570248949409 0.8314696016585884
vn 0.256938248482333 -0.5555702439449209 0.790774582614927
vn 0.48872557037233416 -0.5555702420015914 0.672673043213811
vn 0.672673043213811 -0.5555702420015914 0.48872557037233416
vn 0.790774582614927 -0.5555702439449209 0.256938248482333
vn 0.8314696016585884 -0.555570248949409 1.018256628525395e-16
vn 0.790774582614927 -0.5555702439449209 -0.256938248482333
vn 0.672673043213811 -0.5555702420015914 -0.48872557037233416
vn 0.48872557037233416 -0.5555702420015914 -0.672673043213811
vn 0.256938248482333 -0.5555702439449209 -0.790774582614927
vn 1.5273849097008678e-16 -0.555570248949409 -0.8314696016585884
vn -0.256938248482333 -0.5555702439449209 -0.790774582614927
vn -0.48872557037233416 -0.5555702420015914 -0.672673043213811
vn -0.672673043213811 -0.5555702420015914 -0.48872557037233416
vn -0.790774582614927 -0.5555702439449209 -0.256938248482333
vn -0.8314696016585884 -0.555570248949409 -2.03651325705079e-16
vn -0.7071067811865476 -0.7071067811865476 0
vn -0.6724985254555338 -0.7071067704166476 0.21850800555373517
vn -0.5720614176588762 -0.7071067668252459 0.41562694178321036
vn -0.41562694178321036 -0.7071067668252459 0.5720614176588762
vn -0.21850800555373517 -0.7071067704166476 0.6724985254555338
vn -4.329780375814312e-17 -0.7071067811865476 0.7071067811865476
vn 0.21850800555373517 -0.7071067704166476 0.6724985254555338
vn 0.41562694178321036 -0.7071067668252459 0.5720614176588762
vn 0.5720614176588762 -0.7071067668252459 0.41562694178321036
vn 0.6724985254555338 -0.7071067704166476 0.21850800555373517
vn 0.7071067811865476 -0.7071067811865476 8.659560751628624e-17
vn 0.6724985254555338 -0.7071067704166476 -0.21850800555373517
vn 0.5720614176588762 -0.7071067668252459 -0.41562694178321036
vn 0.41562694178321036 -0.7071067668252459 -0.5720614176588762
vn 0.21850800555373517 -0.7071067704166476 -0.6724985254555338
vn 1.2989340465698435e-16 -0.7071067811865476 -0.7071067811865476
vn -0.21850800555373517 -0.7071067704166476 -0.6724985254555338
vn -0.41562694178321036 -0.7071067668252459 -0.5720614176588762
vn -0.5720614176588762 -0.7071067668252459 -0.41562694178321036
vn -0.6724985254555338 -0.7071067704166476 -0.21850800555373517
vn -0.7071067811865476 -0.7071067811865476 -1.7319121503257247e-16
vn -0.555570248949409 -0.8314696016585884 0
vn -0.5283786797648593 -0.8314696179628451 0.17168064880662698
vn -0.4494657585480415 -0.8314696081968067 0.3265560021464657
vn -0.3265560021464657 -0.8314696081968067 0.4494657585480415
vn -0.17168064880662698 -0.8314696179628451 0.5283786797648593
vn -3.401886504589378e-17 -0.8314696016585884 0.555570248949409
vn 0.17168064880662698 -0.8314696179628451 0.5283786797648593
vn 0.3265560021464657 -0.8314696081968067 0.4494657585480415
vn 0.4494657585480415 -0.8314696081968067 0.3265560021464657
vn 0.5283786797648593 -0.8314696179628451 0.17168064880662698
vn 0.555570248949409 -0.8314696016585884 6.803773009178756e-17
vn 0.5283786797648593 -0.8314696179628451 -0.17168064880662698
vn 0.4494657585480415 -0.8314696081968067 -0.3265560021464657
vn 0.3265560021464657 -0.8314696081968067 -0.4494657585480415
vn 0.17168064880662698 -0.8314696179628451 -0.5283786797648593
vn 1.0205659844640382e-16 -0.8314696016585884 -0.555570248949409
vn -0.17168064880662698 -0.8314696179628451 -0.5283786797648593
vn -0.3265560021464657 -0.8314696081968067 -0.4494657585480415
vn -0.4494657585480415 -0.8314696081968067 -0.3265560021464657
vn -0.5283786797648593 -0.8314696179628451 -0.17168064880662698
vn -0.555570248949409 -0.8314696016585884 -1.3607546018357512e-16
vn -0.3826834370613369 -0.9238795305660377 0
vn -0.36395357170073417 -0.9238795324059993 0.11825568589945505
vn -0.30959741046821454 -0.9238795270537845 0.22493568619107826
vn -0.22493568619107826 -0.9238795270537845 0.30959741046821454
vn -0.11825568589945505 -0.9238795324059993 0.36395357170073417
vn -2.3432603017245014e-17 -0.9238795305660377 0.3826834370613369
vn 0.11825568589945505 -0.9238795324059993 0.36395357170073417
vn 0.22493568619107826 -0.9238795270537845 0.30959741046821454
vn 0.30959741046821454 -0.9238795270537845 0.22493568619107826
vn 0.36395357170073417 -0.9238795324059993 0.11825568589945505
vn 0.3826834370613369 -0.9238795305660377 4.686520603449003e-17
vn 0.36395357170073417 -0.9238795324059993 -0.11825568589945505
vn 0.30959741046821454 -0.9238795270537845 -0.22493568619107826
vn 0.22493568619107826 -0.9238795270537845 -0.30959741046821454
vn 0.11825568589945505 -0.9238795324059993 -0.36395357170073417
vn 7.029780739737377e-17 -0.9238795305660377 -0.3826834370613369
vn -0.11825568589945505 -0.9238795324059993 -0.36395357170073417
vn -0.22493568619107826 -0.9238795270537845 -0.30959741046821454
vn -0.30959741046821454 -0.9238795270537845 -0.22493568619107826
vn -0.36395357170073417 -0.9238795324059993 -0.11825568589945505
vn -0.3826834370613369 -0.9238795305660377 -9.373041206898005e-17
vn -0.19509032931342324 -0.9807852789517083 0
vn -0.18554193303865749 -0.9807852782790393 0.060286225585834116
vn -0.15783139031777935 -0.9807852791622833 0.11467121874698477
vn -0.11467121874698477 -0.9807852791622833 0.15783139031777935
vn -0.060286225585834116 -0.9807852782790393 0.18554193303865749
vn -1.1945837521388368e-17 -0.9807852789517083 0.19509032931342324
vn 0.060286225585834116 -0.9807852782790393 0.18554193303865749
vn 0.11467121874698477 -0.9807852791622833 0.15783139031777935
vn 0.15783139031777935 -0.9807852791622833 0.11467121874698477
vn 0.18554193303865749 -0.9807852782790393 0.060286225585834116
vn 0.19509032931342324 -0.9807852789517083 2.3891675042776736e-17
vn 0.18554193303865749 -0.9807852782790393 -0.060286225585834116
vn 0.15783139031777935 -0.9807852791622833 -0.11467121874698477
vn 0.11467121874698477 -0.9807852791622833 -0.15783139031777935
vn 0.060286225585834116 -0.9807852782790393 -0.18554193303865749
vn 3.583751173698447e-17 -0.9807852789517083 -0.19509032931342324
vn -0.060286225585834116 -0.9807852782790393 -0.18554193303865749
vn -0.11467121874698477 -0.9807852791622833 -0.15783139031777935
vn -0.15783139031777935 -0.9807852791622833 -0.11467121874698477
vn -0.18554193303865749 -0.9807852782790393 -0.060286225585834116
vn -0.19509032931342324 -0.9807852789517083 -4.778335008555347e-17
vn -1.2246468525851679e-16 -1 0
vn -1.1647082866083914e-16 -1 3.7843668534256176e-17
vn -9.907600785479212e-17 -1 7.198293111792428e-17
vn -7.198293111792428e-17 -1 9.907600785479212e-17
vn -3.7843668534256176e-17 -1 1.1647082866083914e-16
vn -7.498798786105971e-33 -1 1.2246468525851679e-16
vn 3.7843668534256176e-17 -1 1.1647082866083914e-16
vn 7.198293111792428e-17 -1 9.907600785479212e-17
vn 9.907600785479212e-17 -1 7.198293111792428e-17
vn 1.1647082866083914e-16 -1 3.7843668534256176e-17
vn 1.2246468525851679e-16 -1 1.4997597572211942e-32
vn 1.1647082866083914e-16 -1 -3.7843668534256176e-17
vn 9.907600785479212e-17 -1 -7.198293111792428e-17
vn 7.198293111792428e-17 -1 -9.907600785479212e-17
vn 3.7843668534256176e-17 -1 -1.1647082866083914e-16
vn 2.2496396358317913e-32 -1 -1.2246468525851679e-16
vn -3.7843668534256176e-17 -1 -1.1647082866083914e-16
vn -7.198293111792428e-17 -1 -9.907600785479212e-17
vn -9.907600785479212e-17 -1 -7.198293111792428e-17
vn -1.1647082866083914e-16 -1 -3.7843668534256176e-17
vn -1.2246468525851679e-16 -1 -2.9995195144423884e-32
f 2621/2621/2621 2642/2642/2642 2643/2643/2643
f 2622/2622/2622 2643/2643/2643 2644/2644/2644
f 2623/2623/2623 2644/2644/2644 2645/2645/2645
f 2624/2624/2624 2645/2645/2645 2646/2646/2646
f 2625/2625/2625 2646/2646/2646 2647/2647/2647
f 2626/2626/2626 2647/2647/2647 2648/2648/2648
f 2627/2627/2627 2648/2648/2648 2649/2649/2649
f 2628/2628/2628 2649/2649/2649 2650/2650/2650
f 2629/2629/2629 2650/2650/2650 2651/2651/2651
f 2630/2630/2630 2651/2651/2651 2652/2652/2652
f 2631/2631/2631 2652/2652/2652 2653/2653/2653
f 2632/2632/2632 2653/2653/2653 2654/2654/2654
f 2633/2633/2633 2654/2654/2654 2655/2655/2655
f 2634/2634/2634 2655/2655/2655 2656/2656/2656
f 2635/2635/2635 2656/2656/2656 2657/2657/2657
f 2636/2636/2636 2657/2657/2657 2658/2658/2658
f 2637/2637/2637 2658/2658/2658 2659/2659/2659
f 2638/2638/2638 2659/2659/2659 2660/2660/2660
f 2639/2639/2639 2660/2660/2660 2661/2661/2661
f 2640/2640/2640 2661/2661/2661 2662/2662/2662
f 2643/2643/2643 2642/2642/2642 2664/2664/2664
f 2642/2642/2642 2663/2663/2663 2664/2664/2664
f 2644/2644/2644 2643/2643/2643 2665/2665/2665
f 2643/2643/2643 2664/2664/2664 2665/2665/2665
f 2645/2645/2645 2644/2644/2644 2666/2666/2666
f 2644/2644/2644 2665/2665/2665 2666/2666/2666
f 2646/2646/2646 2645/2645/2645 2667/2667/2667
f 2645/2645/2645 2666/2666/2666 2667/2667/2667
f 2647/2647/2647 2646/2646/2646 2668/2668/2668
f 2646/2646/2646 2667/2667/2667 2668/2668/2668
f 2648/2648/2648 2647/2647/2647 2669/2669/2669
f 2647/2647/2647 2668/2668/2668 2669/2669/2669
f 2649/2649/2649 2648/2648/2648 2670/2670/2670
f 2648/2648/2648 2669/2669/2669 2670/2670/2670
f 2650/2650/2650 2649/2649/2649 2671/2671/2671
f 2649/2649/2649 2670/2670/2670 2671/2671/2671
f 2651/2651/2651 2650/2650/2650 2672/2672/2672
f 2650/2650/2650 2671/2671/2671 2672/2672/2672
f 2652/2652/2652 2651/2651/2651 2673/2673/2673
f 2651/2651/2651 2672/2672/2672 2673/2673/2673
f 2653/2653/2653 2652/2652/2652 2674/2674/2674
f 2652/2652/2652 2673/2673/2673 2674/2674/2674
f 2654/2654/2654 2653/2653/2653 2675/2675/2675
f 2653/2653/2653 2674/2674/2674 2675/2675/2675
f 2655/2655/2655 2654/2654/2654 2676/2676/2676
f 2654/2654/2654 2675/2675/2675 2676/2676/2676
f 2656/2656/2656 2655/2655/2655 2677/2677/2677
f 2655/2655/2655 2676/2676/2676 2677/2677/2677
f 2657/2657/2657 2656/2656/2656 2678/2678/2678
f 2656/2656/2656 2677/2677/2677 2678/2678/2678
f 2658/2658/2658 2657/2657/2657 2679/2679/2679
f 2657/2657/2657 2678/2678/2678 2679/2679/2679
f 2659/2659/2659 2658/2658/2658 2680/2680/2680
f 2658/2658/2658 2679/2679/2679 2680/2680/2680
f 2660/2660/2660 2659/2659/2659 2681/2681/2681
f 2659/2659/2659 2680/2680/2680 2681/2681/2681
f 2661/2661/2661 2660/2660/2660 2682/2682/2682
f 2660/2660/2660 2681/2681/2681 2682/2682/2682
f 2662/2662/2662 2661/2661/2661 2683/2683/2683
f 2661/2661/2661 2682/2682/2682 2683/2683/2683
f 2664/2664/2664 2663/2663/2663 2685/2685/2685
f 2663/2663/2663 2684/2684/2684 2685/2685/2685
f 2665/2665/2665 2664/2664/2664 2686/2686/2686
f 2664/2664/2664 2685/2685/2685 2686/2686/2686
f 2666/2666/2666 2665/2665/2665 2687/2687/2687
f 2665/2665/2665 2686/2686/2686 2687/2687/2687
f 2667/2667/2667 2666/2666/2666 2688/2688/2688
f 2666/2666/2666 2687/2687/2687 2688/2688/2688
f 2668/2668/2668 2667/2667/2667 2689/2689/2689
f 2667/2667/2667 2688/2688/2688 2689/2689/2689
f 2669/2669/2669 2668/2668/2668 2690/2690/2690
f 2668/2668/2668 2689/2689/2689 2690/2690/2690
f 2670/2670/2670 2669/2669/2669 2691/2691/2691
f 2669/2669/2669 2690/2690/2690 2691/2691/2691
f 2671/2671/2671 2670/2670/2670 2692/2692/2692
f 2670/2670/2670 2691/2691/2691 2692/2692/2692
f 2672/2672/2672 2671/2671/2671 2693/2693/2693
f 2671/2671/2671 2692/2692/2692 2693/2693/2693
f 2673/2673/2673 2672/2672/2672 2694/2694/2694
f 2672/2672/2672 2693/2693/2693 2694/2694/2694
f 2674/2674/2674 2673/2673/2673 2695/2695/2695
f 2673/2673/2673 2694/2694/2694 2695/2695/2695
f 2675/2675/2675 2674/2674/2674 2696/2696/2696
f 2674/2674/2674 2695/2695/2695 2696/2696/2696
f 2676/2676/2676 2675/2675/2675 2697/2697/2697
f 2675/2675/2675 2696/2696/2696 2697/2697/2697
f 2677/2677/2677 2676/2676/2676 2698/2698/2698
f 2676/2676/2676 2697/2697/2697 2698/2698/2698
f 2678/2678/2678 2677/2677/2677 2699/2699/2699
f 2677/2677/2677 2698/2698/2698 2699/2699/2699
f 2679/2679/2679 2678/2678/2678 2700/2700/2700
f 2678/2678/2678 2699/2699/2699 2700/2700/2700
f 2680/2680/2680 2679/2679/2679 2701/2701/2701
f 2679/2679/2679 2700/2700/2700 2701/2701/2701
f 2681/2681/2681 2680/2680/2680 2702/2702/2702
f 2680/2680/2680 2701/2701/2701 2702/2702/2702
f 2682/2682/2682 2681/2681/2681 2703/2703/2703
f 2681/2681/2681 2702/2702/2702 2703/2703/2703
f 2683/2683/2683 2682/2682/2682 2704/2704/2704
f 2682/2682/2682 2703/2703/2703 2704/2704/2704
f 2685/2685/2685 2684/2684/2684 2706/2706/2706
f 2684/2684/2684 2705/2705/2705 2706/2706/2706
f 2686/2686/2686 2685/2685/2685 2707/2707/2707
f 2685/2685/2685 2706/2706/2706 2707/2707/2707
f 2687/2687/2687 2686/2686/2686 2708/2708/2708
f 2686/2686/2686 2707/2707/2707 2708/2708/2708
f 2688/2688/2688 2687/2687/2687 2709/2709/2709
f 2687/2687/2687 2708/2708/2708 2709/2709/2709
f 2689/2689/2689 2688/2688/2688 2710/2710/2710
f 2688/2688/2688 2709/2709/2709 2710/2710/2710
f 2690/2690/2690 2689/2689/2689 2711/2711/2711
f 2689/2689/2689 2710/2710/2710 2711/2711/2711
f 2691/2691/2691 2690/2690/2690 2712/2712/2712
f 2690/2690/2690 2711/2711/2711 2712/2712/2712
f 2692/2692/2692 2691/2691/2691 2713/2713/2713
f 2691/2691/2691 2712/2712/2712 2713/2713/2713
f 2693/2693/2693 2692/2692/2692 2714/2714/2714
f 2692/2692/2692 2713/2713/2713 2714/2714/2714
f 2694/2694/2694 2693/2693/2693 2715/2715/2715
f 2693/2693/2693 2714/2714/2714 2715/2715/2715
f 2695/2695/2695 2694/2694/2694 2716/2716/2716
f 2694/2694/2694 2715/2715/2715 2716/2716/2716
f 2696/2696/2696 2695/2695/2695 2717/2717/2717
f 2695/2695/2695 2716/2716/2716 2717/2717/2717
f 2697/2697/2697 2696/2696/2696 2718/2718/2718
f 2696/2696/2696 2717/2717/2717 2718/2718/2718
f 2698/2698/2698 2697/2697/2697 2719/2719/2719
f 2697/2697/2697 2718/2718/2718 2719/2719/2719
f 2699/2699/2699 2698/2698/2698 2720/2720/2720
f 2698/2698/2698 2719/2719/2719 2720/2720/2720
f 2700/2700/2700 2699/2699/2699 2721/2721/2721
f 2699/2699/2699 2720/2720/2720 2721/2721/2721
f 2701/2701/2701 2700/2700/2700 2722/2722/2722
f 2700/2700/2700 2721/2721/2721 2722/2722/2722
f 2702/2702/2702 2701/2701/2701 2723/2723/2723
f 2701/2701/2701 2722/2722/2722 2723/2723/2723
f 2703/2703/2703 2702/2702/2702 2724/2724/2724
f 2702/2702/2702 2723/2723/2723 2724/2724/2724
f 2704/2704/2704 2703/2703/2703 2725/2725/2725
f 2703/2703/2703 2724/2724/2724 2725/2725/2725
f 2706/2706/2706 2705/2705/2705 2727/2727/2727
f 2705/2705/2705 2726/2726/2726 2727/2727/2727
f 2707/2707/2707 2706/2706/2706 2728/2728/2728
f 2706/2706/2706 2727/2727/2727 2728/2728/2728
f 2708/2708/2708 2707/2707/2707 2729/2729/2729
f 2707/2707/2707 2728/2728/2728 2729/2729/2729
f 2709/2709/2709 2708/2708/2708 2730/2730/2730
f 2708/2708/2708 2729/2729/2729 2730/2730/2730
f 2710/2710/2710 2709/2709/2709 2731/2731/2731
f 2709/2709/2709 2730/2730/2730 2731/2731/2731
f 2711/2711/2711 2710/2710/2710 2732/2732/2732
f 2710/2710/2710 2731/2731/2731 2732/2732/2732
f 2712/2712/2712 2711/2711/2711 2733/2733/2733
f 2711/2711/2711 2732/2732/2732 2733/2733/2733
f 2713/2713/2713 2712/2712/2712 2734/2734/2734
f 2712/2712/2712 2733/2733/2733 2734/2734/2734
f 2714/2714/2714 2713/2713/2713 2735/2735/2735
f 2713/2713/2713 2734/2734/2734 2735/2735/2735
f 2715/2715/2715 2714/2714/2714 2736/2736/2736
f 2714/2714/2714 2735/2735/2735 2736/2736/2736
f 2716/2716/2716 2715/2715/2715 2737/2737/2737
f 2715/2715/2715 2736/2736/2736 2737/2737/2737
f 2717/2717/2717 2716/2716/2716 2738/2738/2738
f 2716/2716/2716 2737/2737/2737 2738/2738/2738
f 2718/2718/2718 2717/2717/2717 2739/2739/2739
f 2717/2717/2717 2738/2738/2738 2739/2739/2739
f 2719/2719/2719 2718/2718/2718 2740/2740/2740
f 2718/2718/2718 2739/2739/2739 2740/2740/2740
f 2720/2720/2720 2719/2719/2719 2741/2741/2741
f 2719/2719/2719 2740/2740/2740 2741/2741/2741
f 2721/2721/2721 2720/2720/2720 2742/2742/2742
f 2720/2720/2720 2741/2741/2741 2742/2742/2742
f 2722/2722/2722 2721/2721/2721 2743/2743/2743
f 2721/2721/2721 2742/2742/2742 2743/2743/2743
f 2723/2723/2723 2722/2722/2722 2744/2744/2744
f 2722/2722/2722 2743/2743/2743 2744/2744/2744
f 2724/2724/2724 2723/2723/2723 2745/2745/2745
f 2723/2723/2723 2744/2744/2744 2745/2745/2745
f 2725/2725/2725 2724/2724/2724 2746/2746/2746
f 2724/2724/2724 2745/2745/2745 2746/2746/2746
f 2727/2727/2727 2726/2726/2726 2748/2748/2748
f 2726/2726/2726 2747/2747/2747 2748/2748/2748
f 2728/2728/2728 2727/2727/2727 2749/2749/2749
f 2727/2727/2727 2748/2748/2748 2749/2749/2749
f 2729/2729/2729 2728/2728/2728 2750/2750/2750
f 2728/2728/2728 2749/2749/2749 2750/2750/2750
f 2730/2730/2730 2729/2729/2729 2751/2751/2751
f 2729/2729/2729 2750/2750/2750 2751/2751/2751
f 2731/2731/2731 2730/2730/2730 2752/2752/2752
f 2730/2730/2730 2751/2751/2751 2752/2752/2752
f 2732/2732/2732 2731/2731/2731 2753/2753/2753
f 2731/2731/2731 2752/2752/2752 2753/2753/2753
f 2733/2733/2733 2732/2732/2732 2754/2754/2754
f 2732/2732/2732 2753/2753/2753 2754/2754/2754
f 2734/2734/2734 2733/2733/2733 2755/2755/2755
f 2733/2733/2733 2754/2754/2754 2755/2755/2755
f 2735/2735/2735 2734/2734/2734 2756/2756/2756
f 2734/2734/2734 2755/2755/2755 2756/2756/2756
f 2736/2736/2736 2735/2735/2735 2757/2757/2757
f 2735/2735/2735 2756/2756/2756 2757/2757/2757
f 2737/2737/2737 2736/2736/2736 2758/2758/2758
f 2736/2736/2736 2757/2757/2757 2758/2758/2758
f 2738/2738/2738 2737/2737/2737 2759/2759/2759
f 2737/2737/2737 2758/2758/2758 2759/2759/2759
f 2739/2739/2739 2738/2738/2738 2760/2760/2760
f 2738/2738/2738 2759/2759/2759 2760/2760/2760
f 2740/2740/2740 2739/2739/2739 2761/2761/2761
f 2739/2739/2739 2760/2760/2760 2761/2761/2761
f 2741/2741/2741 2740/2740/2740 2762/2762/2762
f 2740/2740/2740 2761/2761/2761 2762/2762/2762
f 2742/2742/2742 2741/2741/2741 2763/2763/2763
f 2741/2741/2741 2762/2762/2762 2763/2763/2763
f 2743/2743/2743 2742/2742/2742 2764/2764/2764
f 2742/2742/2742 2763/2763/2763 2764/2764/2764
f 2744/2744/2744 2743/2743/2743 2765/2765/2765
f 2743/2743/2743 2764/2764/2764 2765/2765/2765
f 2745/2745/2745 2744/2744/2744 2766/2766/2766
f 2744/2744/2744 2765/2765/2765 2766/2766/2766
f 2746/2746/2746 2745/2745/2745 2767/2767/2767
f 2745/2745/2745 2766/2766/2766 2767/2767/2767
f 2748/2748/2748 2747/2747/2747 2769/2769/2769
f 2747/2747/2747 2768/2768/2768 2769/2769/2769
f 2749/2749/2749 2748/2748/2748 2770/2770/2770
f 2748/2748/2748 2769/2769/2769 2770/2770/2770
f 2750/2750/2750 2749/2749/2749 2771/2771/2771
f 2749/2749/2749 2770/2770/2770 2771/2771/2771
f 2751/2751/2751 2750/2750/2750 2772/2772/2772
f 2750/2750/2750 2771/2771/2771 2772/2772/2772
f 2752/2752/2752 2751/2751/2751 2773/2773/2773
f 2751/2751/2751 2772/2772/2772 2773/2773/2773
f 2753/2753/2753 2752/2752/2752 2774/2774/2774
f 2752/2752/2752 2773/2773/2773 2774/2774/2774
f 2754/2754/2754 2753/2753/2753 2775/2775/2775
f 2753/2753/2753 2774/2774/2774 2775/2775/2775
f 2755/2755/2755 2754/2754/2754 2776/2776/2776
f 2754/2754/2754 2775/2775/2775 2776/2776/2776
f 2756/2756/2756 2755/2755/2755 2777/2777/2777
f 2755/2755/2755 2776/2776/2776 2777/2777/2777
f 2757/2757/2757 2756/2756/2756 2778/2778/2778
f 2756/2756/2756 2777/2777/2777 2778/2778/2778
f 2758/2758/2758 2757/2757/2757 2779/2779/2779
f 2757/2757/2757 2778/2778/2778 2779/2779/2779
f 2759/2759/2759 2758/2758/2758 2780/2780/2780
f 2758/2758/2758 2779/2779/2779 2780/2780/2780
f 2760/2760/2760 2759/2759/2759 2781/2781/2781
f 2759/2759/2759 2780/2780/2780 2781/2781/2781
f 2761/2761/2761 2760/2760/2760 2782/2782/2782
f 2760/2760/2760 2781/2781/2781 2782/2782/2782
f 2762/2762/2762 2761/2761/2761 2783/2783/2783
f 2761/2761/2761 2782/2782/2782 2783/2783/2783
f 2763/2763/2763 2762/2762/2762 2784/2784/2784
f 2762/2762/2762 2783/2783/2783 2784/2784/2784
f 2764/2764/2764 2763/2763/2763 2785/2785/2785
f 2763/2763/2763 2784/2784/2784 2785/2785/2785
f 2765/2765/2765 2764/2764/2764 2786/2786/2786
f 2764/2764/2764 2785/2785/2785 2786/2786/2786
f 2766/2766/2766 2765/2765/2765 2787/2787/2787
f 2765/2765/2765 2786/2786/2786 2787/2787/2787
f 2767/2767/2767 2766/2766/2766 2788/2788/2788
f 2766/2766/2766 2787/2787/2787 2788/2788/2788
f 2769/2769/2769 2768/2768/2768 2790/2790/2790
f 2768/2768/2768 2789/2789/2789 2790/2790/2790
f 2770/2770/2770 2769/2769/2769 2791/2791/2791
f 2769/2769/2769 2790/2790/2790 2791/2791/2791
f 2771/2771/2771 2770/2770/2770 2792/2792/2792
f 2770/2770/2770 2791/2791/2791 2792/2792/2792
f 2772/2772/2772 2771/2771/2771 2793/2793/2793
f 2771/2771/2771 2792/2792/2792 2793/2793/2793
f 2773/2773/2773 2772/2772/2772 2794/2794/2794
f 2772/2772/2772 2793/2793/2793 2794/2794/2794
f 2774/2774/2774 2773/2773/2773 2795/2795/2795
f 2773/2773/2773 2794/2794/2794 2795/2795/2795
f 2775/2775/2775 2774/2774/2774 2796/2796/2796
f 2774/2774/2774 2795/2795/2795 2796/2796/2796
f 2776/2776/2776 2775/2775/2775 2797/2797/2797
f 2775/2775/2775 2796/2796/2796 2797/2797/2797
f 2777/2777/2777 2776/2776/2776 2798/2798/2798
f 2776/2776/2776 2797/2797/2797 2798/2798/2798
f 2778/2778/2778 2777/2777/2777 2799/2799/2799
f 2777/2777/2777 2798/2798/2798 2799/2799/2799
f 2779/2779/2779 2778/2778/2778 2800/2800/2800
f 2778/2778/2778 2799/2799/2799 2800/2800/2800
f 2780/2780/2780 2779/2779/2779 2801/2801/2801
f 2779/2779/2779 2800/2800/2800 2801/2801/2801
f 2781/2781/2781 2780/2780/2780 2802/2802/2802
f 2780/2780/2780 2801/2801/2801 2802/2802/2802
f 2782/2782/2782 2781/2781/2781 2803/2803/2803
f 2781/2781/2781 2802/2802/2802 2803/2803/2803
f 2783/2783/2783 2782/2782/2782 2804/2804/2804
f 2782/2782/2782 2803/2803/2803 2804/2804/2804
f 2784/2784/2784 2783/2783/2783 2805/2805/2805
f 2783/2783/2783 2804/2804/2804 2805/2805/2805
f 2785/2785/2785 2784/2784/2784 2806/2806/2806
f 2784/2784/2784 2805/2805/2805 2806/2806/2806
f 2786/2786/2786 2785/2785/2785 2807/2807/2807
f 2785/2785/2785 2806/2806/2806 2807/2807/2807
f 2787/2787/2787 2786/2786/2786 2808/2808/2808
f 2786/2786/2786 2807/2807/2807 2808/2808/2808
f 2788/2788/2788 2787/2787/2787 2809/2809/2809
f 2787/2787/2787 2808/2808/2808 2809/2809/2809
f 2790/2790/2790 2789/2789/2789 2811/2811/2811
f 2789/2789/2789 2810/2810/2810 2811/2811/2811
f 2791/2791/2791 2790/2790/2790 2812/2812/2812
f 2790/2790/2790 2811/2811/2811 2812/2812/2812
f 2792/2792/2792 2791/2791/2791 2813/2813/2813
f 2791/2791/2791 2812/2812/2812 2813/2813/2813
f 2793/2793/2793 2792/2792/2792 2814/2814/2814
f 2792/2792/2792 2813/2813/2813 2814/2814/2814
f 2794/2794/2794 2793/2793/2793 2815/2815/2815
f 2793/2793/2793 2814/2814/2814 2815/2815/2815
f 2795/2795/2795 2794/2794/2794 2816/2816/2816
f 2794/2794/2794 2815/2815/2815 2816/2816/2816
f 2796/2796/2796 2795/2795/2795 2817/2817/2817
f 2795/2795/2795 2816/2816/2816 2817/2817/2817
f 2797/2797/2797 2796/2796/2796 2818/2818/2818
f 2796/2796/2796 2817/2817/2817 2818/2818/2818
f 2798/2798/2798 2797/2797/2797 2819/2819/2819
f 2797/2797/2797 2818/2818/2818 2819/2819/2819
f 2799/2799/2799 2798/2798/2798 2820/2820/2820
f 2798/2798/2798 2819/2819/2819 2820/2820/2820
f 2800/2800/2800 2799/2799/2799 2821/2821/2821
f 2799/2799/2799 2820/2820/2820 2821/2821/2821
f 2801/2801/2801 2800/2800/2800 2822/2822/2822
f 2800/2800/2800 2821/2821/2821 2822/2822/2822
f 2802/2802/2802 2801/2801/2801 2823/2823/2823
f 2801/2801/2801 2822/2822/2822 2823/2823/2823
f 2803/2803/2803 2802/2802/2802 2824/2824/2824
f 2802/2802/2802 2823/2823/2823 2824/2824/2824
f 2804/2804/2804 2803/2803/2803 2825/2825/2825
f 2803/2803/2803 2824/2824/2824 2825/2825/2825
f 2805/2805/2805 2804/2804/2804 2826/2826/2826
f 2804/2804/2804 2825/2825/2825 2826/2826/2826
f 2806/2806/2806 2805/2805/2805 2827/2827/2827
f 2805/2805/2805 2826/2826/2826 2827/2827/2827
f 2807/2807/2807 2806/2806/2806 2828/2828/2828
f 2806/2806/2806 2827/2827/2827 2828/2828/2828
f 2808/2808/2808 2807/2807/2807 2829/2829/2829
f 2807/2807/2807 2828/2828/2828 2829/2829/2829
f 2809/2809/2809 2808/2808/2808 2830/2830/2830
f 2808/2808/2808 2829/2829/2829 2830/2830/2830
f 2811/2811/2811 2810/2810/2810 2832/2832/2832
f 2810/2810/2810 2831/2831/2831 2832/2832/2832
f 2812/2812/2812 2811/2811/2811 2833/2833/2833
f 2811/2811/2811 2832/2832/2832 2833/2833/2833
f 2813/2813/2813 2812/2812/2812 2834/2834/2834
f 2812/2812/2812 2833/2833/2833 2834/2834/2834
f 2814/2814/2814 2813/2813/2813 2835/2835/2835
f 2813/2813/2813 2834/2834/2834 2835/2835/2835
f 2815/2815/2815 2814/2814/2814 2836/2836/2836
f 2814/2814/2814 2835/2835/2835 2836/2836/2836
f 2816/2816/2816 2815/2815/2815 2837/2837/2837
f 2815/2815/2815 2836/2836/2836 2837/2837/2837
f 2817/2817/2817 2816/2816/2816 2838/2838/2838
f 2816/2816/2816 2837/2837/2837 2838/2838/2838
f 2818/2818/2818 2817/2817/2817 2839/2839/2839
f 2817/2817/2817 2838/2838/2838 2839/2839/2839
f 2819/2819/2819 2818/2818/2818 2840/2840/2840
f 2818/2818/2818 2839/2839/2839 2840/2840/2840
f 2820/2820/2820 2819/2819/2819 2841/2841/2841
f 2819/2819/2819 2840/2840/2840 2841/2841/2841
f 2821/2821/2821 2820/2820/2820 2842/2842/2842
f 2820/2820/2820 2841/2841/2841 2842/2842/2842
f 2822/2822/2822 2821/2821/2821 2843/2843/2843
f 2821/2821/2821 2842/2842/2842 2843/2843/2843
f 2823/2823/2823 2822/2822/2822 2844/2844/2844
f 2822/2822/2822 2843/2843/2843 2844/2844/2844
f 2824/2824/2824 2823/2823/2823 2845/2845/2845
f 2823/2823/2823 2844/2844/2844 2845/2845/2845
f 2825/2825/2825 2824/2824/2824 2846/2846/2846
f 2824/2824/2824 2845/2845/2845 2846/2846/2846
f 2826/2826/2826 2825/2825/2825 2847/2847/2847
f 2825/2825/2825 2846/2846/2846 2847/2847/2847
f 2827/2827/2827 2826/2826/2826 2848/2848/2848
f 2826/2826/2826 2847/2847/2847 2848/2848/2848
f 2828/2828/2828 2827/2827/2827 2849/2849/2849
f 2827/2827/2827 2848/2848/2848 2849/2849/2849
f 2829/2829/2829 2828/2828/2828 2850/2850/2850
f 2828/2828/2828 2849/2849/2849 2850/2850/2850
f 2830/2830/2830 2829/2829/2829 2851/2851/2851
f 2829/2829/2829 2850/2850/2850 2851/2851/2851
f 2832/2832/2832 2831/2831/2831 2853/2853/2853
f 2831/2831/2831 2852/2852/2852 2853/2853/2853
f 2833/2833/2833 2832/2832/2832 2854/2854/2854
f 2832/2832/2832 2853/2853/2853 2854/2854/2854
f 2834/2834/2834 2833/2833/2833 2855/2855/2855
f 2833/2833/2833 2854/2854/2854 2855/2855/2855
f 2835/2835/2835 2834/2834/2834 2856/2856/2856
f 2834/2834/2834 2855/2855/2855 2856/2856/2856
f 2836/2836/2836 2835/2835/2835 2857/2857/2857
f 2835/2835/2835 2856/2856/2856 2857/2857/2857
f 2837/2837/2837 2836/2836/2836 2858/2858/2858
f 2836/2836/2836 2857/2857/2857 2858/2858/2858
f 2838/2838/2838 2837/2837/2837 2859/2859/2859
f 2837/2837/2837 2858/2858/2858 2859/2859/2859
f 2839/2839/2839 2838/2838/2838 2860/2860/2860
f 2838/2838/2838 2859/2859/2859 2860/2860/2860
f 2840/2840/2840 2839/2839/2839 2861/2861/2861
f 2839/2839/2839 2860/2860/2860 2861/2861/2861
f 2841/2841/2841 2840/2840/2840 2862/2862/2862
f 2840/2840/2840 2861/2861/2861 2862/2862/2862
f 2842/2842/2842 2841/2841/2841 2863/2863/2863
f 2841/2841/2841 2862/2862/2862 2863/2863/2863
f 2843/2843/2843 2842/2842/2842 2864/2864/2864
f 2842/2842/2842 2863/2863/2863 2864/2864/2864
f 2844/2844/2844 2843/2843/2843 2865/2865/2865
f 2843/2843/2843 2864/2864/2864 2865/2865/2865
f 2845/2845/2845 2844/2844/2844 2866/2866/2866
f 2844/2844/2844 2865/2865/2865 2866/2866/2866
f 2846/2846/2846 2845/2845/2845 2867/2867/2867
f 2845/2845/2845 2866/2866/2866 2867/2867/2867
f 2847/2847/2847 2846/2846/2846 2868/2868/2868
f 2846/2846/2846 2867/2867/2867 2868/2868/2868
f 2848/2848/2848 2847/2847/2847 2869/2869/2869
f 2847/2847/2847 2868/2868/2868 2869/2869/2869
f 2849/2849/2849 2848/2848/2848 2870/2870/2870
f 2848/2848/2848 2869/2869/2869 2870/2870/2870
f 2850/2850/2850 2849/2849/2849 2871/2871/2871
f 2849/2849/2849 2870/2870/2870 2871/2871/2871
f 2851/2851/2851 2850/2850/2850 2872/2872/2872
f 2850/2850/2850 2871/2871/2871 2872/2872/2872
f 2853/2853/2853 2852/2852/2852 2874/2874/2874
f 2852/2852/2852 2873/2873/2873 2874/2874/2874
f 2854/2854/2854 2853/2853/2853 2875/2875/2875
f 2853/2853/2853 2874/2874/2874 2875/2875/2875
f 2855/2855/2855 2854/2854/2854 2876/2876/2876
f 2854/2854/2854 2875/2875/2875 2876/2876/2876
f 2856/2856/2856 2855/2855/2855 2877/2877/2877
f 2855/2855/2855 2876/2876/2876 2877/2877/2877
f 2857/2857/2857 2856/2856/2856 2878/2878/2878
f 2856/2856/2856 2877/2877/2877 2878/2878/2878
f 2858/2858/2858 2857/2857/2857 2879/2879/2879
f 2857/2857/2857 2878/2878/2878 2879/2879/2879
f 2859/2859/2859 2858/2858/2858 2880/2880/2880
f 2858/2858/2858 2879/2879/2879 2880/2880/2880
f 2860/2860/2860 2859/2859/2859 2881/2881/2881
f 2859/2859/2859 2880/2880/2880 2881/2881/2881
f 2861/2861/2861 2860/2860/2860 2882/2882/2882
f 2860/2860/2860 2881/2881/2881 2882/2882/2882
f 2862/2862/2862 2861/2861/2861 2883/2883/2883
f 2861/2861/2861 2882/2882/2882 2883/2883/2883
f 2863/2863/2863 2862/2862/2862 2884/2884/2884
f 2862/2862/2862 2883/2883/2883 2884/2884/2884
f 2864/2864/2864 2863/2863/2863 2885/2885/2885
f 2863/2863/2863 2884/2884/2884 2885/2885/2885
f 2865/2865/2865 2864/2864/2864 2886/2886/2886
f 2864/2864/2864 2885/2885/2885 2886/2886/2886
f 2866/2866/2866 2865/2865/2865 2887/2887/2887
f 2865/2865/2865 2886/2886/2886 2887/2887/2887
f 2867/2867/2867 2866/2866/2866 2888/2888/2888
f 2866/2866/2866 2887/2887/2887 2888/2888/2888
f 2868/2868/2868 2867/2867/2867 2889/2889/2889
f 2867/2867/2867 2888/2888/2888 2889/2889/2889
f 2869/2869/2869 2868/2868/2868 2890/2890/2890
f 2868/2868/2868 2889/2889/2889 2890/2890/2890
f 2870/2870/2870 2869/2869/2869 2891/2891/2891
f 2869/2869/2869 2890/2890/2890 2891/2891/2891
f 2871/2871/2871 2870/2870/2870 2892/2892/2892
f 2870/2870/2870 2891/2891/2891 2892/2892/2892
f 2872/2872/2872 2871/2871/2871 2893/2893/2893
f 2871/2871/2871 2892/2892/2892 2893/2893/2893
f 2874/2874/2874 2873/2873/2873 2895/2895/2895
f 2873/2873/2873 2894/2894/2894 2895/2895/2895
f 2875/2875/2875 2874/2874/2874 2896/2896/2896
f 2874/2874/2874 2895/2895/2895 2896/2896/2896
f 2876/2876/2876 2875/2875/2875 2897/2897/2897
f 2875/2875/2875 2896/2896/2896 2897/2897/2897
f 2877/2877/2877 2876/2876/2876 2898/2898/2898
f 2876/2876/2876 2897/2897/2897 2898/2898/2898
f 2878/2878/2878 2877/2877/2877 2899/2899/2899
f 2877/2877/2877 2898/2898/2898 2899/2899/2899
f 2879/2879/2879 2878/2878/2878 2900/2900/2900
f 2878/2878/2878 2899/2899/2899 2900/2900/2900
f 2880/2880/2880 2879/2879/2879 2901/2901/2901
f 2879/2879/2879 2900/2900/2900 2901/2901/2901
f 2881/2881/2881 2880/2880/2880 2902/2902/2902
f 2880/2880/2880 2901/2901/2901 2902/2902/2902
f 2882/2882/2882 2881/2881/2881 2903/2903/2903
f 2881/2881/2881 2902/2902/2902 2903/2903/2903
f 2883/2883/2883 2882/2882/2882 2904/2904/2904
f 2882/2882/2882 2903/2903/2903 2904/2904/2904
f 2884/2884/2884 2883/2883/2883 2905/2905/2905
f 2883/2883/2883 2904/2904/2904 2905/2905/2905
f 2885/2885/2885 2884/2884/2884 2906/2906/2906
f 2884/2884/2884 2905/2905/2905 2906/2906/2906
f 2886/2886/2886 2885/2885/2885 2907/2907/2907
f 2885/2885/2885 2906/2906/2906 2907/2907/2907
f 2887/2887/2887 2886/2886/2886 2908/2908/2908
f 2886/2886/2886 2907/2907/2907 2908/2908/2908
f 2888/2888/2888 2887/2887/2887 2909/2909/2909
f 2887/2887/2887 2908/2908/2908 2909/2909/2909
f 2889/2889/2889 2888/2888/2888 2910/2910/2910
f 2888/2888/2888 2909/2909/2909 2910/2910/2910
f 2890/2890/2890 2889/2889/2889 2911/2911/2911
f 2889/2889/2889 2910/2910/2910 2911/2911/2911
f 2891/2891/2891 2890/2890/2890 2912/2912/2912
f 2890/2890/2890 2911/2911/2911 2912/2912/2912
f 2892/2892/2892 2891/2891/2891 2913/2913/2913
f 2891/2891/2891 2912/2912/2912 2913/2913/2913
f 2893/2893/2893 2892/2892/2892 2914/2914/2914
f 2892/2892/2892 2913/2913/2913 2914/2914/2914
f 2895/2895/2895 2894/2894/2894 2916/2916/2916
f 2894/2894/2894 2915/2915/2915 2916/2916/2916
f 2896/2896/2896 2895/2895/2895 2917/2917/2917
f 2895/2895/2895 2916/2916/2916 2917/2917/2917
f 2897/2897/2897 2896/2896/2896 2918/2918/2918
f 2896/2896/2896 2917/2917/2917 2918/2918/2918
f 2898/2898/2898 2897/2897/2897 2919/2919/2919
f 2897/2897/2897 2918/2918/2918 2919/2919/2919
f 2899/2899/2899 2898/2898/2898 2920/2920/2920
f 2898/2898/2898 2919/2919/2919 2920/2920/2920
f 2900/2900/2900 2899/2899/2899 2921/2921/2921
f 2899/2899/2899 2920/2920/2920 2921/2921/2921
f 2901/2901/2901 2900/2900/2900 2922/2922/2922
f 2900/2900/2900 2921/2921/2921 2922/2922/2922
f 2902/2902/2902 2901/2901/2901 2923/2923/2923
f 2901/2901/2901 2922/2922/2922 2923/2923/2923
f 2903/2903/2903 2902/2902/2902 2924/2924/2924
f 2902/2902/2902 2923/2923/2923 2924/2924/2924
f 2904/2904/2904 2903/2903/2903 2925/2925/2925
f 2903/2903/2903 2924/2924/2924 2925/2925/2925
f 2905/2905/2905 2904/2904/2904 2926/2926/2926
f 2904/2904/2904 2925/2925/2925 2926/2926/2926
f 2906/2906/2906 2905/2905/2905 2927/2927/2927
f 2905/2905/2905 2926/2926/2926 2927/2927/2927
f 2907/2907/2907 2906/2906/2906 2928/2928/2928
f 2906/2906/2906 2927/2927/2927 2928/2928/2928
f 2908/2908/2908 2907/2907/2907 2929/2929/2929
f 2907/2907/2907 2928/2928/2928 2929/2929/2929
f 2909/2909/2909 2908/2908/2908 2930/2930/2930
f 2908/2908/2908 2929/2929/2929 2930/2930/2930
f 2910/2910/2910 2909/2909/2909 2931/2931/2931
f 2909/2909/2909 2930/2930/2930 2931/2931/2931
f 2911/2911/2911 2910/2910/2910 2932/2932/2932
f 2910/2910/2910 2931/2931/2931 2932/2932/2932
f 2912/2912/2912 2911/2911/2911 2933/2933/2933
f 2911/2911/2911 2932/2932/2932 2933/2933/2933
f 2913/2913/2913 2912/2912/2912 2934/2934/2934
f 2912/2912/2912 2933/2933/2933 2934/2934/2934
f 2914/2914/2914 2913/2913/2913 2935/2935/2935
f 2913/2913/2913 2934/2934/2934 2935/2935/2935
f 2916/2916/2916 2915/2915/2915 2937/2937/2937
f 2915/2915/2915 2936/2936/2936 2937/2937/2937
f 2917/2917/2917 2916/2916/2916 2938/2938/2938
f 2916/2916/2916 2937/2937/2937 2938/2938/2938
f 2918/2918/2918 2917/2917/2917 2939/2939/2939
f 2917/2917/2917 2938/2938/2938 2939/2939/2939
f 2919/2919/2919 2918/2918/2918 2940/2940/2940
f 2918/2918/2918 2939/2939/2939 2940/2940/2940
f 2920/2920/2920 2919/2919/2919 2941/2941/2941
f 2919/2919/2919 2940/2940/2940 2941/2941/2941
f 2921/2921/2921 2920/2920/2920 2942/2942/2942
f 2920/2920/2920 2941/2941/2941 2942/2942/2942
f 2922/2922/2922 2921/2921/2921 2943/2943/2943
f 2921/2921/2921 2942/2942/2942 2943/2943/2943
f 2923/2923/2923 2922/2922/2922 2944/2944/2944
f 2922/2922/2922 2943/2943/2943 2944/2944/2944
f 2924/2924/2924 2923/2923/2923 2945/2945/2945
f 2923/2923/2923 2944/2944/2944 2945/2945/2945
f 2925/2925/2925 2924/2924/2924 2946/2946/2946
f 2924/2924/2924 2945/2945/2945 2946/2946/2946
f 2926/2926/2926 2925/2925/2925 2947/2947/2947
f 2925/2925/2925 2946/2946/2946 2947/2947/2947
f 2927/2927/2927 2926/2926/2926 2948/2948/2948
f 2926/2926/2926 2947/2947/2947 2948/2948/2948
f 2928/2928/2928 2927/2927/2927 2949/2949/2949
f 2927/2927/2927 2948/2948/2948 2949/2949/2949
f 2929/2929/2929 2928/2928/2928 2950/2950/2950
f 2928/2928/2928 2949/2949/2949 2950/2950/2950
f 2930/2930/2930 2929/2929/2929 2951/2951/2951
f 2929/2929/2929 2950/2950/2950 2951/2951/2951
f 2931/2931/2931 2930/2930/2930 2952/2952/2952
f 2930/2930/2930 2951/2951/2951 2952/2952/2952
f 2932/2932/2932 2931/2931/2931 2953/2953/2953
f 2931/2931/2931 2952/2952/2952 2953/2953/2953
f 2933/2933/2933 2932/2932/2932 2954/2954/2954
f 2932/2932/2932 2953/2953/2953 2954/2954/2954
f 2934/2934/2934 2933/2933/2933 2955/2955/2955
f 2933/2933/2933 2954/2954/2954 2955/2955/2955
f 2935/2935/2935 2934/2934/2934 2956/2956/2956
f 2934/2934/2934 2955/2955/2955 2956/2956/2956
f 2937/2937/2937 2936/2936/2936 2958/2958/2958
f 2938/2938/2938 2937/2937/2937 2959/2959/2959
f 2939/2939/2939 2938/2938/2938 2960/2960/2960
f 2940/2940/2940 2939/2939/2939 2961/2961/2961
f 2941/2941/2941 2940/2940/2940 2962/2962/2962
f 2942/2942/2942 2941/2941/2941 2963/2963/2963
f 2943/2943/2943 2942/2942/2942 2964/2964/2964
f 2944/2944/2944 2943/2943/2943 2965/2965/2965
f 2945/2945/2945 2944/2944/2944 2966/2966/2966
f 2946/2946/2946 2945/2945/2945 2967/2967/2967
f 2947/2947/2947 2946/2946/2946 2968/2968/2968
f 2948/2948/2948 2947/2947/2947 2969/2969/2969
f 2949/2949/2949 2948/2948/2948 2970/2970/2970
f 2950/2950/2950 2949/2949/2949 2971/2971/2971
f 2951/2951/2951 2950/2950/2950 2972/2972/2972
f 2952/2952/2952 2951/2951/2951 2973/2973/2973
f 2953/2953/2953 2952/2952/2952 2974/2974/2974
f 2954/2954/2954 2953/2953/2953 2975/2975/2975
f 2955/2955/2955 2954/2954/2954 2976/2976/2976
f 2956/2956/2956 2955/2955/2955 2977/2977/2977
o forearm_r
usemtl plate
v 0.21 0.31223814322216803 0.0272576185052195
v 0.2184190359339118 0.3120376671458641 0.025595011287926694
v 0.22555634941905736 0.31146675960239567 0.020860306680386884
v 0.23032534964382648 0.31061233605097593 0.01377432021553811
v 0.2319999998807907 0.3096044746760826 0.005415828634786455
v 0.23032534964382648 0.3085966133011893 -0.0029426629459652024
v 0.22555634941905736 0.3077421897497696 -0.010028649410813977
v 0.2184190359339118 0.3071712822063011 -0.014763354018353787
v 0.21 0.3069708061299972 -0.016425961235646592
v 0.2015809640660882 0.3071712822063011 -0.014763354018353787
v 0.19444365058094262 0.3077421897497696 -0.010028649410813977
v 0.1896746503561735 0.3085966133011893 -0.0029426629459652024
v 0.18800000011920928 0.3096044746760826 0.005415828634786449
v 0.1896746503561735 0.31061233605097593 0.01377432021553811
v 0.19444365058094262 0.31146675960239567 0.020860306680386884
v 0.2015809640660882 0.3120376671458641 0.025595011287926694
v 0.21 0.31223814322216803 0.0272576185052195
v 0.21 0.20374746723147047 0.04638281402717388
v 0.2207151363044977 0.20349231567918985 0.04426676696486925
v 0.22979899033904075 0.20276570615949596 0.03824077995500048
v 0.2358686263114214 0.20167825794233046 0.029222251222670165
v 0.23800000086426734 0.20039552532391738 0.01858417136521355
v 0.2358686263114214 0.19911279270550433 0.007946091507756929
v 0.22979899033904075 0.19802534448833883 -0.0010724372245733832
v 0.2207151363044977 0.19729873496864492 -0.007098424234442159
v 0.21 0.1970435834163643 -0.009214471296746796
v 0.19928486369550227 0.19729873496864492 -0.007098424234442159
v 0.19020100966095924 0.19802534448833883 -0.0010724372245733832
v 0.1841313736885786 0.19911279270550433 0.007946091507756929
v 0.18199999913573264 0.20039552532391738 0.018584171365213543
v 0.1841313736885786 0.20167825794233046 0.029222251222670165
v 0.19020100966095924 0.20276570615949596 0.03824077995500048
v 0.19928486369550227 0.20349231567918985 0.04426676696486925
v 0.21 0.20374746723147047 0.04638281402717388
v 0.21 0.3096044746760826 0.005415828634786454
v 0.21 0.3096044746760826 0.005415828634786454
v 0.21 0.3096044746760826 0.005415828634786454
v 0.21 0.3096044746760826 0.005415828634786454
v 0.21 0.3096044746760826 0.005415828634786454
v 0.21 0.3096044746760826 0.005415828634786454
v 0.21 0.3096044746760826 0.005415828634786454
v 0.21 0.3096044746760826 0.005415828634786454
v 0.21 0.3096044746760826 0.005415828634786454
v 0.21 0.3096044746760826 0.005415828634786454
v 0.21 0.3096044746760826 0.005415828634786454
v 0.21 0.3096044746760826 0.005415828634786454
v 0.21 0.3096044746760826 0.005415828634786454
v 0.21 0.3096044746760826 0.005415828634786454
v 0.21 0.3096044746760826 0.005415828634786454
v 0.21 0.3096044746760826 0.005415828634786454
v 0.21 0.31223814322216803 0.0272576185052195
v 0.2184190359339118 0.3120376671458641 0.025595011287926694
v 0.22555634941905736 0.31146675960239567 0.020860306680386884
v 0.23032534964382648 0.31061233605097593 0.01377432021553811
v 0.2319999998807907 0.3096044746760826 0.005415828634786455
v 0.23032534964382648 0.3085966133011893 -0.0029426629459652024
v 0.22555634941905736 0.3077421897497696 -0.010028649410813977
v 0.2184190359339118 0.3071712822063011 -0.014763354018353787
v 0.21 0.3069708061299972 -0.016425961235646592
v 0.2015809640660882 0.3071712822063011 -0.014763354018353787
v 0.19444365058094262 0.3077421897497696 -0.010028649410813977
v 0.1896746503561735 0.3085966133011893 -0.0029426629459652024
v 0.18800000011920928 0.3096044746760826 0.005415828634786449
v 0.1896746503561735 0.31061233605097593 0.01377432021553811
v 0.19444365058094262 0.31146675960239567 0.020860306680386884
v 0.2015809640660882 0.3120376671458641 0.025595011287926694
v 0.21 0.31223814322216803 0.0272576185052195
v 0.21 0.20039552532391738 0.018584171365213547
v 0.21 0.20039552532391738 0.018584171365213547
v 0.21 0.20039552532391738 0.018584171365213547
v 0.21 0.20039552532391738 0.018584171365213547
v 0.21 0.20039552532391738 0.018584171365213547
v 0.21 0.20039552532391738 0.018584171365213547
v 0.21 0.20039552532391738 0.018584171365213547
v 0.21 0.20039552532391738 0.018584171365213547
v 0.21 0.20039552532391738 0.018584171365213547
v 0.21 0.20039552532391738 0.018584171365213547
v 0.21 0.20039552532391738 0.018584171365213547
v 0.21 0.20039552532391738 0.018584171365213547
v 0.21 0.20039552532391738 0.018584171365213547
v 0.21 0.20039552532391738 0.018584171365213547
v 0.21 0.20039552532391738 0.018584171365213547
v 0.21 0.20039552532391738 0.018584171365213547
v 0.21 0.20374746723147047 0.04638281402717388
v 0.2207151363044977 0.20349231567918985 0.04426676696486925
v 0.22979899033904075 0.20276570615949596 0.03824077995500048
v 0.2358686263114214 0.20167825794233046 0.029222251222670165
v 0.23800000086426734 0.20039552532391738 0.01858417136521355
v 0.2358686263114214 0.19911279270550433 0.007946091507756929
v 0.22979899033904075 0.19802534448833883 -0.0010724372245733832
v 0.2207151363044977 0.19729873496864492 -0.007098424234442159
v 0.21 0.1970435834163643 -0.009214471296746796
v 0.19928486369550227 0.19729873496864492 -0.007098424234442159
v 0.19020100966095924 0.19802534448833883 -0.0010724372245733832
v 0.1841313736885786 0.19911279270550433 0.007946091507756929
v 0.18199999913573264 0.20039552532391738 0.018584171365213543
v 0.1841313736885786 0.20167825794233046 0.029222251222670165
v 0.19020100966095924 0.20276570615949596 0.03824077995500048
v 0.19928486369550227 0.20349231567918985 0.04426676696486925
v 0.21 0.20374746723147047 0.04638281402717388
vt 0 1
vt 0.0625 1
vt 0.125 1
vt 0.1875 1
vt 0.25 1
vt 0.3125 1
vt 0.375 1
vt 0.4375 1
vt 0.5 1
vt 0.5625 1
vt 0.625 1
vt 0.6875 1
vt 0.75 1
vt 0.8125 1
vt 0.875 1
vt 0.9375 1
vt 1 1
vt 0 0
vt 0.0625 0
vt 0.125 0
vt 0.1875 0
vt 0.25 0
vt 0.3125 0
vt 0.375 0
vt 0.4375 0
vt 0.5 0
vt 0.5625 0
vt 0.625 0
vt 0.6875 0
vt 0.75 0
vt 0.8125 0
vt 0.875 0
vt 0.9375 0
vt 1 0
vt 0.5 0.5
vt 0.5 0.5
vt 0.5 0.5
vt 0.5 0.5
vt 0.5 0.5
vt 0.5 0.5
vt 0.5 0.5
vt 0.5 0.5
vt 0.5 0.5
vt 0.5 0.5
vt 0.5 0.5
vt 0.5 0.5
vt 0.5 0.5
vt 0.5 0.5
vt 0.5 0.5
vt 0.5 0.5
vt 1 0.5
vt 0.9619397521018982 0.6913416981697083
vt 0.8535534143447876 0.8535534143447876
vt 0.6913416981697083 0.9619397521018982
vt 0.5 1
vt 0.30865827202796936 0.9619397521018982
vt 0.1464466154575348 0.8535534143447876
vt 0.03806023299694061 0.6913416981697083
vt 0 0.5
vt 0.03806023299694061 0.30865827202796936
vt 0.1464466154575348 0.1464466154575348
vt 0.30865827202796936 0.03806023299694061
vt 0.5 0
vt 0.6913416981697083 0.03806023299694061
vt 0.8535534143447876 0.1464466154575348
vt 0.9619397521018982 0.30865827202796936
vt 1 0.5
vt 0.5 0.5
vt 0.5 0.5
vt 0.5 0.5
vt 0.5 0.5
vt 0.5 0.5
vt 0.5 0.5
vt 0.5 0.5
vt 0.5 0.5
vt 0.5 0.5
vt 0.5 0.5
vt 0.5 0.5
vt 0.5 0.5
vt 0.5 0.5
vt 0.5 0.5
vt 0.5 0.5
vt 0.5 0.5
vt 1 0.5
vt 0.9619397521018982 0.30865827202796936
vt 0.8535534143447876 0.1464466154575348
vt 0.6913416981697083 0.03806023299694061
vt 0.5 0
vt 0.30865827202796936 0.03806023299694061
vt 0.1464466154575348 0.1464466154575348
vt 0.03806023299694061 0.30865827202796936
vt 0 0.5
vt 0.03806023299694061 0.6913416981697083
vt 0.1464466154575348 0.8535534143447876
vt 0.30865827202796936 0.9619397521018982
vt 0.5 1
vt 0.6913416981697083 0.9619397521018982
vt 0.8535534143447876 0.8535534143447876
vt 0.9619397521018982 0.6913416981697083
vt 1 0.5
vn 0 0.1736073374333087 0.9848149533741439
vn 0.38211541787023345 0.16450831406632685 0.9093540685722539
vn 0.7060572282736011 0.13859648651180734 0.6944596491727814
vn 0.9225082257216414 0.09981669823537793 0.3728474221840572
vn 0.9985157079935664 0.054072818016740826 -0.006520064557606076
vn 0.9225082257216414 0.00832893801063107 -0.38588755132489583
vn 0.7060572282736011 -0.030450852026051047 -0.70749977810137
vn 0.38211541787023345 -0.05636267782031785 -0.9223941977130926
vn 1.2228290194778367e-16 -0.06546170139982707 -0.9978550824893563
vn -0.38211541787023345 -0.05636267782031785 -0.9223941977130926
vn -0.7060572282736011 -0.030450852026051047 -0.70749977810137
vn -0.9225082257216414 0.00832893801063107 -0.38588755132489583
vn -0.9985157079935664 0.0540728180167408 -0.006520064557606319
vn -0.9225082257216414 0.09981669823537793 0.3728474221840572
vn -0.7060572282736011 0.13859648651180734 0.6944596491727814
vn -0.38211541787023345 0.16450831406632685 0.9093540685722539
vn -2.4456580389556733e-16 0.1736073374333087 0.9848149533741439
vn 0 0.1736073374333087 0.9848149533741439
vn 0.38211541787023345 0.16450831406632685 0.9093540685722539
vn 0.7060572282736011 0.13859648651180734 0.6944596491727814
vn 0.9225082257216414 0.09981669823537793 0.3728474221840572
vn 0.9985157079935664 0.054072818016740826 -0.006520064557606076
vn 0.9225082257216414 0.00832893801063107 -0.38588755132489583
vn 0.7060572282736011 -0.030450852026051047 -0.70749977810137
vn 0.38211541787023345 -0.05636267782031785 -0.9223941977130926
vn 1.2228290194778367e-16 -0.06546170139982707 -0.9978550824893563
vn -0.38211541787023345 -0.05636267782031785 -0.9223941977130926
vn -0.7060572282736011 -0.030450852026051047 -0.70749977810137
vn -0.9225082257216414 0.00832893801063107 -0.38588755132489583
vn -0.9985157079935664 0.0540728180167408 -0.006520064557606319
vn -0.9225082257216414 0.09981669823537793 0.3728474221840572
vn -0.7060572282736011 0.13859648651180734 0.6944596491727814
vn -0.38211541787023345 0.16450831406632685 0.9093540685722539
vn -2.4456580389556733e-16 0.1736073374333087 0.9848149533741439
vn 0 0.9928086358538663 -0.11971220728891936
vn 0 0.9928086358538663 -0.11971220728891936
vn 0 0.9928086358538663 -0.11971220728891936
vn 0 0.9928086358538663 -0.11971220728891936
vn 0 0.9928086358538663 -0.11971220728891936
vn 0 0.9928086358538663 -0.11971220728891936
vn 0 0.9928086358538663 -0.11971220728891936
vn 0 0.9928086358538663 -0.11971220728891936
vn 0 0.9928086358538663 -0.11971220728891936
vn 0 0.9928086358538663 -0.11971220728891936
vn 0 0.9928086358538663 -0.11971220728891936
vn 0 0.9928086358538663 -0.11971220728891936
vn 0 0.9928086358538663 -0.11971220728891936
vn 0 0.9928086358538663 -0.11971220728891936
vn 0 0.9928086358538663 -0.11971220728891936
vn 0 0.9928086358538663 -0.11971220728891936
vn 0 0.9928086358538663 -0.11971220728891936
vn 0 0.9928086358538663 -0.11971220728891936
vn 0 0.9928086358538663 -0.11971220728891936
vn 0 0.9928086358538663 -0.11971220728891936
vn 0 0.9928086358538663 -0.11971220728891936
vn 0 0.9928086358538663 -0.11971220728891936
vn 0 0.9928086358538663 -0.11971220728891936
vn 0 0.9928086358538663 -0.11971220728891936
vn 0 0.9928086358538663 -0.11971220728891936
vn 0 0.9928086358538663 -0.11971220728891936
vn 0 0.9928086358538663 -0.11971220728891936
vn 0 0.9928086358538663 -0.11971220728891936
vn 0 0.9928086358538663 -0.11971220728891936
vn 0 0.9928086358538663 -0.11971220728891936
vn 0 0.9928086358538663 -0.11971220728891936
vn 0 0.9928086358538663 -0.11971220728891936
vn 0 0.9928086358538663 -0.11971220728891936
vn 0 -0.9928086358538663 0.11971220728891936
vn 0 -0.9928086358538663 0.11971220728891936
vn 0 -0.9928086358538663 0.11971220728891936
vn 0 -0.9928086358538663 0.11971220728891936
vn 0 -0.9928086358538663 0.11971220728891936
vn 0 -0.9928086358538663 0.11971220728891936
vn 0 -0.9928086358538663 0.11971220728891936
vn 0 -0.9928086358538663 0.11971220728891936
vn 0 -0.9928086358538663 0.11971220728891936
vn 0 -0.9928086358538663 0.11971220728891936
vn 0 -0.9928086358538663 0.11971220728891936
vn 0 -0.9928086358538663 0.11971220728891936
vn 0 -0.9928086358538663 0.11971220728891936
vn 0 -0.9928086358538663 0.11971220728891936
vn 0 -0.9928086358538663 0.11971220728891936
vn 0 -0.9928086358538663 0.11971220728891936
vn 0 -0.9928086358538663 0.11971220728891936
vn 0 -0.9928086358538663 0.11971220728891936
vn 0 -0.9928086358538663 0.11971220728891936
vn 0 -0.9928086358538663 0.11971220728891936
vn 0 -0.9928086358538663 0.11971220728891936
vn 0 -0.9928086358538663 0.11971220728891936
vn 0 -0.9928086358538663 0.11971220728891936
vn 0 -0.9928086358538663 0.11971220728891936
vn 0 -0.9928086358538663 0.11971220728891936
vn 0 -0.9928086358538663 0.11971220728891936
vn 0 -0.9928086358538663 0.11971220728891936
vn 0 -0.9928086358538663 0.11971220728891936
vn 0 -0.9928086358538663 0.11971220728891936
vn 0 -0.9928086358538663 0.11971220728891936
vn 0 -0.9928086358538663 0.11971220728891936
vn 0 -0.9928086358538663 0.11971220728891936
vn 0 -0.9928086358538663 0.11971220728891936
f 2978/2978/2978 2995/2995/2995 2979/2979/2979
f 2995/2995/2995 2996/2996/2996 2979/2979/2979
f 2979/2979/2979 2996/2996/2996 2980/2980/2980
f 2996/2996/2996 2997/2997/2997 2980/2980/2980
f 2980/2980/2980 2997/2997/2997 2981/2981/2981
f 2997/2997/2997 2998/2998/2998 2981/2981/2981
f 2981/2981/2981 2998/2998/2998 2982/2982/2982
f 2998/2998/2998 2999/2999/2999 2982/2982/2982
f 2982/2982/2982 2999/2999/2999 2983/2983/2983
f 2999/2999/2999 3000/3000/3000 2983/2983/2983
f 2983/2983/2983 3000/3000/3000 2984/2984/2984
f 3000/3000/3000 3001/3001/3001 2984/2984/2984
f 2984/2984/2984 3001/3001/3001 2985/2985/2985
f 3001/3001/3001 3002/3002/3002 2985/2985/2985
f 2985/2985/2985 3002/3002/3002 2986/2986/2986
f 3002/3002/3002 3003/3003/3003 2986/2986/2986
f 2986/2986/2986 3003/3003/3003 2987/2987/2987
f 3003/3003/3003 3004/3004/3004 2987/2987/2987
f 2987/2987/2987 3004/3004/3004 2988/2988/2988
f 3004/3004/3004 3005/3005/3005 2988/2988/2988
f 2988/2988/2988 3005/3005/3005 2989/2989/2989
f 3005/3005/3005 3006/3006/3006 2989/2989/2989
f 2989/2989/2989 3006/3006/3006 2990/2990/2990
f 3006/3006/3006 3007/3007/3007 2990/2990/2990
f 2990/2990/2990 3007/3007/3007 2991/2991/2991
f 3007/3007/3007 3008/3008/3008 2991/2991/2991
f 2991/2991/2991 3008/3008/3008 2992/2992/2992
f 3008/3008/3008 3009/3009/3009 2992/2992/2992
f 2992/2992/2992 3009/3009/3009 2993/2993/2993
f 3009/3009/3009 3010/3010/3010 2993/2993/2993
f 2993/2993/2993 3010/3010/3010 2994/2994/2994
f 3010/3010/3010 3011/3011/3011 2994/2994/2994
f 3028/3028/3028 3029/3029/3029 3012/3012/3012
f 3029/3029/3029 3030/3030/3030 3013/3013/3013
f 3030/3030/3030 3031/3031/3031 3014/3014/3014
f 3031/3031/3031 3032/3032/3032 3015/3015/3015
f 3032/3032/3032 3033/3033/3033 3016/3016/3016
f 3033/3033/3033 3034/3034/3034 3017/3017/3017
f 3034/3034/3034 3035/3035/3035 3018/3018/3018
f 3035/3035/3035 3036/3036/3036 3019/3019/3019
f 3036/3036/3036 3037/3037/3037 3020/3020/3020
f 3037/3037/3037 3038/3038/3038 3021/3021/3021
f 3038/3038/3038 3039/3039/3039 3022/3022/3022
f 3039/3039/3039 3040/3040/3040 3023/3023/3023
f 3040/3040/3040 3041/3041/3041 3024/3024/3024
f 3041/3041/3041 3042/3042/3042 3025/3025/3025
f 3042/3042/3042 3043/3043/3043 3026/3026/3026
f 3043/3043/3043 3044/3044/3044 3027/3027/3027
f 3062/3062/3062 3061/3061/3061 3045/3045/3045
f 3063/3063/3063 3062/3062/3062 3046/3046/3046
f 3064/3064/3064 3063/3063/3063 3047/3047/3047
f 3065/3065/3065 3064/3064/3064 3048/3048/3048
f 3066/3066/3066 3065/3065/3065 3049/3049/3049
f 3067/3067/3067 3066/3066/3066 3050/3050/3050
f 3068/3068/3068 3067/3067/3067 3051/3051/3051
f 3069/3069/3069 3068/3068/3068 3052/3052/3052
f 3070/3070/3070 3069/3069/3069 3053/3053/3053
f 3071/3071/3071 3070/3070/3070 3054/3054/3054
f 3072/3072/3072 3071/3071/3071 3055/3055/3055
f 3073/3073/3073 3072/3072/3072 3056/3056/3056
f 3074/3074/3074 3073/3073/3073 3057/3057/3057
f 3075/3075/3075 3074/3074/3074 3058/3058/3058
f 3076/3076/3076 3075/3075/3075 3059/3059/3059
f 3077/3077/3077 3076/3076/3076 3060/3060/3060
o hand_r
usemtl carbon
v 0.23450000089406967 0.21500000037252903 0.05000000037252903
v 0.23450000089406967 0.21500000037252903 -3.725290284584126e-10
v 0.23450000089406967 0.16499999962747097 0.05000000037252903
v 0.23450000089406967 0.16499999962747097 -3.725290284584126e-10
v 0.18949999910593032 0.21500000037252903 -3.725290284584126e-10
v 0.18949999910593032 0.21500000037252903 0.05000000037252903
v 0.18949999910593032 0.16499999962747097 -3.725290284584126e-10
v 0.18949999910593032 0.16499999962747097 0.05000000037252903
v 0.18949999910593032 0.21500000037252903 -3.725290284584126e-10
v 0.23450000089406967 0.21500000037252903 -3.725290284584126e-10
v 0.18949999910593032 0.21500000037252903 0.05000000037252903
v 0.23450000089406967 0.21500000037252903 0.05000000037252903
v 0.18949999910593032 0.16499999962747097 0.05000000037252903
v 0.23450000089406967 0.16499999962747097 0.05000000037252903
v 0.18949999910593032 0.16499999962747097 -3.725290284584126e-10
v 0.23450000089406967 0.16499999962747097 -3.725290284584126e-10
v 0.18949999910593032 0.21500000037252903 0.05000000037252903
v 0.23450000089406967 0.21500000037252903 0.05000000037252903
v 0.18949999910593032 0.16499999962747097 0.05000000037252903
v 0.23450000089406967 0.16499999962747097 0.05000000037252903
v 0.23450000089406967 0.21500000037252903 -3.725290284584126e-10
v 0.18949999910593032 0.21500000037252903 -3.725290284584126e-10
v 0.23450000089406967 0.16499999962747097 -3.725290284584126e-10
v 0.18949999910593032 0.16499999962747097 -3.725290284584126e-10
vt 0 1
vt 1 1
vt 0 0
vt 1 0
vt 0 1
vt 1 1
vt 0 0
vt 1 0
vt 0 1
vt 1 1
vt 0 0
vt 1 0
vt 0 1
vt 1 1
vt 0 0
vt 1 0
vt 0 1
vt 1 1
vt 0 0
vt 1 0
vt 0 1
vt 1 1
vt 0 0
vt 1 0
vn 1 0 0
vn 1 0 0
vn 1 0 0
vn 1 0 0
vn -1 0 0
vn -1 0 0
vn -1 0 0
vn -1 0 0
vn 0 1 0
vn 0 1 0
vn 0 1 0
vn 0 1 0
vn 0 -1 0
vn 0 -1 0
vn 0 -1 0
vn 0 -1 0
vn 0 0 1
vn 0 0 1
vn 0 0 1
vn 0 0 1
vn 0 0 -1
vn 0 0 -1
vn 0 0 -1
vn 0 0 -1
f 3078/3078/3078 3080/3080/3080 3079/3079/3079
f 3080/3080/3080 3081/3081/3081 3079/3079/3079
f 3082/3082/3082 3084/3084/3084 3083/3083/3083
f 3084/3084/3084 3085/3085/3085 3083/3083/3083
f 3086/3086/3086 3088/3088/3088 3087/3087/3087
f 3088/3088/3088 3089/3089/3089 3087/3087/3087
f 3090/3090/3090 3092/3092/3092 3091/3091/3091
f 3092/3092/3092 3093/3093/3093 3091/3091/3091
f 3094/3094/3094 3096/3096/3096 3095/3095/3095
f 3096/3096/3096 3097/3097/3097 3095/3095/3095
f 3098/3098/3098 3100/3100/3100 3099/3099/3099
f 3100/3100/3100 3101/3101/3101 3099/3099/3099
o neck
usemtl joint
v 0 0.5824999998509884 0.03200000151991844
v 0.01224587019532919 0.5824999998509884 0.02956414595246315
v 0.022627416998147964 0.5824999998509884 0.022627416998147964
v 0.02956414595246315 0.5824999998509884 0.01224587019532919
v 0.03200000151991844 0.5824999998509884 1.9594349475926563e-18
v 0.02956414595246315 0.5824999998509884 -0.01224587019532919
v 0.022627416998147964 0.5824999998509884 -0.022627416998147964
v 0.01224587019532919 0.5824999998509884 -0.02956414595246315
v 3.918869895185313e-18 0.5824999998509884 -0.03200000151991844
v -0.01224587019532919 0.5824999998509884 -0.02956414595246315
v -0.022627416998147964 0.5824999998509884 -0.022627416998147964
v -0.02956414595246315 0.5824999998509884 -0.01224587019532919
v -0.03200000151991844 0.5824999998509884 -5.878304429187663e-18
v -0.02956414595246315 0.5824999998509884 0.01224587019532919
v -0.022627416998147964 0.5824999998509884 0.022627416998147964
v -0.01224587019532919 0.5824999998509884 0.02956414595246315
v -7.837739790370625e-18 0.5824999998509884 0.03200000151991844
v 0 0.5275000001490117 0.041999999433755875
v 0.016072703525424004 0.5275000001490117 0.038802940398454666
v 0.029698485508561134 0.5275000001490117 0.029698485508561134
v 0.038802940398454666 0.5275000001490117 0.016072703525424004
v 0.041999999433755875 0.5275000001490117 2.571758291167179e-18
v 0.038802940398454666 0.5275000001490117 -0.016072703525424004
v 0.029698485508561134 0.5275000001490117 -0.029698485508561134
v 0.016072703525424004 0.5275000001490117 -0.038802940398454666
v 5.143516582334358e-18 0.5275000001490117 -0.041999999433755875
v -0.016072703525424004 0.5275000001490117 -0.038802940398454666
v -0.029698485508561134 0.5275000001490117 -0.029698485508561134
v -0.038802940398454666 0.5275000001490117 -0.016072703525424004
v -0.041999999433755875 0.5275000001490117 -7.715274873501537e-18
v -0.038802940398454666 0.5275000001490117 0.016072703525424004
v -0.029698485508561134 0.5275000001490117 0.029698485508561134
v -0.016072703525424004 0.5275000001490117 0.038802940398454666
v -1.0287033164668716e-17 0.5275000001490117 0.041999999433755875
v 0 0.5824999998509884 0
v 0 0.5824999998509884 0
v 0 0.5824999998509884 0
v 0 0.5824999998509884 0
v 0 0.5824999998509884 0
v 0 0.5824999998509884 0
v 0 0.5824999998509884 0
v 0 0.5824999998509884 0
v 0 0.5824999998509884 0
v 0 0.5824999998509884 0
v 0 0.5824999998509884 0
v 0 0.5824999998509884 0
v 0 0.5824999998509884 0
v 0 0.5824999998509884 0
v 0 0.5824999998509884 0
v 0 0.5824999998509884 0
v 0 0.5824999998509884 0.03200000151991844
v 0.01224587019532919 0.5824999998509884 0.02956414595246315
v 0.022627416998147964 0.5824999998509884 0.022627416998147964
v 0.02956414595246315 0.5824999998509884 0.01224587019532919
v 0.03200000151991844 0.5824999998509884 1.9594349475926563e-18
v 0.02956414595246315 0.5824999998509884 -0.01224587019532919
v 0.022627416998147964 0.5824999998509884 -0.022627416998147964
v 0.01224587019532919 0.5824999998509884 -0.02956414595246315
v 3.918869895185313e-18 0.5824999998509884 -0.03200000151991844
v -0.01224587019532919 0.5824999998509884 -0.02956414595246315
v -0.022627416998147964 0.5824999998509884 -0.022627416998147964
v -0.02956414595246315 0.5824999998509884 -0.01224587019532919
v -0.03200000151991844 0.5824999998509884 -5.878304429187663e-18
v -0.02956414595246315 0.5824999998509884 0.01224587019532919
v -0.022627416998147964 0.5824999998509884 0.022627416998147964
v -0.01224587019532919 0.5824999998509884 0.02956414595246315
v -7.837739790370625e-18 0.5824999998509884 0.03200000151991844
v 0 0.5275000001490117 0
v 0 0.5275000001490117 0
v 0 0.5275000001490117 0
v 0 0.5275000001490117 0
v 0 0.5275000001490117 0
v 0 0.5275000001490117 0
v 0 0.5275000001490117 0
v 0 0.5275000001490117 0
v 0 0.5275000001490117 0
v 0 0.5275000001490117 0
v 0 0.5275000001490117 0
v 0 0.5275000001490117 0
v 0 0.5275000001490117 0
v 0 0.5275000001490117 0
v 0 0.5275000001490117 0
v 0 0.5275000001490117 0
v 0 0.5275000001490117 0.041999999433755875
v 0.016072703525424004 0.5275000001490117 0.038802940398454666
v 0.029698485508561134 0.5275000001490117 0.029698485508561134
v 0.038802940398454666 0.5275000001490117 0.016072703525424004
v 0.041999999433755875 0.5275000001490117 2.571758291167179e-18
v 0.038802940398454666 0.5275000001490117 -0.016072703525424004
v 0.029698485508561134 0.5275000001490117 -0.029698485508561134
v 0.016072703525424004 0.5275000001490117 -0.038802940398454666
v 5.143516582334358e-18 0.5275000001490117 -0.041999999433755875
v -0.016072703525424004 0.5275000001490117 -0.038802940398454666
v -0.029698485508561134 0.5275000001490117 -0.029698485508561134
v -0.038802940398454666 0.5275000001490117 -0.016072703525424004
v -0.041999999433755875 0.5275000001490117 -7.715274873501537e-18
v -0.038802940398454666 0.5275000001490117 0.016072703525424004
v -0.029698485508561134 0.5275000001490117 0.029698485508561134
v -0.016072703525424004 0.5275000001490117 0.038802940398454666
v -1.0287033164668716e-17 0.5275000001490117 0.041999999433755875
vt 0 1
vt 0.0625 1
vt 0.125 1
vt 0.1875 1
vt 0.25 1
vt 0.3125 1
vt 0.375 1
vt 0.4375 1
vt 0.5 1
vt 0.5625 1
vt 0.625 1
vt 0.6875 1
vt 0.75 1
vt 0.8125 1
vt 0.875 1
vt 0.9375 1
vt 1 1
vt 0 0
vt 0.0625 0
vt 0.125 0
vt 0.1875 0
vt 0.25 0
vt 0.3125 0
vt 0.375 0
vt 0.4375 0
vt 0.5 0
vt 0.5625 0
vt 0.625 0
vt 0.6875 0
vt 0.75 0
vt 0.8125 0
vt 0.875 0
vt 0.9375 0
vt 1 0
vt 0.5 0.5
vt 0.5 0.5
vt 0.5 0.5
vt 0.5 0.5
vt 0.5 0.5
vt 0.5 0.5
vt 0.5 0.5
vt 0.5 0.5
vt 0.5 0.5
vt 0.5 0.5
vt 0.5 0.5
vt 0.5 0.5
vt 0.5 0.5
vt 0.5 0.5
vt 0.5 0.5
vt 0.5 0.5
vt 1 0.5
vt 0.9619397521018982 0.6913416981697083
vt 0.8535534143447876 0.8535534143447876
vt 0.6913416981697083 0.9619397521018982
vt 0.5 1
vt 0.30865827202796936 0.9619397521018982
vt 0.1464466154575348 0.8535534143447876
vt 0.03806023299694061 0.6913416981697083
vt 0 0.5
vt 0.03806023299694061 0.30865827202796936
vt 0.1464466154575348 0.1464466154575348
vt 0.30865827202796936 0.03806023299694061
vt 0.5 0
vt 0.6913416981697083 0.03806023299694061
vt 0.8535534143447876 0.1464466154575348
vt 0.9619397521018982 0.30865827202796936
vt 1 0.5
vt 0.5 0.5
vt 0.5 0.5
vt 0.5 0.5
vt 0.5 0.5
vt 0.5 0.5
vt 0.5 0.5
vt 0.5 0.5
vt 0.5 0.5
vt 0.5 0.5
vt 0.5 0.5
vt 0.5 0.5
vt 0.5 0.5
vt 0.5 0.5
vt 0.5 0.5
vt 0.5 0.5
vt 0.5 0.5
vt 1 0.5
vt 0.9619397521018982 0.30865827202796936
vt 0.8535534143447876 0.1464466154575348
vt 0.6913416981697083 0.03806023299694061
vt 0.5 0
vt 0.30865827202796936 0.03806023299694061
vt 0.1464466154575348 0.1464466154575348
vt 0.03806023299694061 0.30865827202796936
vt 0 0.5
vt 0.03806023299694061 0.6913416981697083
vt 0.1464466154575348 0.8535534143447876
vt 0.30865827202796936 0.9619397521018982
vt 0.5 1
vt 0.6913416981697083 0.9619397521018982
vt 0.8535534143447876 0.8535534143447876
vt 0.9619397521018982 0.6913416981697083
vt 1 0.5
vn 0 0.1788854447564941 0.9838699089078147
vn 0.37651071057365604 0.17888544549737376 0.9089772726600632
vn 0.6957010836690845 0.1788854503958417 0.6957010836690845
vn 0.9089772726600632 0.17888544549737376 0.37651071057365604
vn 0.9838699089078147 0.1788854447564941 6.024465580906214e-17
vn 0.9089772726600632 0.17888544549737376 -0.37651071057365604
vn 0.6957010836690845 0.1788854503958417 -0.6957010836690845
vn 0.37651071057365604 0.17888544549737376 -0.9089772726600632
vn 1.2048931161812427e-16 0.1788854447564941 -0.9838699089078147
vn -0.37651071057365604 0.17888544549737376 -0.9089772726600632
vn -0.6957010836690845 0.1788854503958417 -0.6957010836690845
vn -0.9089772726600632 0.17888544549737376 -0.37651071057365604
vn -0.9838699089078147 0.1788854447564941 -1.807339740446313e-16
vn -0.9089772726600632 0.17888544549737376 0.37651071057365604
vn -0.6957010836690845 0.1788854503958417 0.6957010836690845
vn -0.37651071057365604 0.17888544549737376 0.9089772726600632
vn -2.4097862323624854e-16 0.1788854447564941 0.9838699089078147
vn 0 0.1788854447564941 0.9838699089078147
vn 0.37651071057365604 0.17888544549737376 0.9089772726600632
vn 0.6957010836690845 0.1788854503958417 0.6957010836690845
vn 0.9089772726600632 0.17888544549737376 0.37651071057365604
vn 0.9838699089078147 0.1788854447564941 6.024465580906214e-17
vn 0.9089772726600632 0.17888544549737376 -0.37651071057365604
vn 0.6957010836690845 0.1788854503958417 -0.6957010836690845
vn 0.37651071057365604 0.17888544549737376 -0.9089772726600632
vn 1.2048931161812427e-16 0.1788854447564941 -0.9838699089078147
vn -0.37651071057365604 0.17888544549737376 -0.9089772726600632
vn -0.6957010836690845 0.1788854503958417 -0.6957010836690845
vn -0.9089772726600632 0.17888544549737376 -0.37651071057365604
vn -0.9838699089078147 0.1788854447564941 -1.807339740446313e-16
vn -0.9089772726600632 0.17888544549737376 0.37651071057365604
vn -0.6957010836690845 0.1788854503958417 0.6957010836690845
vn -0.37651071057365604 0.17888544549737376 0.9089772726600632
vn -2.4097862323624854e-16 0.1788854447564941 0.9838699089078147
vn 0 1 0
vn 0 1 0
vn 0 1 0
vn 0 1 0
vn 0 1 0
vn 0 1 0
vn 0 1 0
vn 0 1 0
vn 0 1 0
vn 0 1 0
vn 0 1 0
vn 0 1 0
vn 0 1 0
vn 0 1 0
vn 0 1 0
vn 0 1 0
vn 0 1 0
vn 0 1 0
vn 0 1 0
vn 0 1 0
vn 0 1 0
vn 0 1 0
vn 0 1 0
vn 0 1 0
vn 0 1 0
vn 0 1 0
vn 0 1 0
vn 0 1 0
vn 0 1 0
vn 0 1 0
vn 0 1 0
vn 0 1 0
vn 0 1 0
vn 0 -1 0
vn 0 -1 0
vn 0 -1 0
vn 0 -1 0
vn 0 -1 0
vn 0 -1 0
vn 0 -1 0
vn 0 -1 0
vn 0 -1 0
vn 0 -1 0
vn 0 -1 0
vn 0 -1 0
vn 0 -1 0
vn 0 -1 0
vn 0 -1 0
vn 0 -1 0
vn 0 -1 0
vn 0 -1 0
vn 0 -1 0
vn 0 -1 0
vn 0 -1 0
vn 0 -1 0
vn 0 -1 0
vn 0 -1 0
vn 0 -1 0
vn 0 -1 0
vn 0 -1 0
vn 0 -1 0
vn 0 -1 0
vn 0 -1 0
vn 0 -1 0
vn 0 -1 0
vn 0 -1 0
f 3102/3102/3102 3119/3119/3119 3103/3103/3103
f 3119/3119/3119 3120/3120/3120 3103/3103/3103
f 3103/3103/3103 3120/3120/3120 3104/3104/3104
f 3120/3120/3120 3121/3121/3121 3104/3104/3104
f 3104/3104/3104 3121/3121/3121 3105/3105/3105
f 3121/3121/3121 3122/3122/3122 3105/3105/3105
f 3105/3105/3105 3122/3122/3122 3106/3106/3106
f 3122/3122/3122 3123/3123/3123 3106/3106/3106
f 3106/3106/3106 3123/3123/3123 3107/3107/3107
f 3123/3123/3123 3124/3124/3124 3107/3107/3107
f 3107/3107/3107 3124/3124/3124 3108/3108/3108
f 3124/3124/3124 3125/3125/3125 3108/3108/3108
f 3108/3108/3108 3125/3125/3125 3109/3109/3109
f 3125/3125/3125 3126/3126/3126 3109/3109/3109
f 3109/3109/3109 3126/3126/3126 3110/3110/3110
f 3126/3126/3126 3127/3127/3127 3110/3110/3110
f 3110/3110/3110 3127/3127/3127 3111/3111/3111
f 3127/3127/3127 3128/3128/3128 3111/3111/3111
f 3111/3111/3111 3128/3128/3128 3112/3112/3112
f 3128/3128/3128 3129/3129/3129 3112/3112/3112
f 3112/3112/3112 3129/3129/3129 3113/3113/3113
f 3129/3129/3129 3130/3130/3130 3113/3113/3113
f 3113/3113/3113 3130/3130/3130 3114/3114/3114
f 3130/3130/3130 3131/3131/3131 3114/3114/3114
f 3114/3114/3114 3131/3131/3131 3115/3115/3115
f 3131/3131/3131 3132/3132/3132 3115/3115/3115
f 3115/3115/3115 3132/3132/3132 3116/3116/3116
f 3132/3132/3132 3133/3133/3133 3116/3116/3116
f 3116/3116/3116 3133/3133/3133 3117/3117/3117
f 3133/3133/3133 3134/3134/3134 3117/3117/3117
f 3117/3117/3117 3134/3134/3134 3118/3118/3118
f 3134/3134/3134 3135/3135/3135 3118/3118/3118
f 3152/3152/3152 3153/3153/3153 3136/3136/3136
f 3153/3153/3153 3154/3154/3154 3137/3137/3137
f 3154/3154/3154 3155/3155/3155 3138/3138/3138
f 3155/3155/3155 3156/3156/3156 3139/3139/3139
f 3156/3156/3156 3157/3157/3157 3140/3140/3140
f 3157/3157/3157 3158/3158/3158 3141/3141/3141
f 3158/3158/3158 3159/3159/3159 3142/3142/3142
f 3159/3159/3159 3160/3160/3160 3143/3143/3143
f 3160/3160/3160 3161/3161/3161 3144/3144/3144
f 3161/3161/3161 3162/3162/3162 3145/3145/3145
f 3162/3162/3162 3163/3163/3163 3146/3146/3146
f 3163/3163/3163 3164/3164/3164 3147/3147/3147
f 3164/3164/3164 3165/3165/3165 3148/3148/3148
f 3165/3165/3165 3166/3166/3166 3149/3149/3149
f 3166/3166/3166 3167/3167/3167 3150/3150/3150
f 3167/3167/3167 3168/3168/3168 3151/3151/3151
f 3186/3186/3186 3185/3185/3185 3169/3169/3169
f 3187/3187/3187 3186/3186/3186 3170/3170/3170
f 3188/3188/3188 3187/3187/3187 3171/3171/3171
f 3189/3189/3189 3188/3188/3188 3172/3172/3172
f 3190/3190/3190 3189/3189/3189 3173/3173/3173
f 3191/3191/3191 3190/3190/3190 3174/3174/3174
f 3192/3192/3192 3191/3191/3191 3175/3175/3175
f 3193/3193/3193 3192/3192/3192 3176/3176/3176
f 3194/3194/3194 3193/3193/3193 3177/3177/3177
f 3195/3195/3195 3194/3194/3194 3178/3178/3178
f 3196/3196/3196 3195/3195/3195 3179/3179/3179
f 3197/3197/3197 3196/3196/3196 3180/3180/3180
f 3198/3198/3198 3197/3197/3197 3181/3181/3181
f 3199/3199/3199 3198/3198/3198 3182/3182/3182
f 3200/3200/3200 3199/3199/3199 3183/3183/3183
f 3201/3201/3201 3200/3200/3200 3184/3184/3184
o neck_piston_0.7
usemtl steel
v 0.0222863326809552 0.5846631316750587 0.02854761910547325
v 0.026481332856270325 0.5852971439413095 0.026790259507641287
v 0.028218959200139886 0.5855597604776941 0.022547619053319187
v 0.026481332856270325 0.5852971439413095 0.018304978598997088
v 0.0222863326809552 0.5846631316750587 0.016547619001165123
v 0.01809133250564008 0.5840291194088078 0.018304978598997088
v 0.016353706161770516 0.5837665028724233 0.022547619053319187
v 0.01809133250564008 0.5840291194088078 0.026790259507641287
v 0.0222863326809552 0.5846631316750587 0.02854761910547325
v 0.031252620428959 0.5253368683249414 0.02854761910547325
v 0.03544762060427412 0.5259708805911923 0.026790259507641287
v 0.03718524694814369 0.5262334971275768 0.022547619053319187
v 0.03544762060427412 0.5259708805911923 0.018304978598997088
v 0.031252620428959 0.5253368683249414 0.016547619001165123
v 0.027057620253643878 0.5247028560586906 0.018304978598997088
v 0.025319993909774317 0.524440239522306 0.022547619053319187
v 0.027057620253643878 0.5247028560586906 0.026790259507641287
v 0.031252620428959 0.5253368683249414 0.02854761910547325
v 0.0222863326809552 0.5846631316750587 0.022547619053319187
v 0.0222863326809552 0.5846631316750587 0.022547619053319187
v 0.0222863326809552 0.5846631316750587 0.022547619053319187
v 0.0222863326809552 0.5846631316750587 0.022547619053319187
v 0.0222863326809552 0.5846631316750587 0.022547619053319187
v 0.0222863326809552 0.5846631316750587 0.022547619053319187
v 0.0222863326809552 0.5846631316750587 0.022547619053319187
v 0.0222863326809552 0.5846631316750587 0.022547619053319187
v 0.0222863326809552 0.5846631316750587 0.02854761910547325
v 0.026481332856270325 0.5852971439413095 0.026790259507641287
v 0.028218959200139886 0.5855597604776941 0.022547619053319187
v 0.026481332856270325 0.5852971439413095 0.018304978598997088
v 0.0222863326809552 0.5846631316750587 0.016547619001165123
v 0.01809133250564008 0.5840291194088078 0.018304978598997088
v 0.016353706161770516 0.5837665028724233 0.022547619053319187
v 0.01809133250564008 0.5840291194088078 0.026790259507641287
v 0.0222863326809552 0.5846631316750587 0.02854761910547325
v 0.031252620428959 0.5253368683249414 0.022547619053319187
v 0.031252620428959 0.5253368683249414 0.022547619053319187
v 0.031252620428959 0.5253368683249414 0.022547619053319187
v 0.031252620428959 0.5253368683249414 0.022547619053319187
v 0.031252620428959 0.5253368683249414 0.022547619053319187
v 0.031252620428959 0.5253368683249414 0.022547619053319187
v 0.031252620428959 0.5253368683249414 0.022547619053319187
v 0.031252620428959 0.5253368683249414 0.022547619053319187
v 0.031252620428959 0.5253368683249414 0.02854761910547325
v 0.03544762060427412 0.5259708805911923 0.026790259507641287
v 0.03718524694814369 0.5262334971275768 0.022547619053319187
v 0.03544762060427412 0.5259708805911923 0.018304978598997088
v 0.031252620428959 0.5253368683249414 0.016547619001165123
v 0.027057620253643878 0.5247028560586906 0.018304978598997088
v 0.025319993909774317 0.524440239522306 0.022547619053319187
v 0.027057620253643878 0.5247028560586906 0.026790259507641287
v 0.031252620428959 0.5253368683249414 0.02854761910547325
vt 0 1
vt 0.125 1
vt 0.25 1
vt 0.375 1
vt 0.5 1
vt 0.625 1
vt 0.75 1
vt 0.875 1
vt 1 1
vt 0 0
vt 0.125 0
vt 0.25 0
vt 0.375 0
vt 0.5 0
vt 0.625 0
vt 0.75 0
vt 0.875 0
vt 1 0
vt 0.5 0.5
vt 0.5 0.5
vt 0.5 0.5
vt 0.5 0.5
vt 0.5 0.5
vt 0.5 0.5
vt 0.5 0.5
vt 0.5 0.5
vt 1 0.5
vt 0.8535534143447876 0.8535534143447876
vt 0.5 1
vt 0.1464466154575348 0.8535534143447876
vt 0 0.5
vt 0.1464466154575348 0.1464466154575348
vt 0.5 0
vt 0.8535534143447876 0.1464466154575348
vt 1 0.5
vt 0.5 0.5
vt 0.5 0.5
vt 0.5 0.5
vt 0.5 0.5
vt 0.5 0.5
vt 0.5 0.5
vt 0.5 0.5
vt 0.5 0.5
vt 1 0.5
vt 0.8535534143447876 0.1464466154575348
vt 0.5 0
vt 0.1464466154575348 0.1464466154575348
vt 0 0.5
vt 0.1464466154575348 0.8535534143447876
vt 0.5 1
vt 0.8535534143447876 0.8535534143447876
vt 1 0.5
vn 0 0 1
vn 0.6991667342497078 0.10566871683993562 0.7071067811865474
vn 0.9887710779360425 0.14943813247359924 6.123234262925839e-17
vn 0.6991667342497078 0.10566871683993562 -0.7071067811865474
vn 1.2108953885216182e-16 1.830089385899987e-17 -1
vn -0.6991667342497078 -0.10566871683993562 -0.7071067811865474
vn -0.9887710779360425 -0.14943813247359924 -1.8369701465288538e-16
vn -0.6991667342497078 -0.10566871683993562 0.7071067811865474
vn -2.4217907770432364e-16 -3.660178771799974e-17 1
vn 0 0 1
vn 0.6991667342497078 0.10566871683993562 0.7071067811865474
vn 0.9887710779360425 0.14943813247359924 6.123234262925839e-17
vn 0.6991667342497078 0.10566871683993562 -0.7071067811865474
vn 1.2108953885216182e-16 1.830089385899987e-17 -1
vn -0.6991667342497078 -0.10566871683993562 -0.7071067811865474
vn -0.9887710779360425 -0.14943813247359924 -1.8369701465288538e-16
vn -0.6991667342497078 -0.10566871683993562 0.7071067811865474
vn -2.4217907770432364e-16 -3.660178771799974e-17 1
vn -0.14943813247359924 0.9887710779360425 0
vn -0.14943813247359924 0.9887710779360425 0
vn -0.14943813247359924 0.9887710779360425 0
vn -0.14943813247359924 0.9887710779360425 0
vn -0.14943813247359924 0.9887710779360425 0
vn -0.14943813247359924 0.9887710779360425 0
vn -0.14943813247359924 0.9887710779360425 0
vn -0.14943813247359924 0.9887710779360425 0
vn -0.14943813247359924 0.9887710779360425 0
vn -0.14943813247359924 0.9887710779360425 0
vn -0.14943813247359924 0.9887710779360425 0
vn -0.14943813247359924 0.9887710779360425 0
vn -0.14943813247359924 0.9887710779360425 0
vn -0.14943813247359924 0.9887710779360425 0
vn -0.14943813247359924 0.9887710779360425 0
vn -0.14943813247359924 0.9887710779360425 0
vn -0.14943813247359924 0.9887710779360425 0
vn 0.14943813247359924 -0.9887710779360425 0
vn 0.14943813247359924 -0.9887710779360425 0
vn 0.14943813247359924 -0.9887710779360425 0
vn 0.14943813247359924 -0.9887710779360425 0
vn 0.14943813247359924 -0.9887710779360425 0
vn 0.14943813247359924 -0.9887710779360425 0
vn 0.14943813247359924 -0.9887710779360425 0
vn 0.14943813247359924 -0.9887710779360425 0
vn 0.14943813247359924 -0.9887710779360425 0
vn 0.14943813247359924 -0.9887710779360425 0
vn 0.14943813247359924 -0.9887710779360425 0
vn 0.14943813247359924 -0.9887710779360425 0
vn 0.14943813247359924 -0.9887710779360425 0
vn 0.14943813247359924 -0.9887710779360425 0
vn 0.14943813247359924 -0.9887710779360425 0
vn 0.14943813247359924 -0.9887710779360425 0
vn 0.14943813247359924 -0.9887710779360425 0
f 3202/3202/3202 3211/3211/3211 3203/3203/3203
f 3211/3211/3211 3212/3212/3212 3203/3203/3203
f 3203/3203/3203 3212/3212/3212 3204/3204/3204
f 3212/3212/3212 3213/3213/3213 3204/3204/3204
f 3204/3204/3204 3213/3213/3213 3205/3205/3205
f 3213/3213/3213 3214/3214/3214 3205/3205/3205
f 3205/3205/3205 3214/3214/3214 3206/3206/3206
f 3214/3214/3214 3215/3215/3215 3206/3206/3206
f 3206/3206/3206 3215/3215/3215 3207/3207/3207
f 3215/3215/3215 3216/3216/3216 3207/3207/3207
f 3207/3207/3207 3216/3216/3216 3208/3208/3208
f 3216/3216/3216 3217/3217/3217 3208/3208/3208
f 3208/3208/3208 3217/3217/3217 3209/3209/3209
f 3217/3217/3217 3218/3218/3218 3209/3209/3209
f 3209/3209/3209 3218/3218/3218 3210/3210/3210
f 3218/3218/3218 3219/3219/3219 3210/3210/3210
f 3228/3228/3228 3229/3229/3229 3220/3220/3220
f 3229/3229/3229 3230/3230/3230 3221/3221/3221
f 3230/3230/3230 3231/3231/3231 3222/3222/3222
f 3231/3231/3231 3232/3232/3232 3223/3223/3223
f 3232/3232/3232 3233/3233/3233 3224/3224/3224
f 3233/3233/3233 3234/3234/3234 3225/3225/3225
f 3234/3234/3234 3235/3235/3235 3226/3226/3226
f 3235/3235/3235 3236/3236/3236 3227/3227/3227
f 3246/3246/3246 3245/3245/3245 3237/3237/3237
f 3247/3247/3247 3246/3246/3246 3238/3238/3238
f 3248/3248/3248 3247/3247/3247 3239/3239/3239
f 3249/3249/3249 3248/3248/3248 3240/3240/3240
f 3250/3250/3250 3249/3249/3249 3241/3241/3241
f 3251/3251/3251 3250/3250/3250 3242/3242/3242
f 3252/3252/3252 3251/3251/3251 3243/3243/3243
f 3253/3253/3253 3252/3252/3252 3244/3244/3244
o neck_piston_2.4
usemtl steel
v -0.030291923917945492 0.5846631316750587 0.029641211371444348
v -0.026096923742630368 0.5852971439413095 0.027883851773612384
v -0.024359297398760808 0.5855597604776941 0.023641211319290284
v -0.026096923742630368 0.5852971439413095 0.019398570864968184
v -0.03029192391794549 0.5846631316750587 0.01764121126713622
v -0.03448692409326061 0.5840291194088078 0.019398570864968184
v -0.036224550437130174 0.5837665028724233 0.023641211319290284
v -0.03448692409326061 0.5840291194088078 0.027883851773612384
v -0.030291923917945492 0.5846631316750587 0.029641211371444348
v -0.02132563616994169 0.5253368683249414 0.029641211371444348
v -0.01713063599462657 0.5259708805911923 0.027883851773612384
v -0.015393009650757008 0.5262334971275768 0.023641211319290284
v -0.01713063599462657 0.5259708805911923 0.019398570864968184
v -0.02132563616994169 0.5253368683249414 0.01764121126713622
v -0.025520636345256816 0.5247028560586906 0.019398570864968184
v -0.027258262689126376 0.524440239522306 0.023641211319290284
v -0.025520636345256816 0.5247028560586906 0.027883851773612384
v -0.021325636169941695 0.5253368683249414 0.029641211371444348
v -0.030291923917945492 0.5846631316750587 0.023641211319290284
v -0.030291923917945492 0.5846631316750587 0.023641211319290284
v -0.030291923917945492 0.5846631316750587 0.023641211319290284
v -0.030291923917945492 0.5846631316750587 0.023641211319290284
v -0.030291923917945492 0.5846631316750587 0.023641211319290284
v -0.030291923917945492 0.5846631316750587 0.023641211319290284
v -0.030291923917945492 0.5846631316750587 0.023641211319290284
v -0.030291923917945492 0.5846631316750587 0.023641211319290284
v -0.030291923917945492 0.5846631316750587 0.029641211371444348
v -0.026096923742630368 0.5852971439413095 0.027883851773612384
v -0.024359297398760808 0.5855597604776941 0.023641211319290284
v -0.026096923742630368 0.5852971439413095 0.019398570864968184
v -0.03029192391794549 0.5846631316750587 0.01764121126713622
v -0.03448692409326061 0.5840291194088078 0.019398570864968184
v -0.036224550437130174 0.5837665028724233 0.023641211319290284
v -0.03448692409326061 0.5840291194088078 0.027883851773612384
v -0.030291923917945492 0.5846631316750587 0.029641211371444348
v -0.02132563616994169 0.5253368683249414 0.023641211319290284
v -0.02132563616994169 0.5253368683249414 0.023641211319290284
v -0.02132563616994169 0.5253368683249414 0.023641211319290284
v -0.02132563616994169 0.5253368683249414 0.023641211319290284
v -0.02132563616994169 0.5253368683249414 0.023641211319290284
v -0.02132563616994169 0.5253368683249414 0.023641211319290284
v -0.02132563616994169 0.5253368683249414 0.023641211319290284
v -0.02132563616994169 0.5253368683249414 0.023641211319290284
v -0.02132563616994169 0.5253368683249414 0.029641211371444348
v -0.01713063599462657 0.5259708805911923 0.027883851773612384
v -0.015393009650757008 0.5262334971275768 0.023641211319290284
v -0.01713063599462657 0.5259708805911923 0.019398570864968184
v -0.02132563616994169 0.5253368683249414 0.01764121126713622
v -0.025520636345256816 0.5247028560586906 0.019398570864968184
v -0.027258262689126376 0.524440239522306 0.023641211319290284
v -0.025520636345256816 0.5247028560586906 0.027883851773612384
v -0.021325636169941695 0.5253368683249414 0.029641211371444348
vt 0 1
vt 0.125 1
vt 0.25 1
vt 0.375 1
vt 0.5 1
vt 0.625 1
vt 0.75 1
vt 0.875 1
vt 1 1
vt 0 0
vt 0.125 0
vt 0.25 0
vt 0.375 0
vt 0.5 0
vt 0.625 0
vt 0.75 0
vt 0.875 0
vt 1 0
vt 0.5 0.5
vt 0.5 0.5
vt 0.5 0.5
vt 0.5 0.5
vt 0.5 0.5
vt 0.5 0.5
vt 0.5 0.5
vt 0.5 0.5
vt 1 0.5
vt 0.8535534143447876 0.8535534143447876
vt 0.5 1
vt 0.1464466154575348 0.8535534143447876
vt 0 0.5
vt 0.1464466154575348 0.1464466154575348
vt 0.5 0
vt 0.8535534143447876 0.1464466154575348
vt 1 0.5
vt 0.5 0.5
vt 0.5 0.5
vt 0.5 0.5
vt 0.5 0.5
vt 0.5 0.5
vt 0.5 0.5
vt 0.5 0.5
vt 0.5 0.5
vt 1 0.5
vt 0.8535534143447876 0.1464466154575348
vt 0.5 0
vt 0.1464466154575348 0.1464466154575348
vt 0 0.5
vt 0.1464466154575348 0.8535534143447876
vt 0.5 1
vt 0.8535534143447876 0.8535534143447876
vt 1 0.5
vn 0 0 1
vn 0.6991667342497078 0.10566871683993562 0.7071067811865474
vn 0.9887710779360425 0.14943813247359924 6.123234262925839e-17
vn 0.6991667342497078 0.10566871683993562 -0.7071067811865474
vn 1.2108953885216182e-16 1.830089385899987e-17 -1
vn -0.6991667342497078 -0.10566871683993562 -0.7071067811865474
vn -0.9887710779360425 -0.14943813247359924 -1.8369701465288538e-16
vn -0.6991667342497078 -0.10566871683993562 0.7071067811865474
vn -2.4217907770432364e-16 -3.660178771799974e-17 1
vn 0 0 1
vn 0.6991667342497078 0.10566871683993562 0.7071067811865474
vn 0.9887710779360425 0.14943813247359924 6.123234262925839e-17
vn 0.6991667342497078 0.10566871683993562 -0.7071067811865474
vn 1.2108953885216182e-16 1.830089385899987e-17 -1
vn -0.6991667342497078 -0.10566871683993562 -0.7071067811865474
vn -0.9887710779360425 -0.14943813247359924 -1.8369701465288538e-16
vn -0.6991667342497078 -0.10566871683993562 0.7071067811865474
vn -2.4217907770432364e-16 -3.660178771799974e-17 1
vn -0.14943813247359924 0.9887710779360425 0
vn -0.14943813247359924 0.9887710779360425 0
vn -0.14943813247359924 0.9887710779360425 0
vn -0.14943813247359924 0.9887710779360425 0
vn -0.14943813247359924 0.9887710779360425 0
vn -0.14943813247359924 0.9887710779360425 0
vn -0.14943813247359924 0.9887710779360425 0
vn -0.14943813247359924 0.9887710779360425 0
vn -0.14943813247359924 0.9887710779360425 0
vn -0.14943813247359924 0.9887710779360425 0
vn -0.14943813247359924 0.9887710779360425 0
vn -0.14943813247359924 0.9887710779360425 0
vn -0.14943813247359924 0.9887710779360425 0
vn -0.14943813247359924 0.9887710779360425 0
vn -0.14943813247359924 0.9887710779360425 0
vn -0.14943813247359924 0.9887710779360425 0
vn -0.14943813247359924 0.9887710779360425 0
vn 0.14943813247359924 -0.9887710779360425 0
vn 0.14943813247359924 -0.9887710779360425 0
vn 0.14943813247359924 -0.9887710779360425 0
vn 0.14943813247359924 -0.9887710779360425 0
vn 0.14943813247359924 -0.9887710779360425 0
vn 0.14943813247359924 -0.9887710779360425 0
vn 0.14943813247359924 -0.9887710779360425 0
vn 0.14943813247359924 -0.9887710779360425 0
vn 0.14943813247359924 -0.9887710779360425 0
vn 0.14943813247359924 -0.9887710779360425 0
vn 0.14943813247359924 -0.9887710779360425 0
vn 0.14943813247359924 -0.9887710779360425 0
vn 0.14943813247359924 -0.9887710779360425 0
vn 0.14943813247359924 -0.9887710779360425 0
vn 0.14943813247359924 -0.9887710779360425 0
vn 0.14943813247359924 -0.9887710779360425 0
vn 0.14943813247359924 -0.9887710779360425 0
f 3254/3254/3254 3263/3263/3263 3255/3255/3255
f 3263/3263/3263 3264/3264/3264 3255/3255/3255
f 3255/3255/3255 3264/3264/3264 3256/3256/3256
f 3264/3264/3264 3265/3265/3265 3256/3256/3256
f 3256/3256/3256 3265/3265/3265 3257/3257/3257
f 3265/3265/3265 3266/3266/3266 3257/3257/3257
f 3257/3257/3257 3266/3266/3266 3258/3258/3258
f 3266/3266/3266 3267/3267/3267 3258/3258/3258
f 3258/3258/3258 3267/3267/3267 3259/3259/3259
f 3267/3267/3267 3268/3268/3268 3259/3259/3259
f 3259/3259/3259 3268/3268/3268 3260/3260/3260
f 3268/3268/3268 3269/3269/3269 3260/3260/3260
f 3260/3260/3260 3269/3269/3269 3261/3261/3261
f 3269/3269/3269 3270/3270/3270 3261/3261/3261
f 3261/3261/3261 3270/3270/3270 3262/3262/3262
f 3270/3270/3270 3271/3271/3271 3262/3262/3262
f 3280/3280/3280 3281/3281/3281 3272/3272/3272
f 3281/3281/3281 3282/3282/3282 3273/3273/3273
f 3282/3282/3282 3283/3283/3283 3274/3274/3274
f 3283/3283/3283 3284/3284/3284 3275/3275/3275
f 3284/3284/3284 3285/3285/3285 3276/3276/3276
f 3285/3285/3285 3286/3286/3286 3277/3277/3277
f 3286/3286/3286 3287/3287/3287 3278/3278/3278
f 3287/3287/3287 3288/3288/3288 3279/3279/3279
f 3298/3298/3298 3297/3297/3297 3289/3289/3289
f 3299/3299/3299 3298/3298/3298 3290/3290/3290
f 3300/3300/3300 3299/3299/3299 3291/3291/3291
f 3301/3301/3301 3300/3300/3300 3292/3292/3292
f 3302/3302/3302 3301/3301/3301 3293/3293/3293
f 3303/3303/3303 3302/3302/3302 3294/3294/3294
f 3304/3304/3304 3303/3303/3303 3295/3295/3295
f 3305/3305/3305 3304/3304/3304 3296/3296/3296
o skull
usemtl gunmetal
v 0.1274502441367435 0.7006682289079594 0.025247516016942508
v 0.01159640486828422 0.7464614283864202 -0.09042820060608636
v 0.1274502441367435 0.5611992511857966 -0.02996485615881391
v 0.01159640486828422 0.6069924506642574 -0.14564057278184278
v -0.1274502441367435 0.6988007488142034 0.02996485615881391
v -0.01159640486828422 0.6530075493357426 0.14564057278184278
v -0.1274502441367435 0.5593317710920406 -0.025247516016942508
v -0.01159640486828422 0.5135385716135799 0.09042820060608636
v -0.1274502441367435 0.6988007488142034 0.02996485615881391
v 0.01159640486828422 0.7464614283864202 -0.09042820060608636
v -0.01159640486828422 0.6530075493357426 0.14564057278184278
v 0.1274502441367435 0.7006682289079594 0.025247516016942508
v -0.01159640486828422 0.5135385716135799 0.09042820060608636
v 0.1274502441367435 0.5611992511857966 -0.02996485615881391
v -0.1274502441367435 0.5593317710920406 -0.025247516016942508
v 0.01159640486828422 0.6069924506642574 -0.14564057278184278
v -0.01159640486828422 0.6530075493357426 0.14564057278184278
v 0.1274502441367435 0.7006682289079594 0.025247516016942508
v -0.01159640486828422 0.5135385716135799 0.09042820060608636
v 0.1274502441367435 0.5611992511857966 -0.02996485615881391
v 0.01159640486828422 0.7464614283864202 -0.09042820060608636
v -0.1274502441367435 0.6988007488142034 0.02996485615881391
v 0.01159640486828422 0.6069924506642574 -0.14564057278184278
v -0.1274502441367435 0.5593317710920406 -0.025247516016942508
vt 0 1
vt 1 1
vt 0 0
vt 1 0
vt 0 1
vt 1 1
vt 0 0
vt 1 0
vt 0 1
vt 1 1
vt 0 0
vt 1 0
vt 0 1
vt 1 1
vt 0 0
vt 1 0
vt 0 1
vt 1 1
vt 0 0
vt 1 0
vt 0 1
vt 1 1
vt 0 0
vt 1 0
vn 0.7318244776307014 0.2508456851067343 -0.633647675134916
vn 0.7318244776307014 0.2508456851067343 -0.633647675134916
vn 0.7318244776307014 0.2508456851067343 -0.633647675134916
vn 0.7318244776307014 0.2508456851067343 -0.633647675134916
vn -0.7318244776307014 -0.2508456851067343 0.633647675134916
vn -0.7318244776307014 -0.2508456851067343 0.633647675134916
vn -0.7318244776307014 -0.2508456851067343 0.633647675134916
vn -0.7318244776307014 -0.2508456851067343 0.633647675134916
vn -2.7755575615628914e-17 0.9297931478677584 0.3680824665454263
vn -2.7755575615628914e-17 0.9297931478677584 0.3680824665454263
vn -2.7755575615628914e-17 0.9297931478677584 0.3680824665454263
vn -2.7755575615628914e-17 0.9297931478677584 0.3680824665454263
vn 2.7755575615628914e-17 -0.9297931478677584 -0.3680824665454263
vn 2.7755575615628914e-17 -0.9297931478677584 -0.3680824665454263
vn 2.7755575615628914e-17 -0.9297931478677584 -0.3680824665454263
vn 2.7755575615628914e-17 -0.9297931478677584 -0.3680824665454263
vn 0.6814931649991445 -0.2693717588046267 0.6804453847429277
vn 0.6814931649991445 -0.2693717588046267 0.6804453847429277
vn 0.6814931649991445 -0.2693717588046267 0.6804453847429277
vn 0.6814931649991445 -0.2693717588046267 0.6804453847429277
vn -0.6814931649991445 0.2693717588046267 -0.6804453847429277
vn -0.6814931649991445 0.2693717588046267 -0.6804453847429277
vn -0.6814931649991445 0.2693717588046267 -0.6804453847429277
vn -0.6814931649991445 0.2693717588046267 -0.6804453847429277
f 3306/3306/3306 3308/3308/3308 3307/3307/3307
f 3308/3308/3308 3309/3309/3309 3307/3307/3307
f 3310/3310/3310 3312/3312/3312 3311/3311/3311
f 3312/3312/3312 3313/3313/3313 3311/3311/3311
f 3314/3314/3314 3316/3316/3316 3315/3315/3315
f 3316/3316/3316 3317/3317/3317 3315/3315/3315
f 3318/3318/3318 3320/3320/3320 3319/3319/3319
f 3320/3320/3320 3321/3321/3321 3319/3319/3319
f 3322/3322/3322 3324/3324/3324 3323/3323/3323
f 3324/3324/3324 3325/3325/3325 3323/3323/3323
f 3326/3326/3326 3328/3328/3328 3327/3327/3327
f 3328/3328/3328 3329/3329/3329 3327/3327/3327
o skull_top
usemtl plate
v 0.08641909443495073 0.7214735253847061 0.07864689499149641
v 0.08900680866690808 0.7482197918127362 0.011084602526911264
v 0.03945554321696024 0.7678057724871332 -0.03839048058758734
v -0.03320824508855902 0.7687582647243468 -0.04079651954910115
v -0.08641909443495073 0.7505193127170828 0.005275907534436738
v -0.08900680866690808 0.7237730462890526 0.07283819999902189
v -0.039455543216960244 0.7041870656146556 0.1223132831135205
v 0.03320824508855902 0.7032345733774421 0.1247193220750343
v 0.08641909443495072 0.721473525384706 0.07864689499149644
v 0.08641909443495073 0.6768434538991137 0.06097893644373998
v 0.08900680866690808 0.703589720327144 -0.006583356020845164
v 0.03945554321696024 0.7231757010015409 -0.05605843913534377
v -0.03320824508855902 0.7241281932387544 -0.058464478096857585
v -0.08641909443495073 0.7058892412314905 -0.0123920510133197
v -0.08900680866690808 0.6791429748034603 0.055170241451265464
v -0.039455543216960244 0.6595569941290633 0.10464532456576406
v 0.03320824508855902 0.6586045018918497 0.10705136352727787
v 0.08641909443495072 0.6768434538991137 0.06097893644374
v 3.1641356259719603e-18 0.7359964190508944 0.04196140126296658
v 3.1641356259719603e-18 0.7359964190508944 0.04196140126296658
v 3.1641356259719603e-18 0.7359964190508944 0.04196140126296658
v 3.1641356259719603e-18 0.7359964190508944 0.04196140126296658
v 3.1641356259719603e-18 0.7359964190508944 0.04196140126296658
v 3.1641356259719603e-18 0.7359964190508944 0.04196140126296658
v 3.1641356259719603e-18 0.7359964190508944 0.04196140126296658
v 3.1641356259719603e-18 0.7359964190508944 0.04196140126296658
v 0.08641909443495073 0.7214735253847061 0.07864689499149641
v 0.08900680866690808 0.7482197918127362 0.011084602526911264
v 0.03945554321696024 0.7678057724871332 -0.03839048058758734
v -0.03320824508855902 0.7687582647243468 -0.04079651954910115
v -0.08641909443495073 0.7505193127170828 0.005275907534436738
v -0.08900680866690808 0.7237730462890526 0.07283819999902189
v -0.039455543216960244 0.7041870656146556 0.1223132831135205
v 0.03320824508855902 0.7032345733774421 0.1247193220750343
v 0.08641909443495072 0.721473525384706 0.07864689499149644
v 1.831867984841244e-18 0.6913663475653021 0.024293442715210146
v 1.831867984841244e-18 0.6913663475653021 0.024293442715210146
v 1.831867984841244e-18 0.6913663475653021 0.024293442715210146
v 1.831867984841244e-18 0.6913663475653021 0.024293442715210146
v 1.831867984841244e-18 0.6913663475653021 0.024293442715210146
v 1.831867984841244e-18 0.6913663475653021 0.024293442715210146
v 1.831867984841244e-18 0.6913663475653021 0.024293442715210146
v 1.831867984841244e-18 0.6913663475653021 0.024293442715210146
v 0.08641909443495073 0.6768434538991137 0.06097893644373998
v 0.08900680866690808 0.703589720327144 -0.006583356020845164
v 0.03945554321696024 0.7231757010015409 -0.05605843913534377
v -0.03320824508855902 0.7241281932387544 -0.058464478096857585
v -0.08641909443495073 0.7058892412314905 -0.0123920510133197
v -0.08900680866690808 0.6791429748034603 0.055170241451265464
v -0.039455543216960244 0.6595569941290633 0.10464532456576406
v 0.03320824508855902 0.6586045018918497 0.10705136352727787
v 0.08641909443495072 0.6768434538991137 0.06097893644374
vt 0 1
vt 0.125 1
vt 0.25 1
vt 0.375 1
vt 0.5 1
vt 0.625 1
vt 0.75 1
vt 0.875 1
vt 1 1
vt 0 0
vt 0.125 0
vt 0.25 0
vt 0.375 0
vt 0.5 0
vt 0.625 0
vt 0.75 0
vt 0.875 0
vt 1 0
vt 0.5 0.5
vt 0.5 0.5
vt 0.5 0.5
vt 0.5 0.5
vt 0.5 0.5
vt 0.5 0.5
vt 0.5 0.5
vt 0.5 0.5
vt 1 0.5
vt 0.8535534143447876 0.8535534143447876
vt 0.5 1
vt 0.1464466154575348 0.8535534143447876
vt 0 0.5
vt 0.1464466154575348 0.1464466154575348
vt 0.5 0
vt 0.8535534143447876 0.1464466154575348
vt 1 0.5
vt 0.5 0.5
vt 0.5 0.5
vt 0.5 0.5
vt 0.5 0.5
vt 0.5 0.5
vt 0.5 0.5
vt 0.5 0.5
vt 0.5 0.5
vt 1 0.5
vt 0.8535534143447876 0.1464466154575348
vt 0.5 0
vt 0.1464466154575348 0.1464466154575348
vt 0 0.5
vt 0.1464466154575348 0.8535534143447876
vt 0.5 1
vt 0.8535534143447876 0.8535534143447876
vt 1 0.5
vn 0.9096746896775525 -0.15287256682554412 0.3861630967249698
vn 0.93691379978899 0.1286670850473074 -0.3250189425101023
vn 0.415321512758548 0.3348353035304587 -0.8458092932509176
vn -0.34956048370054105 0.3448615423667792 -0.8711360311865477
vn -0.9096746896775523 0.15287256682554412 -0.3861630967249698
vn -0.93691379978899 -0.1286670850473074 0.3250189425101023
vn -0.41532151275854823 -0.3348353035304587 0.8458092932509177
vn 0.34956048370054105 -0.3448615423667792 0.8711360311865477
vn 0.9096746896775524 -0.1528725668255442 0.38616309672497
vn 0.9096746896775525 -0.15287256682554412 0.3861630967249698
vn 0.93691379978899 0.1286670850473074 -0.3250189425101023
vn 0.415321512758548 0.3348353035304587 -0.8458092932509176
vn -0.34956048370054105 0.3448615423667792 -0.8711360311865477
vn -0.9096746896775523 0.15287256682554412 -0.3861630967249698
vn -0.93691379978899 -0.1286670850473074 0.3250189425101023
vn -0.41532151275854823 -0.3348353035304587 0.8458092932509177
vn 0.34956048370054105 -0.3448615423667792 0.8711360311865477
vn 0.9096746896775524 -0.1528725668255442 0.38616309672497
vn -2.775557561562892e-17 0.9297931478677584 0.3680824665454263
vn -2.775557561562892e-17 0.9297931478677584 0.3680824665454263
vn -2.775557561562892e-17 0.9297931478677584 0.3680824665454263
vn -2.775557561562892e-17 0.9297931478677584 0.3680824665454263
vn -2.775557561562892e-17 0.9297931478677584 0.3680824665454263
vn -2.775557561562892e-17 0.9297931478677584 0.3680824665454263
vn -2.775557561562892e-17 0.9297931478677584 0.3680824665454263
vn -2.775557561562892e-17 0.9297931478677584 0.3680824665454263
vn -2.775557561562892e-17 0.9297931478677584 0.3680824665454263
vn -2.775557561562892e-17 0.9297931478677584 0.3680824665454263
vn -2.775557561562892e-17 0.9297931478677584 0.3680824665454263
vn -2.775557561562892e-17 0.9297931478677584 0.3680824665454263
vn -2.775557561562892e-17 0.9297931478677584 0.3680824665454263
vn -2.775557561562892e-17 0.9297931478677584 0.3680824665454263
vn -2.775557561562892e-17 0.9297931478677584 0.3680824665454263
vn -2.775557561562892e-17 0.9297931478677584 0.3680824665454263
vn -2.775557561562892e-17 0.9297931478677584 0.3680824665454263
vn 2.775557561562892e-17 -0.9297931478677584 -0.3680824665454263
vn 2.775557561562892e-17 -0.9297931478677584 -0.3680824665454263
vn 2.775557561562892e-17 -0.9297931478677584 -0.3680824665454263
vn 2.775557561562892e-17 -0.9297931478677584 -0.3680824665454263
vn 2.775557561562892e-17 -0.9297931478677584 -0.3680824665454263
vn 2.775557561562892e-17 -0.9297931478677584 -0.3680824665454263
vn 2.775557561562892e-17 -0.9297931478677584 -0.3680824665454263
vn 2.775557561562892e-17 -0.9297931478677584 -0.3680824665454263
vn 2.775557561562892e-17 -0.9297931478677584 -0.3680824665454263
vn 2.775557561562892e-17 -0.9297931478677584 -0.3680824665454263
vn 2.775557561562892e-17 -0.9297931478677584 -0.3680824665454263
vn 2.775557561562892e-17 -0.9297931478677584 -0.3680824665454263
vn 2.775557561562892e-17 -0.9297931478677584 -0.3680824665454263
vn 2.775557561562892e-17 -0.9297931478677584 -0.3680824665454263
vn 2.775557561562892e-17 -0.9297931478677584 -0.3680824665454263
vn 2.775557561562892e-17 -0.9297931478677584 -0.3680824665454263
vn 2.775557561562892e-17 -0.9297931478677584 -0.3680824665454263
f 3330/3330/3330 3339/3339/3339 3331/3331/3331
f 3339/3339/3339 3340/3340/3340 3331/3331/3331
f 3331/3331/3331 3340/3340/3340 3332/3332/3332
f 3340/3340/3340 3341/3341/3341 3332/3332/3332
f 3332/3332/3332 3341/3341/3341 3333/3333/3333
f 3341/3341/3341 3342/3342/3342 3333/3333/3333
f 3333/3333/3333 3342/3342/3342 3334/3334/3334
f 3342/3342/3342 3343/3343/3343 3334/3334/3334
f 3334/3334/3334 3343/3343/3343 3335/3335/3335
f 3343/3343/3343 3344/3344/3344 3335/3335/3335
f 3335/3335/3335 3344/3344/3344 3336/3336/3336
f 3344/3344/3344 3345/3345/3345 3336/3336/3336
f 3336/3336/3336 3345/3345/3345 3337/3337/3337
f 3345/3345/3345 3346/3346/3346 3337/3337/3337
f 3337/3337/3337 3346/3346/3346 3338/3338/3338
f 3346/3346/3346 3347/3347/3347 3338/3338/3338
f 3356/3356/3356 3357/3357/3357 3348/3348/3348
f 3357/3357/3357 3358/3358/3358 3349/3349/3349
f 3358/3358/3358 3359/3359/3359 3350/3350/3350
f 3359/3359/3359 3360/3360/3360 3351/3351/3351
f 3360/3360/3360 3361/3361/3361 3352/3352/3352
f 3361/3361/3361 3362/3362/3362 3353/3353/3353
f 3362/3362/3362 3363/3363/3363 3354/3354/3354
f 3363/3363/3363 3364/3364/3364 3355/3355/3355
f 3374/3374/3374 3373/3373/3373 3365/3365/3365
f 3375/3375/3375 3374/3374/3374 3366/3366/3366
f 3376/3376/3376 3375/3375/3375 3367/3367/3367
f 3377/3377/3377 3376/3376/3376 3368/3368/3368
f 3378/3378/3378 3377/3377/3377 3369/3369/3369
f 3379/3379/3379 3378/3378/3378 3370/3370/3370
f 3380/3380/3380 3379/3379/3379 3371/3371/3371
f 3381/3381/3381 3380/3380/3380 3372/3372/3372
o jaw
usemtl carbon
v 0.10940629140634184 0.5645026496961605 -0.0179335127040381
v 0.013997247900260055 0.6022146960893663 -0.11319586697362503
v 0.10940629140634184 0.5226619563795116 -0.03449722435676503
v 0.013997247900260055 0.5603740027727174 -0.12975957862635196
v -0.09577642810635895 0.5645878418281993 -0.018148711926553148
v -0.00036738460027717097 0.5268757954349935 0.07711364234303378
v -0.09577642810635895 0.5227471485115505 -0.034712423579280074
v -0.00036738460027717097 0.48503510211834466 0.060549930690306855
v -0.09577642810635895 0.5645878418281993 -0.018148711926553148
v 0.013997247900260055 0.6022146960893663 -0.11319586697362503
v -0.00036738460027717097 0.5268757954349935 0.07711364234303378
v 0.10940629140634184 0.5645026496961605 -0.0179335127040381
v -0.00036738460027717097 0.48503510211834466 0.060549930690306855
v 0.10940629140634184 0.5226619563795116 -0.03449722435676503
v -0.09577642810635895 0.5227471485115505 -0.034712423579280074
v 0.013997247900260055 0.5603740027727174 -0.12975957862635196
v -0.00036738460027717097 0.5268757954349935 0.07711364234303378
v 0.10940629140634184 0.5645026496961605 -0.0179335127040381
v -0.00036738460027717097 0.48503510211834466 0.060549930690306855
v 0.10940629140634184 0.5226619563795116 -0.03449722435676503
v 0.013997247900260055 0.6022146960893663 -0.11319586697362503
v -0.09577642810635895 0.5645878418281993 -0.018148711926553148
v 0.013997247900260055 0.5603740027727174 -0.12975957862635196
v -0.09577642810635895 0.5227471485115505 -0.034712423579280074
vt 0 1
vt 1 1
vt 0 0
vt 1 0
vt 0 1
vt 1 1
vt 0 0
vt 1 0
vt 0 1
vt 1 1
vt 0 0
vt 1 0
vt 0 1
vt 1 1
vt 0 0
vt 1 0
vt 0 1
vt 1 1
vt 0 0
vt 1 0
vt 0 1
vt 1 1
vt 0 0
vt 1 0
vn 0.7318244776307014 0.2508456851067343 -0.633647675134916
vn 0.7318244776307014 0.2508456851067343 -0.633647675134916
vn 0.7318244776307014 0.2508456851067343 -0.633647675134916
vn 0.7318244776307014 0.2508456851067343 -0.633647675134916
vn -0.7318244776307014 -0.2508456851067343 0.633647675134916
vn -0.7318244776307014 -0.2508456851067343 0.633647675134916
vn -0.7318244776307014 -0.2508456851067343 0.633647675134916
vn -0.7318244776307014 -0.2508456851067343 0.633647675134916
vn -2.7755575615628914e-17 0.9297931478677584 0.3680824665454263
vn -2.7755575615628914e-17 0.9297931478677584 0.3680824665454263
vn -2.7755575615628914e-17 0.9297931478677584 0.3680824665454263
vn -2.7755575615628914e-17 0.9297931478677584 0.3680824665454263
vn 2.7755575615628914e-17 -0.9297931478677584 -0.3680824665454263
vn 2.7755575615628914e-17 -0.9297931478677584 -0.3680824665454263
vn 2.7755575615628914e-17 -0.9297931478677584 -0.3680824665454263
vn 2.7755575615628914e-17 -0.9297931478677584 -0.3680824665454263
vn 0.6814931649991445 -0.2693717588046267 0.6804453847429277
vn 0.6814931649991445 -0.2693717588046267 0.6804453847429277
vn 0.6814931649991445 -0.2693717588046267 0.6804453847429277
vn 0.6814931649991445 -0.2693717588046267 0.6804453847429277
vn -0.6814931649991445 0.2693717588046267 -0.6804453847429277
vn -0.6814931649991445 0.2693717588046267 -0.6804453847429277
vn -0.6814931649991445 0.2693717588046267 -0.6804453847429277
vn -0.6814931649991445 0.2693717588046267 -0.6804453847429277
f 3382/3382/3382 3384/3384/3384 3383/3383/3383
f 3384/3384/3384 3385/3385/3385 3383/3383/3383
f 3386/3386/3386 3388/3388/3388 3387/3387/3387
f 3388/3388/3388 3389/3389/3389 3387/3387/3387
f 3390/3390/3390 3392/3392/3392 3391/3391/3391
f 3392/3392/3392 3393/3393/3393 3391/3391/3391
f 3394/3394/3394 3396/3396/3396 3395/3395/3395
f 3396/3396/3396 3397/3397/3397 3395/3395/3395
f 3398/3398/3398 3400/3400/3400 3399/3399/3399
f 3400/3400/3400 3401/3401/3401 3399/3399/3399
f 3402/3402/3402 3404/3404/3404 3403/3403/3403
f 3404/3404/3404 3405/3405/3405 3403/3403/3403
o faceplate
usemtl plate
v 0.12899141127050223 0.6807110397506674 0.034908542482750916
v 0.11536154827517053 0.6860984748063413 0.021299635092075157
v 0.12899141127050223 0.5784337940394139 -0.0055805286178517155
v 0.11536154827517053 0.5838212290950878 -0.01918943600852749
v -0.009048614230652834 0.6434547078896494 0.12901974099806124
v 0.004581248764678865 0.6380672728339755 0.142628648388737
v -0.009048614230652834 0.5411774621783959 0.08853066989745861
v 0.004581248764678865 0.535790027122722 0.10213957728813436
v -0.009048614230652834 0.6434547078896494 0.12901974099806124
v 0.11536154827517053 0.6860984748063413 0.021299635092075157
v 0.004581248764678865 0.6380672728339755 0.142628648388737
v 0.12899141127050223 0.6807110397506674 0.034908542482750916
v 0.004581248764678865 0.535790027122722 0.10213957728813436
v 0.12899141127050223 0.5784337940394139 -0.0055805286178517155
v -0.009048614230652834 0.5411774621783959 0.08853066989745861
v 0.11536154827517053 0.5838212290950878 -0.01918943600852749
v 0.004581248764678865 0.6380672728339755 0.142628648388737
v 0.12899141127050223 0.6807110397506674 0.034908542482750916
v 0.004581248764678865 0.535790027122722 0.10213957728813436
v 0.12899141127050223 0.5784337940394139 -0.0055805286178517155
v 0.11536154827517053 0.6860984748063413 0.021299635092075157
v -0.009048614230652834 0.6434547078896494 0.12901974099806124
v 0.11536154827517053 0.5838212290950878 -0.01918943600852749
v -0.009048614230652834 0.5411774621783959 0.08853066989745861
vt 0 1
vt 1 1
vt 0 0
vt 1 0
vt 0 1
vt 1 1
vt 0 0
vt 1 0
vt 0 1
vt 1 1
vt 0 0
vt 1 0
vt 0 1
vt 1 1
vt 0 0
vt 1 0
vt 0 1
vt 1 1
vt 0 0
vt 1 0
vt 0 1
vt 1 1
vt 0 0
vt 1 0
vn 0.7318244776307014 0.2508456851067343 -0.633647675134916
vn 0.7318244776307014 0.2508456851067343 -0.633647675134916
vn 0.7318244776307014 0.2508456851067343 -0.633647675134916
vn 0.7318244776307014 0.2508456851067343 -0.633647675134916
vn -0.7318244776307014 -0.2508456851067343 0.633647675134916
vn -0.7318244776307014 -0.2508456851067343 0.633647675134916
vn -0.7318244776307014 -0.2508456851067343 0.633647675134916
vn -0.7318244776307014 -0.2508456851067343 0.633647675134916
vn -2.7755575615628914e-17 0.9297931478677584 0.3680824665454263
vn -2.7755575615628914e-17 0.9297931478677584 0.3680824665454263
vn -2.7755575615628914e-17 0.9297931478677584 0.3680824665454263
vn -2.7755575615628914e-17 0.9297931478677584 0.3680824665454263
vn 2.7755575615628914e-17 -0.9297931478677584 -0.3680824665454263
vn 2.7755575615628914e-17 -0.9297931478677584 -0.3680824665454263
vn 2.7755575615628914e-17 -0.9297931478677584 -0.3680824665454263
vn 2.7755575615628914e-17 -0.9297931478677584 -0.3680824665454263
vn 0.6814931649991445 -0.2693717588046267 0.6804453847429277
vn 0.6814931649991445 -0.2693717588046267 0.6804453847429277
vn 0.6814931649991445 -0.2693717588046267 0.6804453847429277
vn 0.6814931649991445 -0.2693717588046267 0.6804453847429277
vn -0.6814931649991445 0.2693717588046267 -0.6804453847429277
vn -0.6814931649991445 0.2693717588046267 -0.6804453847429277
vn -0.6814931649991445 0.2693717588046267 -0.6804453847429277
vn -0.6814931649991445 0.2693717588046267 -0.6804453847429277
f 3406/3406/3406 3408/3408/3408 3407/3407/3407
f 3408/3408/3408 3409/3409/3409 3407/3407/3407
f 3410/3410/3410 3412/3412/3412 3411/3411/3411
f 3412/3412/3412 3413/3413/3413 3411/3411/3411
f 3414/3414/3414 3416/3416/3416 3415/3415/3415
f 3416/3416/3416 3417/3417/3417 3415/3415/3415
f 3418/3418/3418 3420/3420/3420 3419/3419/3419
f 3420/3420/3420 3421/3421/3421 3419/3419/3419
f 3422/3422/3422 3424/3424/3424 3423/3423/3423
f 3424/3424/3424 3425/3425/3425 3423/3423/3423
f 3426/3426/3426 3428/3428/3428 3427/3427/3427
f 3428/3428/3428 3429/3429/3429 3427/3427/3427
o visor
usemtl visor
v 0.12848809997046517 0.6550534160199963 0.039951657619235616
v 0.11894719536598101 0.6588246207596657 0.030425421938791268
v 0.12848809997046517 0.6215808641376769 0.026700689394025305
v 0.11894719536598101 0.6253520688773462 0.017174453713580957
v 0.009173519359362003 0.6211977664984988 0.12547257698586314
v 0.018714423963846163 0.6174265617588295 0.1349988126663075
v 0.009173519359362003 0.5877252146161793 0.11222160876065285
v 0.018714423963846163 0.5839540098765099 0.12174784444109718
v 0.009173519359362003 0.6211977664984988 0.12547257698586314
v 0.11894719536598101 0.6588246207596657 0.030425421938791268
v 0.018714423963846163 0.6174265617588295 0.1349988126663075
v 0.12848809997046517 0.6550534160199963 0.039951657619235616
v 0.018714423963846163 0.5839540098765099 0.12174784444109718
v 0.12848809997046517 0.6215808641376769 0.026700689394025305
v 0.009173519359362003 0.5877252146161793 0.11222160876065285
v 0.11894719536598101 0.6253520688773462 0.017174453713580957
v 0.018714423963846163 0.6174265617588295 0.1349988126663075
v 0.12848809997046517 0.6550534160199963 0.039951657619235616
v 0.018714423963846163 0.5839540098765099 0.12174784444109718
v 0.12848809997046517 0.6215808641376769 0.026700689394025305
v 0.11894719536598101 0.6588246207596657 0.030425421938791268
v 0.009173519359362003 0.6211977664984988 0.12547257698586314
v 0.11894719536598101 0.6253520688773462 0.017174453713580957
v 0.009173519359362003 0.5877252146161793 0.11222160876065285
vt 0 1
vt 1 1
vt 0 0
vt 1 0
vt 0 1
vt 1 1
vt 0 0
vt 1 0
vt 0 1
vt 1 1
vt 0 0
vt 1 0
vt 0 1
vt 1 1
vt 0 0
vt 1 0
vt 0 1
vt 1 1
vt 0 0
vt 1 0
vt 0 1
vt 1 1
vt 0 0
vt 1 0
vn 0.7318244776307014 0.2508456851067343 -0.633647675134916
vn 0.7318244776307014 0.2508456851067343 -0.633647675134916
vn 0.7318244776307014 0.2508456851067343 -0.633647675134916
vn 0.7318244776307014 0.2508456851067343 -0.633647675134916
vn -0.7318244776307014 -0.2508456851067343 0.633647675134916
vn -0.7318244776307014 -0.2508456851067343 0.633647675134916
vn -0.7318244776307014 -0.2508456851067343 0.633647675134916
vn -0.7318244776307014 -0.2508456851067343 0.633647675134916
vn -2.7755575615628914e-17 0.9297931478677584 0.3680824665454263
vn -2.7755575615628914e-17 0.9297931478677584 0.3680824665454263
vn -2.7755575615628914e-17 0.9297931478677584 0.3680824665454263
vn -2.7755575615628914e-17 0.9297931478677584 0.3680824665454263
vn 2.7755575615628914e-17 -0.9297931478677584 -0.3680824665454263
vn 2.7755575615628914e-17 -0.9297931478677584 -0.3680824665454263
vn 2.7755575615628914e-17 -0.9297931478677584 -0.3680824665454263
vn 2.7755575615628914e-17 -0.9297931478677584 -0.3680824665454263
vn 0.6814931649991445 -0.2693717588046267 0.6804453847429277
vn 0.6814931649991445 -0.2693717588046267 0.6804453847429277
vn 0.6814931649991445 -0.2693717588046267 0.6804453847429277
vn 0.6814931649991445 -0.2693717588046267 0.6804453847429277
vn -0.6814931649991445 0.2693717588046267 -0.6804453847429277
vn -0.6814931649991445 0.2693717588046267 -0.6804453847429277
vn -0.6814931649991445 0.2693717588046267 -0.6804453847429277
vn -0.6814931649991445 0.2693717588046267 -0.6804453847429277
f 3430/3430/3430 3432/3432/3432 3431/3431/3431
f 3432/3432/3432 3433/3433/3433 3431/3431/3431
f 3434/3434/3434 3436/3436/3436 3435/3435/3435
f 3436/3436/3436 3437/3437/3437 3435/3435/3435
f 3438/3438/3438 3440/3440/3440 3439/3439/3439
f 3440/3440/3440 3441/3441/3441 3439/3439/3439
f 3442/3442/3442 3444/3444/3444 3443/3443/3443
f 3444/3444/3444 3445/3445/3445 3443/3443/3443
f 3446/3446/3446 3448/3448/3448 3447/3447/3447
f 3448/3448/3448 3449/3449/3449 3447/3447/3447
f 3450/3450/3450 3452/3452/3452 3451/3451/3451
f 3452/3452/3452 3453/3453/3453 3451/3451/3451
o pupil_l
usemtl glow
v 0.06126892484697695 0.6187591186519374 0.1017240647830817
v 0.0544539933493111 0.6214528361797744 0.09491961108774381
v 0.06126892484697695 0.6001632561102322 0.09436241561671885
v 0.0544539933493111 0.6028569736380692 0.08755796192138098
v 0.03542655653833163 0.6149308482324353 0.11139445098116674
v 0.042241488035997476 0.6122371307045983 0.11819890467650461
v 0.03542655653833163 0.5963349856907301 0.10403280181480389
v 0.042241488035997476 0.5936412681628931 0.11083725551014177
v 0.03542655653833163 0.6149308482324353 0.11139445098116674
v 0.0544539933493111 0.6214528361797744 0.09491961108774381
v 0.042241488035997476 0.6122371307045983 0.11819890467650461
v 0.06126892484697695 0.6187591186519374 0.1017240647830817
v 0.042241488035997476 0.5936412681628931 0.11083725551014177
v 0.06126892484697695 0.6001632561102322 0.09436241561671885
v 0.03542655653833163 0.5963349856907301 0.10403280181480389
v 0.0544539933493111 0.6028569736380692 0.08755796192138098
v 0.042241488035997476 0.6122371307045983 0.11819890467650461
v 0.06126892484697695 0.6187591186519374 0.1017240647830817
v 0.042241488035997476 0.5936412681628931 0.11083725551014177
v 0.06126892484697695 0.6001632561102322 0.09436241561671885
v 0.0544539933493111 0.6214528361797744 0.09491961108774381
v 0.03542655653833163 0.6149308482324353 0.11139445098116674
v 0.0544539933493111 0.6028569736380692 0.08755796192138098
v 0.03542655653833163 0.5963349856907301 0.10403280181480389
vt 0 1
vt 1 1
vt 0 0
vt 1 0
vt 0 1
vt 1 1
vt 0 0
vt 1 0
vt 0 1
vt 1 1
vt 0 0
vt 1 0
vt 0 1
vt 1 1
vt 0 0
vt 1 0
vt 0 1
vt 1 1
vt 0 0
vt 1 0
vt 0 1
vt 1 1
vt 0 0
vt 1 0
vn 0.7318244776307014 0.2508456851067343 -0.633647675134916
vn 0.7318244776307014 0.2508456851067343 -0.633647675134916
vn 0.7318244776307014 0.2508456851067343 -0.633647675134916
vn 0.7318244776307014 0.2508456851067343 -0.633647675134916
vn -0.7318244776307014 -0.2508456851067343 0.633647675134916
vn -0.7318244776307014 -0.2508456851067343 0.633647675134916
vn -0.7318244776307014 -0.2508456851067343 0.633647675134916
vn -0.7318244776307014 -0.2508456851067343 0.633647675134916
vn -2.7755575615628914e-17 0.9297931478677584 0.3680824665454263
vn -2.7755575615628914e-17 0.9297931478677584 0.3680824665454263
vn -2.7755575615628914e-17 0.9297931478677584 0.3680824665454263
vn -2.7755575615628914e-17 0.9297931478677584 0.3680824665454263
vn 2.7755575615628914e-17 -0.9297931478677584 -0.3680824665454263
vn 2.7755575615628914e-17 -0.9297931478677584 -0.3680824665454263
vn 2.7755575615628914e-17 -0.9297931478677584 -0.3680824665454263
vn 2.7755575615628914e-17 -0.9297931478677584 -0.3680824665454263
vn 0.6814931649991445 -0.2693717588046267 0.6804453847429277
vn 0.6814931649991445 -0.2693717588046267 0.6804453847429277
vn 0.6814931649991445 -0.2693717588046267 0.6804453847429277
vn 0.6814931649991445 -0.2693717588046267 0.6804453847429277
vn -0.6814931649991445 0.2693717588046267 -0.6804453847429277
vn -0.6814931649991445 0.2693717588046267 -0.6804453847429277
vn -0.6814931649991445 0.2693717588046267 -0.6804453847429277
vn -0.6814931649991445 0.2693717588046267 -0.6804453847429277
f 3454/3454/3454 3456/3456/3456 3455/3455/3455
f 3456/3456/3456 3457/3457/3457 3455/3455/3455
f 3458/3458/3458 3460/3460/3460 3459/3459/3459
f 3460/3460/3460 3461/3461/3461 3459/3459/3459
f 3462/3462/3462 3464/3464/3464 3463/3463/3463
f 3464/3464/3464 3465/3465/3465 3463/3463/3463
f 3466/3466/3466 3468/3468/3468 3467/3467/3467
f 3468/3468/3468 3469/3469/3469 3467/3467/3467
f 3470/3470/3470 3472/3472/3472 3471/3471/3471
f 3472/3472/3472 3473/3473/3473 3471/3471/3471
f 3474/3474/3474 3476/3476/3476 3475/3475/3475
f 3476/3476/3476 3477/3477/3477 3475/3475/3475
o pupil_r
usemtl glow
v 0.11981488305743307 0.6388267734604762 0.0510322507722884
v 0.11299995155976722 0.6415204909883132 0.04422779707695052
v 0.11981488305743307 0.620230910918771 0.04367060160592556
v 0.11299995155976722 0.622924628446608 0.03686614791058768
v 0.09397251474878773 0.634998503040974 0.06070263697037344
v 0.10078744624645358 0.6323047855131371 0.06750709066571133
v 0.09397251474878773 0.6164026404992689 0.0533409878040106
v 0.10078744624645358 0.6137089229714319 0.06014544149934848
v 0.09397251474878773 0.634998503040974 0.06070263697037344
v 0.11299995155976722 0.6415204909883132 0.04422779707695052
v 0.10078744624645358 0.6323047855131371 0.06750709066571133
v 0.11981488305743307 0.6388267734604762 0.0510322507722884
v 0.10078744624645358 0.6137089229714319 0.06014544149934848
v 0.11981488305743307 0.620230910918771 0.04367060160592556
v 0.09397251474878773 0.6164026404992689 0.0533409878040106
v 0.11299995155976722 0.622924628446608 0.03686614791058768
v 0.10078744624645358 0.6323047855131371 0.06750709066571133
v 0.11981488305743307 0.6388267734604762 0.0510322507722884
v 0.10078744624645358 0.6137089229714319 0.06014544149934848
v 0.11981488305743307 0.620230910918771 0.04367060160592556
v 0.11299995155976722 0.6415204909883132 0.04422779707695052
v 0.09397251474878773 0.634998503040974 0.06070263697037344
v 0.11299995155976722 0.622924628446608 0.03686614791058768
v 0.09397251474878773 0.6164026404992689 0.0533409878040106
vt 0 1
vt 1 1
vt 0 0
vt 1 0
vt 0 1
vt 1 1
vt 0 0
vt 1 0
vt 0 1
vt 1 1
vt 0 0
vt 1 0
vt 0 1
vt 1 1
vt 0 0
vt 1 0
vt 0 1
vt 1 1
vt 0 0
vt 1 0
vt 0 1
vt 1 1
vt 0 0
vt 1 0
vn 0.7318244776307014 0.2508456851067343 -0.633647675134916
vn 0.7318244776307014 0.2508456851067343 -0.633647675134916
vn 0.7318244776307014 0.2508456851067343 -0.633647675134916
vn 0.7318244776307014 0.2508456851067343 -0.633647675134916
vn -0.7318244776307014 -0.2508456851067343 0.633647675134916
vn -0.7318244776307014 -0.2508456851067343 0.633647675134916
vn -0.7318244776307014 -0.2508456851067343 0.633647675134916
vn -0.7318244776307014 -0.2508456851067343 0.633647675134916
vn -2.7755575615628914e-17 0.9297931478677584 0.3680824665454263
vn -2.7755575615628914e-17 0.9297931478677584 0.3680824665454263
vn -2.7755575615628914e-17 0.9297931478677584 0.3680824665454263
vn -2.7755575615628914e-17 0.9297931478677584 0.3680824665454263
vn 2.7755575615628914e-17 -0.9297931478677584 -0.3680824665454263
vn 2.7755575615628914e-17 -0.9297931478677584 -0.3680824665454263
vn 2.7755575615628914e-17 -0.9297931478677584 -0.3680824665454263
vn 2.7755575615628914e-17 -0.9297931478677584 -0.3680824665454263
vn 0.6814931649991445 -0.2693717588046267 0.6804453847429277
vn 0.6814931649991445 -0.2693717588046267 0.6804453847429277
vn 0.6814931649991445 -0.2693717588046267 0.6804453847429277
vn 0.6814931649991445 -0.2693717588046267 0.6804453847429277
vn -0.6814931649991445 0.2693717588046267 -0.6804453847429277
vn -0.6814931649991445 0.2693717588046267 -0.6804453847429277
vn -0.6814931649991445 0.2693717588046267 -0.6804453847429277
vn -0.6814931649991445 0.2693717588046267 -0.6804453847429277
f 3478/3478/3478 3480/3480/3480 3479/3479/3479
f 3480/3480/3480 3481/3481/3481 3479/3479/3479
f 3482/3482/3482 3484/3484/3484 3483/3483/3483
f 3484/3484/3484 3485/3485/3485 3483/3483/3483
f 3486/3486/3486 3488/3488/3488 3487/3487/3487
f 3488/3488/3488 3489/3489/3489 3487/3487/3487
f 3490/3490/3490 3492/3492/3492 3491/3491/3491
f 3492/3492/3492 3493/3493/3493 3491/3491/3491
f 3494/3494/3494 3496/3496/3496 3495/3495/3495
f 3496/3496/3496 3497/3497/3497 3495/3495/3495
f 3498/3498/3498 3500/3500/3500 3499/3499/3499
f 3500/3500/3500 3501/3501/3501 3499/3499/3499
o cheek_vent_l_0
usemtl carbon
v 0.030245437391608065 0.5627559137404708 0.08564138185316675
v 0.00980064289861051 0.5708370663239819 0.0652280207671531
v 0.030245437391608065 0.5367217047965838 0.07533507247177315
v 0.00980064289861051 0.5448028573800948 0.054921711385759506
v 0.005409695994658681 0.5693319922002589 0.0690299068510099
v 0.025854490487656236 0.5612508396167478 0.08944326793702355
v 0.005409695994658681 0.5432977832563718 0.05872359746961631
v 0.025854490487656236 0.5352166306728607 0.07913695855562995
v 0.005409695994658681 0.5693319922002589 0.0690299068510099
v 0.00980064289861051 0.5708370663239819 0.0652280207671531
v 0.025854490487656236 0.5612508396167478 0.08944326793702355
v 0.030245437391608065 0.5627559137404708 0.08564138185316675
v 0.025854490487656236 0.5352166306728607 0.07913695855562995
v 0.030245437391608065 0.5367217047965838 0.07533507247177315
v 0.005409695994658681 0.5432977832563718 0.05872359746961631
v 0.00980064289861051 0.5448028573800948 0.054921711385759506
v 0.025854490487656236 0.5612508396167478 0.08944326793702355
v 0.030245437391608065 0.5627559137404708 0.08564138185316675
v 0.025854490487656236 0.5352166306728607 0.07913695855562995
v 0.030245437391608065 0.5367217047965838 0.07533507247177315
v 0.00980064289861051 0.5708370663239819 0.0652280207671531
v 0.005409695994658681 0.5693319922002589 0.0690299068510099
v 0.00980064289861051 0.5448028573800948 0.054921711385759506
v 0.005409695994658681 0.5432977832563718 0.05872359746961631
vt 0 1
vt 1 1
vt 0 0
vt 1 0
vt 0 1
vt 1 1
vt 0 0
vt 1 0
vt 0 1
vt 1 1
vt 0 0
vt 1 0
vt 0 1
vt 1 1
vt 0 0
vt 1 0
vt 0 1
vt 1 1
vt 0 0
vt 1 0
vt 0 1
vt 1 1
vt 0 0
vt 1 0
vn 0.7318244776307014 0.2508456851067343 -0.633647675134916
vn 0.7318244776307014 0.2508456851067343 -0.633647675134916
vn 0.7318244776307014 0.2508456851067343 -0.633647675134916
vn 0.7318244776307014 0.2508456851067343 -0.633647675134916
vn -0.7318244776307014 -0.2508456851067343 0.633647675134916
vn -0.7318244776307014 -0.2508456851067343 0.633647675134916
vn -0.7318244776307014 -0.2508456851067343 0.633647675134916
vn -0.7318244776307014 -0.2508456851067343 0.633647675134916
vn -2.7755575615628914e-17 0.9297931478677584 0.3680824665454263
vn -2.7755575615628914e-17 0.9297931478677584 0.3680824665454263
vn -2.7755575615628914e-17 0.9297931478677584 0.3680824665454263
vn -2.7755575615628914e-17 0.9297931478677584 0.3680824665454263
vn 2.7755575615628914e-17 -0.9297931478677584 -0.3680824665454263
vn 2.7755575615628914e-17 -0.9297931478677584 -0.3680824665454263
vn 2.7755575615628914e-17 -0.9297931478677584 -0.3680824665454263
vn 2.7755575615628914e-17 -0.9297931478677584 -0.3680824665454263
vn 0.6814931649991445 -0.2693717588046267 0.6804453847429277
vn 0.6814931649991445 -0.2693717588046267 0.6804453847429277
vn 0.6814931649991445 -0.2693717588046267 0.6804453847429277
vn 0.6814931649991445 -0.2693717588046267 0.6804453847429277
vn -0.6814931649991445 0.2693717588046267 -0.6804453847429277
vn -0.6814931649991445 0.2693717588046267 -0.6804453847429277
vn -0.6814931649991445 0.2693717588046267 -0.6804453847429277
vn -0.6814931649991445 0.2693717588046267 -0.6804453847429277
f 3502/3502/3502 3504/3504/3504 3503/3503/3503
f 3504/3504/3504 3505/3505/3505 3503/3503/3503
f 3506/3506/3506 3508/3508/3508 3507/3507/3507
f 3508/3508/3508 3509/3509/3509 3507/3507/3507
f 3510/3510/3510 3512/3512/3512 3511/3511/3511
f 3512/3512/3512 3513/3513/3513 3511/3511/3511
f 3514/3514/3514 3516/3516/3516 3515/3515/3515
f 3516/3516/3516 3517/3517/3517 3515/3515/3515
f 3518/3518/3518 3520/3520/3520 3519/3519/3519
f 3520/3520/3520 3521/3521/3521 3519/3519/3519
f 3522/3522/3522 3524/3524/3524 3523/3523/3523
f 3524/3524/3524 3525/3525/3525 3523/3523/3523
o cheek_vent_l_1
usemtl carbon
v 0.018536245749516837 0.5587423827787631 0.0957797446553254
v -0.0019085487434807175 0.5668235353622741 0.07536638356931176
v 0.018536245749516837 0.532708173834876 0.08547343527393181
v -0.0019085487434807175 0.5407893264183871 0.06506007418791816
v -0.006299495647432547 0.5653184612385511 0.07916826965316856
v 0.014145298845565007 0.5572373086550401 0.0995816307391822
v -0.006299495647432547 0.539284252294664 0.06886196027177496
v 0.014145298845565007 0.531203099711153 0.08927532135778861
v -0.006299495647432547 0.5653184612385511 0.07916826965316856
v -0.0019085487434807175 0.5668235353622741 0.07536638356931176
v 0.014145298845565007 0.5572373086550401 0.0995816307391822
v 0.018536245749516837 0.5587423827787631 0.0957797446553254
v 0.014145298845565007 0.531203099711153 0.08927532135778861
v 0.018536245749516837 0.532708173834876 0.08547343527393181
v -0.006299495647432547 0.539284252294664 0.06886196027177496
v -0.0019085487434807175 0.5407893264183871 0.06506007418791816
v 0.014145298845565007 0.5572373086550401 0.0995816307391822
v 0.018536245749516837 0.5587423827787631 0.0957797446553254
v 0.014145298845565007 0.531203099711153 0.08927532135778861
v 0.018536245749516837 0.532708173834876 0.08547343527393181
v -0.0019085487434807175 0.5668235353622741 0.07536638356931176
v -0.006299495647432547 0.5653184612385511 0.07916826965316856
v -0.0019085487434807175 0.5407893264183871 0.06506007418791816
v -0.006299495647432547 0.539284252294664 0.06886196027177496
vt 0 1
vt 1 1
vt 0 0
vt 1 0
vt 0 1
vt 1 1
vt 0 0
vt 1 0
vt 0 1
vt 1 1
vt 0 0
vt 1 0
vt 0 1
vt 1 1
vt 0 0
vt 1 0
vt 0 1
vt 1 1
vt 0 0
vt 1 0
vt 0 1
vt 1 1
vt 0 0
vt 1 0
vn 0.7318244776307014 0.2508456851067343 -0.633647675134916
vn 0.7318244776307014 0.2508456851067343 -0.633647675134916
vn 0.7318244776307014 0.2508456851067343 -0.633647675134916
vn 0.7318244776307014 0.2508456851067343 -0.633647675134916
vn -0.7318244776307014 -0.2508456851067343 0.633647675134916
vn -0.7318244776307014 -0.2508456851067343 0.633647675134916
vn -0.7318244776307014 -0.2508456851067343 0.633647675134916
vn -0.7318244776307014 -0.2508456851067343 0.633647675134916
vn -2.7755575615628914e-17 0.9297931478677584 0.3680824665454263
vn -2.7755575615628914e-17 0.9297931478677584 0.3680824665454263
vn -2.7755575615628914e-17 0.9297931478677584 0.3680824665454263
vn -2.7755575615628914e-17 0.9297931478677584 0.3680824665454263
vn 2.7755575615628914e-17 -0.9297931478677584 -0.3680824665454263
vn 2.7755575615628914e-17 -0.9297931478677584 -0.3680824665454263
vn 2.7755575615628914e-17 -0.9297931478677584 -0.3680824665454263
vn 2.7755575615628914e-17 -0.9297931478677584 -0.3680824665454263
vn 0.6814931649991445 -0.2693717588046267 0.6804453847429277
vn 0.6814931649991445 -0.2693717588046267 0.6804453847429277
vn 0.6814931649991445 -0.2693717588046267 0.6804453847429277
vn 0.6814931649991445 -0.2693717588046267 0.6804453847429277
vn -0.6814931649991445 0.2693717588046267 -0.6804453847429277
vn -0.6814931649991445 0.2693717588046267 -0.6804453847429277
vn -0.6814931649991445 0.2693717588046267 -0.6804453847429277
vn -0.6814931649991445 0.2693717588046267 -0.6804453847429277
f 3526/3526/3526 3528/3528/3528 3527/3527/3527
f 3528/3528/3528 3529/3529/3529 3527/3527/3527
f 3530/3530/3530 3532/3532/3532 3531/3531/3531
f 3532/3532/3532 3533/3533/3533 3531/3531/3531
f 3534/3534/3534 3536/3536/3536 3535/3535/3535
f 3536/3536/3536 3537/3537/3537 3535/3535/3535
f 3538/3538/3538 3540/3540/3540 3539/3539/3539
f 3540/3540/3540 3541/3541/3541 3539/3539/3539
f 3542/3542/3542 3544/3544/3544 3543/3543/3543
f 3544/3544/3544 3545/3545/3545 3543/3543/3543
f 3546/3546/3546 3548/3548/3548 3547/3547/3547
f 3548/3548/3548 3549/3549/3549 3547/3547/3547
o cheek_vent_l_2
usemtl carbon
v 0.00682705410742563 0.5547288518170553 0.10591810745748405
v -0.013617740385571925 0.5628100044005664 0.0855047463714704
v 0.00682705410742563 0.5286946428731683 0.09561179807609045
v -0.013617740385571925 0.5367757954566793 0.0751984369900768
v -0.018008687289523755 0.5613049302768434 0.0893066324553272
v 0.0024361072034738 0.5532237776933323 0.10971999354134085
v -0.018008687289523755 0.5352707213329563 0.0790003230739336
v 0.0024361072034738 0.5271895687494452 0.09941368415994725
v -0.018008687289523755 0.5613049302768434 0.0893066324553272
v -0.013617740385571925 0.5628100044005664 0.0855047463714704
v 0.0024361072034738 0.5532237776933323 0.10971999354134085
v 0.00682705410742563 0.5547288518170553 0.10591810745748405
v 0.0024361072034738 0.5271895687494452 0.09941368415994725
v 0.00682705410742563 0.5286946428731683 0.09561179807609045
v -0.018008687289523755 0.5352707213329563 0.0790003230739336
v -0.013617740385571925 0.5367757954566793 0.0751984369900768
v 0.0024361072034738 0.5532237776933323 0.10971999354134085
v 0.00682705410742563 0.5547288518170553 0.10591810745748405
v 0.0024361072034738 0.5271895687494452 0.09941368415994725
v 0.00682705410742563 0.5286946428731683 0.09561179807609045
v -0.013617740385571925 0.5628100044005664 0.0855047463714704
v -0.018008687289523755 0.5613049302768434 0.0893066324553272
v -0.013617740385571925 0.5367757954566793 0.0751984369900768
v -0.018008687289523755 0.5352707213329563 0.0790003230739336
vt 0 1
vt 1 1
vt 0 0
vt 1 0
vt 0 1
vt 1 1
vt 0 0
vt 1 0
vt 0 1
vt 1 1
vt 0 0
vt 1 0
vt 0 1
vt 1 1
vt 0 0
vt 1 0
vt 0 1
vt 1 1
vt 0 0
vt 1 0
vt 0 1
vt 1 1
vt 0 0
vt 1 0
vn 0.7318244776307014 0.2508456851067343 -0.633647675134916
vn 0.7318244776307014 0.2508456851067343 -0.633647675134916
vn 0.7318244776307014 0.2508456851067343 -0.633647675134916
vn 0.7318244776307014 0.2508456851067343 -0.633647675134916
vn -0.7318244776307014 -0.2508456851067343 0.633647675134916
vn -0.7318244776307014 -0.2508456851067343 0.633647675134916
vn -0.7318244776307014 -0.2508456851067343 0.633647675134916
vn -0.7318244776307014 -0.2508456851067343 0.633647675134916
vn -2.7755575615628914e-17 0.9297931478677584 0.3680824665454263
vn -2.7755575615628914e-17 0.9297931478677584 0.3680824665454263
vn -2.7755575615628914e-17 0.9297931478677584 0.3680824665454263
vn -2.7755575615628914e-17 0.9297931478677584 0.3680824665454263
vn 2.7755575615628914e-17 -0.9297931478677584 -0.3680824665454263
vn 2.7755575615628914e-17 -0.9297931478677584 -0.3680824665454263
vn 2.7755575615628914e-17 -0.9297931478677584 -0.3680824665454263
vn 2.7755575615628914e-17 -0.9297931478677584 -0.3680824665454263
vn 0.6814931649991445 -0.2693717588046267 0.6804453847429277
vn 0.6814931649991445 -0.2693717588046267 0.6804453847429277
vn 0.6814931649991445 -0.2693717588046267 0.6804453847429277
vn 0.6814931649991445 -0.2693717588046267 0.6804453847429277
vn -0.6814931649991445 0.2693717588046267 -0.6804453847429277
vn -0.6814931649991445 0.2693717588046267 -0.6804453847429277
vn -0.6814931649991445 0.2693717588046267 -0.6804453847429277
vn -0.6814931649991445 0.2693717588046267 -0.6804453847429277
f 3550/3550/3550 3552/3552/3552 3551/3551/3551
f 3552/3552/3552 3553/3553/3553 3551/3551/3551
f 3554/3554/3554 3556/3556/3556 3555/3555/3555
f 3556/3556/3556 3557/3557/3557 3555/3555/3555
f 3558/3558/3558 3560/3560/3560 3559/3559/3559
f 3560/3560/3560 3561/3561/3561 3559/3559/3559
f 3562/3562/3562 3564/3564/3564 3563/3563/3563
f 3564/3564/3564 3565/3565/3565 3563/3563/3563
f 3566/3566/3566 3568/3568/3568 3567/3567/3567
f 3568/3568/3568 3569/3569/3569 3567/3567/3567
f 3570/3570/3570 3572/3572/3572 3571/3571/3571
f 3572/3572/3572 3573/3573/3573 3571/3571/3571
o sensor_pod_l
usemtl carbon
v -0.06920370407128854 0.6004881824509023 0.10171602600270556
v -0.07942610131778731 0.6286854925522576 0.10107240815241651
v -0.09987089581078486 0.6367666451357685 0.08065904706640287
v -0.11009329305728364 0.6166504876179242 0.060889303830678275
v -0.09987089581078487 0.5884531775165689 0.06153292168096732
v -0.07942610131778732 0.580372024933058 0.08194628276698097
v -0.06920370407128854 0.6004881824509023 0.10171602600270556
v -0.04018238086164075 0.6079209224522264 0.08294058475994572
v -0.05210851129990097 0.6408177858058057 0.08218969752242394
v -0.07596077217642141 0.6502457974041073 0.058374108955027204
v -0.08788690261468164 0.6267769456488292 0.03530940762515226
v -0.07596077217642143 0.5938800822952499 0.036060294862674036
v -0.052108511299900975 0.5844520706969485 0.05987588343007077
v -0.04018238086164075 0.6079209224522264 0.08294058475994572
v -0.08964849856428608 0.6085693350344132 0.08130266491669191
v -0.08964849856428608 0.6085693350344132 0.08130266491669191
v -0.08964849856428608 0.6085693350344132 0.08130266491669191
v -0.08964849856428608 0.6085693350344132 0.08130266491669191
v -0.08964849856428608 0.6085693350344132 0.08130266491669191
v -0.08964849856428608 0.6085693350344132 0.08130266491669191
v -0.06920370407128854 0.6004881824509023 0.10171602600270556
v -0.07942610131778731 0.6286854925522576 0.10107240815241651
v -0.09987089581078486 0.6367666451357685 0.08065904706640287
v -0.11009329305728364 0.6166504876179242 0.060889303830678275
v -0.09987089581078487 0.5884531775165689 0.06153292168096732
v -0.07942610131778732 0.580372024933058 0.08194628276698097
v -0.06920370407128854 0.6004881824509023 0.10171602600270556
v -0.0640346417381612 0.6173489340505278 0.05912499619254899
v -0.0640346417381612 0.6173489340505278 0.05912499619254899
v -0.0640346417381612 0.6173489340505278 0.05912499619254899
v -0.0640346417381612 0.6173489340505278 0.05912499619254899
v -0.0640346417381612 0.6173489340505278 0.05912499619254899
v -0.0640346417381612 0.6173489340505278 0.05912499619254899
v -0.04018238086164075 0.6079209224522264 0.08294058475994572
v -0.05210851129990097 0.6408177858058057 0.08218969752242394
v -0.07596077217642141 0.6502457974041073 0.058374108955027204
v -0.08788690261468164 0.6267769456488292 0.03530940762515226
v -0.07596077217642143 0.5938800822952499 0.036060294862674036
v -0.052108511299900975 0.5844520706969485 0.05987588343007077
v -0.04018238086164075 0.6079209224522264 0.08294058475994572
vt 0 1
vt 0.1666666716337204 1
vt 0.3333333432674408 1
vt 0.5 1
vt 0.6666666865348816 1
vt 0.8333333134651184 1
vt 1 1
vt 0 0
vt 0.1666666716337204 0
vt 0.3333333432674408 0
vt 0.5 0
vt 0.6666666865348816 0
vt 0.8333333134651184 0
vt 1 0
vt 0.5 0.5
vt 0.5 0.5
vt 0.5 0.5
vt 0.5 0.5
vt 0.5 0.5
vt 0.5 0.5
vt 1 0.5
vt 0.75 0.9330127239227295
vt 0.25 0.9330127239227295
vt 0 0.5
vt 0.25 0.0669872984290123
vt 0.75 0.0669872984290123
vt 1 0.5
vt 0.5 0.5
vt 0.5 0.5
vt 0.5 0.5
vt 0.5 0.5
vt 0.5 0.5
vt 0.5 0.5
vt 1 0.5
vt 0.75 0.0669872984290123
vt 0.25 0.0669872984290123
vt 0 0.5
vt 0.25 0.9330127239227295
vt 0.75 0.9330127239227295
vt 1 0.5
vn 0.571148194821226 -0.30213937544445874 0.7632178832800546
vn 0.2338262892001257 0.6283244124535525 0.7419795813860361
vn -0.44081752538050756 0.8949888490667587 0.06837301634098289
vn -0.7781394303966636 0.2311894962232671 -0.5839952428727377
vn -0.4408175253805079 -0.6992742918820996 -0.56275694045493
vn 0.2338262892001254 -0.9659387284953057 0.11084962459012322
vn 0.571148194821226 -0.30213937544445896 0.7632178832800545
vn 0.571148194821226 -0.30213937544445874 0.7632178832800546
vn 0.2338262892001257 0.6283244124535525 0.7419795813860361
vn -0.44081752538050756 0.8949888490667587 0.06837301634098289
vn -0.7781394303966636 0.2311894962232671 -0.5839952428727377
vn -0.4408175253805079 -0.6992742918820996 -0.56275694045493
vn 0.2338262892001254 -0.9659387284953057 0.11084962459012322
vn 0.571148194821226 -0.30213937544445896 0.7632178832800545
vn -0.7318244776307015 -0.25084568510673405 0.6336476751349162
vn -0.7318244776307015 -0.25084568510673405 0.6336476751349162
vn -0.7318244776307015 -0.25084568510673405 0.6336476751349162
vn -0.7318244776307015 -0.25084568510673405 0.6336476751349162
vn -0.7318244776307015 -0.25084568510673405 0.6336476751349162
vn -0.7318244776307015 -0.25084568510673405 0.6336476751349162
vn -0.7318244776307015 -0.25084568510673405 0.6336476751349162
vn -0.7318244776307015 -0.25084568510673405 0.6336476751349162
vn -0.7318244776307015 -0.25084568510673405 0.6336476751349162
vn -0.7318244776307015 -0.25084568510673405 0.6336476751349162
vn -0.7318244776307015 -0.25084568510673405 0.6336476751349162
vn -0.7318244776307015 -0.25084568510673405 0.6336476751349162
vn -0.7318244776307015 -0.25084568510673405 0.6336476751349162
vn 0.7318244776307015 0.25084568510673405 -0.6336476751349162
vn 0.7318244776307015 0.25084568510673405 -0.6336476751349162
vn 0.7318244776307015 0.25084568510673405 -0.6336476751349162
vn 0.7318244776307015 0.25084568510673405 -0.6336476751349162
vn 0.7318244776307015 0.25084568510673405 -0.6336476751349162
vn 0.7318244776307015 0.25084568510673405 -0.6336476751349162
vn 0.7318244776307015 0.25084568510673405 -0.6336476751349162
vn 0.7318244776307015 0.25084568510673405 -0.6336476751349162
vn 0.7318244776307015 0.25084568510673405 -0.6336476751349162
vn 0.7318244776307015 0.25084568510673405 -0.6336476751349162
vn 0.7318244776307015 0.25084568510673405 -0.6336476751349162
vn 0.7318244776307015 0.25084568510673405 -0.6336476751349162
vn 0.7318244776307015 0.25084568510673405 -0.6336476751349162
f 3574/3574/3574 3581/3581/3581 3575/3575/3575
f 3581/3581/3581 3582/3582/3582 3575/3575/3575
f 3575/3575/3575 3582/3582/3582 3576/3576/3576
f 3582/3582/3582 3583/3583/3583 3576/3576/3576
f 3576/3576/3576 3583/3583/3583 3577/3577/3577
f 3583/3583/3583 3584/3584/3584 3577/3577/3577
f 3577/3577/3577 3584/3584/3584 3578/3578/3578
f 3584/3584/3584 3585/3585/3585 3578/3578/3578
f 3578/3578/3578 3585/3585/3585 3579/3579/3579
f 3585/3585/3585 3586/3586/3586 3579/3579/3579
f 3579/3579/3579 3586/3586/3586 3580/3580/3580
f 3586/3586/3586 3587/3587/3587 3580/3580/3580
f 3594/3594/3594 3595/3595/3595 3588/3588/3588
f 3595/3595/3595 3596/3596/3596 3589/3589/3589
f 3596/3596/3596 3597/3597/3597 3590/3590/3590
f 3597/3597/3597 3598/3598/3598 3591/3591/3591
f 3598/3598/3598 3599/3599/3599 3592/3592/3592
f 3599/3599/3599 3600/3600/3600 3593/3593/3593
f 3608/3608/3608 3607/3607/3607 3601/3601/3601
f 3609/3609/3609 3608/3608/3608 3602/3602/3602
f 3610/3610/3610 3609/3609/3609 3603/3603/3603
f 3611/3611/3611 3610/3610/3610 3604/3604/3604
f 3612/3612/3612 3611/3611/3611 3605/3605/3605
f 3613/3613/3613 3612/3612/3612 3606/3606/3606
o sensor_glow_l
usemtl glow
v -0.08193715465224709 0.60417101625392 0.0924130193506376
v -0.08670760695448917 0.6173297616455261 0.09211266432888607
v -0.09624851155897335 0.6211009663851955 0.0825864286484417
v -0.10101896386121542 0.6117134257332587 0.07336054798974889
v -0.09624851155897335 0.5985546803416526 0.07366090301150044
v -0.08670760695448917 0.5947834756019832 0.0831871386919448
v -0.08193715465224709 0.60417101625392 0.0924130193506376
v -0.05412782539649327 0.6137031519814687 0.06833440846976185
v -0.05889827769873535 0.6268618973730749 0.0680340534480103
v -0.06843918230321952 0.6306331021127443 0.05850781776756595
v -0.07320963460546161 0.6212455614608074 0.049281937108873144
v -0.06843918230321952 0.6080868160692013 0.049582292130624685
v -0.05889827769873535 0.6043156113295319 0.05910852781106904
v -0.05412782539649327 0.6137031519814687 0.06833440846976185
v -0.09147805925673126 0.6079422209935893 0.08288678367019325
v -0.09147805925673126 0.6079422209935893 0.08288678367019325
v -0.09147805925673126 0.6079422209935893 0.08288678367019325
v -0.09147805925673126 0.6079422209935893 0.08288678367019325
v -0.09147805925673126 0.6079422209935893 0.08288678367019325
v -0.09147805925673126 0.6079422209935893 0.08288678367019325
v -0.08193715465224709 0.60417101625392 0.0924130193506376
v -0.08670760695448917 0.6173297616455261 0.09211266432888607
v -0.09624851155897335 0.6211009663851955 0.0825864286484417
v -0.10101896386121542 0.6117134257332587 0.07336054798974889
v -0.09624851155897335 0.5985546803416526 0.07366090301150044
v -0.08670760695448917 0.5947834756019832 0.0831871386919448
v -0.08193715465224709 0.60417101625392 0.0924130193506376
v -0.06366873000097743 0.6174743567211382 0.05880817278931749
v -0.06366873000097743 0.6174743567211382 0.05880817278931749
v -0.06366873000097743 0.6174743567211382 0.05880817278931749
v -0.06366873000097743 0.6174743567211382 0.05880817278931749
v -0.06366873000097743 0.6174743567211382 0.05880817278931749
v -0.06366873000097743 0.6174743567211382 0.05880817278931749
v -0.05412782539649327 0.6137031519814687 0.06833440846976185
v -0.05889827769873535 0.6268618973730749 0.0680340534480103
v -0.06843918230321952 0.6306331021127443 0.05850781776756595
v -0.07320963460546161 0.6212455614608074 0.049281937108873144
v -0.06843918230321952 0.6080868160692013 0.049582292130624685
v -0.05889827769873535 0.6043156113295319 0.05910852781106904
v -0.05412782539649327 0.6137031519814687 0.06833440846976185
vt 0 1
vt 0.1666666716337204 1
vt 0.3333333432674408 1
vt 0.5 1
vt 0.6666666865348816 1
vt 0.8333333134651184 1
vt 1 1
vt 0 0
vt 0.1666666716337204 0
vt 0.3333333432674408 0
vt 0.5 0
vt 0.6666666865348816 0
vt 0.8333333134651184 0
vt 1 0
vt 0.5 0.5
vt 0.5 0.5
vt 0.5 0.5
vt 0.5 0.5
vt 0.5 0.5
vt 0.5 0.5
vt 1 0.5
vt 0.75 0.9330127239227295
vt 0.25 0.9330127239227295
vt 0 0.5
vt 0.25 0.0669872984290123
vt 0.75 0.0669872984290123
vt 1 0.5
vt 0.5 0.5
vt 0.5 0.5
vt 0.5 0.5
vt 0.5 0.5
vt 0.5 0.5
vt 0.5 0.5
vt 1 0.5
vt 0.75 0.0669872984290123
vt 0.25 0.0669872984290123
vt 0 0.5
vt 0.25 0.9330127239227295
vt 0.75 0.9330127239227295
vt 1 0.5
vn 0.6814931649991445 -0.2693717588046267 0.6804453847429278
vn 0.34074658708642136 0.6705386014897474 0.6589914622369016
vn -0.340746587086421 0.9399103639204341 -0.021453931665619763
vn -0.6814931649991445 0.2693717588046268 -0.6804453847429278
vn -0.34074658708642136 -0.6705386014897474 -0.6589914622369016
vn 0.340746587086421 -0.9399103639204341 0.021453931665619763
vn 0.6814931649991445 -0.26937175880462694 0.6804453847429277
vn 0.6814931649991445 -0.2693717588046267 0.6804453847429278
vn 0.34074658708642136 0.6705386014897474 0.6589914622369016
vn -0.340746587086421 0.9399103639204341 -0.021453931665619763
vn -0.6814931649991445 0.2693717588046268 -0.6804453847429278
vn -0.34074658708642136 -0.6705386014897474 -0.6589914622369016
vn 0.340746587086421 -0.9399103639204341 0.021453931665619763
vn 0.6814931649991445 -0.26937175880462694 0.6804453847429277
vn -0.7318244776307015 -0.25084568510673405 0.6336476751349162
vn -0.7318244776307015 -0.25084568510673405 0.6336476751349162
vn -0.7318244776307015 -0.25084568510673405 0.6336476751349162
vn -0.7318244776307015 -0.25084568510673405 0.6336476751349162
vn -0.7318244776307015 -0.25084568510673405 0.6336476751349162
vn -0.7318244776307015 -0.25084568510673405 0.6336476751349162
vn -0.7318244776307015 -0.25084568510673405 0.6336476751349162
vn -0.7318244776307015 -0.25084568510673405 0.6336476751349162
vn -0.7318244776307015 -0.25084568510673405 0.6336476751349162
vn -0.7318244776307015 -0.25084568510673405 0.6336476751349162
vn -0.7318244776307015 -0.25084568510673405 0.6336476751349162
vn -0.7318244776307015 -0.25084568510673405 0.6336476751349162
vn -0.7318244776307015 -0.25084568510673405 0.6336476751349162
vn 0.7318244776307015 0.25084568510673405 -0.6336476751349162
vn 0.7318244776307015 0.25084568510673405 -0.6336476751349162
vn 0.7318244776307015 0.25084568510673405 -0.6336476751349162
vn 0.7318244776307015 0.25084568510673405 -0.6336476751349162
vn 0.7318244776307015 0.25084568510673405 -0.6336476751349162
vn 0.7318244776307015 0.25084568510673405 -0.6336476751349162
vn 0.7318244776307015 0.25084568510673405 -0.6336476751349162
vn 0.7318244776307015 0.25084568510673405 -0.6336476751349162
vn 0.7318244776307015 0.25084568510673405 -0.6336476751349162
vn 0.7318244776307015 0.25084568510673405 -0.6336476751349162
vn 0.7318244776307015 0.25084568510673405 -0.6336476751349162
vn 0.7318244776307015 0.25084568510673405 -0.6336476751349162
vn 0.7318244776307015 0.25084568510673405 -0.6336476751349162
f 3614/3614/3614 3621/3621/3621 3615/3615/3615
f 3621/3621/3621 3622/3622/3622 3615/3615/3615
f 3615/3615/3615 3622/3622/3622 3616/3616/3616
f 3622/3622/3622 3623/3623/3623 3616/3616/3616
f 3616/3616/3616 3623/3623/3623 3617/3617/3617
f 3623/3623/3623 3624/3624/3624 3617/3617/3617
f 3617/3617/3617 3624/3624/3624 3618/3618/3618
f 3624/3624/3624 3625/3625/3625 3618/3618/3618
f 3618/3618/3618 3625/3625/3625 3619/3619/3619
f 3625/3625/3625 3626/3626/3626 3619/3619/3619
f 3619/3619/3619 3626/3626/3626 3620/3620/3620
f 3626/3626/3626 3627/3627/3627 3620/3620/3620
f 3634/3634/3634 3635/3635/3635 3628/3628/3628
f 3635/3635/3635 3636/3636/3636 3629/3629/3629
f 3636/3636/3636 3637/3637/3637 3630/3630/3630
f 3637/3637/3637 3638/3638/3638 3631/3631/3631
f 3638/3638/3638 3639/3639/3639 3632/3632/3632
f 3639/3639/3639 3640/3640/3640 3633/3633/3633
f 3648/3648/3648 3647/3647/3647 3641/3641/3641
f 3649/3649/3649 3648/3648/3648 3642/3642/3642
f 3650/3650/3650 3649/3649/3649 3643/3643/3643
f 3651/3651/3651 3650/3650/3650 3644/3644/3644
f 3652/3652/3652 3651/3651/3651 3645/3645/3645
f 3653/3653/3653 3652/3652/3652 3646/3646/3646
o cheek_vent_r_0
usemtl carbon
v 0.106355183065201 0.5888438649915712 0.01974202363913547
v 0.08591038857220346 0.5969250175750822 -0.0006713374468781744
v 0.106355183065201 0.5628096560476841 0.009435714257741876
v 0.08591038857220346 0.5708908086311951 -0.010977646828271771
v 0.08151944166825162 0.5954199434513592 0.0031305486369786247
v 0.10196423616124917 0.5873387908678481 0.023543909722992272
v 0.08151944166825162 0.5693857345074721 -0.00717576074441497
v 0.10196423616124917 0.561304581923961 0.013237600341598675
v 0.08151944166825162 0.5954199434513592 0.0031305486369786247
v 0.08591038857220346 0.5969250175750822 -0.0006713374468781744
v 0.10196423616124917 0.5873387908678481 0.023543909722992272
v 0.106355183065201 0.5888438649915712 0.01974202363913547
v 0.10196423616124917 0.561304581923961 0.013237600341598675
v 0.106355183065201 0.5628096560476841 0.009435714257741876
v 0.08151944166825162 0.5693857345074721 -0.00717576074441497
v 0.08591038857220346 0.5708908086311951 -0.010977646828271771
v 0.10196423616124917 0.5873387908678481 0.023543909722992272
v 0.106355183065201 0.5888438649915712 0.01974202363913547
v 0.10196423616124917 0.561304581923961 0.013237600341598675
v 0.106355183065201 0.5628096560476841 0.009435714257741876
v 0.08591038857220346 0.5969250175750822 -0.0006713374468781744
v 0.08151944166825162 0.5954199434513592 0.0031305486369786247
v 0.08591038857220346 0.5708908086311951 -0.010977646828271771
v 0.08151944166825162 0.5693857345074721 -0.00717576074441497
vt 0 1
vt 1 1
vt 0 0
vt 1 0
vt 0 1
vt 1 1
vt 0 0
vt 1 0
vt 0 1
vt 1 1
vt 0 0
vt 1 0
vt 0 1
vt 1 1
vt 0 0
vt 1 0
vt 0 1
vt 1 1
vt 0 0
vt 1 0
vt 0 1
vt 1 1
vt 0 0
vt 1 0
vn 0.7318244776307014 0.2508456851067343 -0.633647675134916
vn 0.7318244776307014 0.2508456851067343 -0.633647675134916
vn 0.7318244776307014 0.2508456851067343 -0.633647675134916
vn 0.7318244776307014 0.2508456851067343 -0.633647675134916
vn -0.7318244776307014 -0.2508456851067343 0.633647675134916
vn -0.7318244776307014 -0.2508456851067343 0.633647675134916
vn -0.7318244776307014 -0.2508456851067343 0.633647675134916
vn -0.7318244776307014 -0.2508456851067343 0.633647675134916
vn -2.7755575615628914e-17 0.9297931478677584 0.3680824665454263
vn -2.7755575615628914e-17 0.9297931478677584 0.3680824665454263
vn -2.7755575615628914e-17 0.9297931478677584 0.3680824665454263
vn -2.7755575615628914e-17 0.9297931478677584 0.3680824665454263
vn 2.7755575615628914e-17 -0.9297931478677584 -0.3680824665454263
vn 2.7755575615628914e-17 -0.9297931478677584 -0.3680824665454263
vn 2.7755575615628914e-17 -0.9297931478677584 -0.3680824665454263
vn 2.7755575615628914e-17 -0.9297931478677584 -0.3680824665454263
vn 0.6814931649991445 -0.2693717588046267 0.6804453847429277
vn 0.6814931649991445 -0.2693717588046267 0.6804453847429277
vn 0.6814931649991445 -0.2693717588046267 0.6804453847429277
vn 0.6814931649991445 -0.2693717588046267 0.6804453847429277
vn -0.6814931649991445 0.2693717588046267 -0.6804453847429277
vn -0.6814931649991445 0.2693717588046267 -0.6804453847429277
vn -0.6814931649991445 0.2693717588046267 -0.6804453847429277
vn -0.6814931649991445 0.2693717588046267 -0.6804453847429277
f 3654/3654/3654 3656/3656/3656 3655/3655/3655
f 3656/3656/3656 3657/3657/3657 3655/3655/3655
f 3658/3658/3658 3660/3660/3660 3659/3659/3659
f 3660/3660/3660 3661/3661/3661 3659/3659/3659
f 3662/3662/3662 3664/3664/3664 3663/3663/3663
f 3664/3664/3664 3665/3665/3665 3663/3663/3663
f 3666/3666/3666 3668/3668/3668 3667/3667/3667
f 3668/3668/3668 3669/3669/3669 3667/3667/3667
f 3670/3670/3670 3672/3672/3672 3671/3671/3671
f 3672/3672/3672 3673/3673/3673 3671/3671/3671
f 3674/3674/3674 3676/3676/3676 3675/3675/3675
f 3676/3676/3676 3677/3677/3677 3675/3675/3675
o cheek_vent_r_1
usemtl carbon
v 0.11806437470729222 0.5928573959532789 0.009603660836976814
v 0.09761958021429468 0.60093854853679 -0.010809700249036831
v 0.11806437470729222 0.5668231870093918 -0.0007026485444167809
v 0.09761958021429468 0.5749043395929029 -0.021116009630430428
v 0.09322863331034284 0.5994334744130669 -0.007007814165180032
v 0.11367342780334039 0.5913523218295559 0.013405546920833615
v 0.09322863331034284 0.5733992654691799 -0.017314123546573627
v 0.11367342780334039 0.5653181128856688 0.003099237539440018
v 0.09322863331034284 0.5994334744130669 -0.007007814165180032
v 0.09761958021429468 0.60093854853679 -0.010809700249036831
v 0.11367342780334039 0.5913523218295559 0.013405546920833615
v 0.11806437470729222 0.5928573959532789 0.009603660836976814
v 0.11367342780334039 0.5653181128856688 0.003099237539440018
v 0.11806437470729222 0.5668231870093918 -0.0007026485444167809
v 0.09322863331034284 0.5733992654691799 -0.017314123546573627
v 0.09761958021429468 0.5749043395929029 -0.021116009630430428
v 0.11367342780334039 0.5913523218295559 0.013405546920833615
v 0.11806437470729222 0.5928573959532789 0.009603660836976814
v 0.11367342780334039 0.5653181128856688 0.003099237539440018
v 0.11806437470729222 0.5668231870093918 -0.0007026485444167809
v 0.09761958021429468 0.60093854853679 -0.010809700249036831
v 0.09322863331034284 0.5994334744130669 -0.007007814165180032
v 0.09761958021429468 0.5749043395929029 -0.021116009630430428
v 0.09322863331034284 0.5733992654691799 -0.017314123546573627
vt 0 1
vt 1 1
vt 0 0
vt 1 0
vt 0 1
vt 1 1
vt 0 0
vt 1 0
vt 0 1
vt 1 1
vt 0 0
vt 1 0
vt 0 1
vt 1 1
vt 0 0
vt 1 0
vt 0 1
vt 1 1
vt 0 0
vt 1 0
vt 0 1
vt 1 1
vt 0 0
vt 1 0
vn 0.7318244776307014 0.2508456851067343 -0.633647675134916
vn 0.7318244776307014 0.2508456851067343 -0.633647675134916
vn 0.7318244776307014 0.2508456851067343 -0.633647675134916
vn 0.7318244776307014 0.2508456851067343 -0.633647675134916
vn -0.7318244776307014 -0.2508456851067343 0.633647675134916
vn -0.7318244776307014 -0.2508456851067343 0.633647675134916
vn -0.7318244776307014 -0.2508456851067343 0.633647675134916
vn -0.7318244776307014 -0.2508456851067343 0.633647675134916
vn -2.7755575615628914e-17 0.9297931478677584 0.3680824665454263
vn -2.7755575615628914e-17 0.9297931478677584 0.3680824665454263
vn -2.7755575615628914e-17 0.9297931478677584 0.3680824665454263
vn -2.7755575615628914e-17 0.9297931478677584 0.3680824665454263
vn 2.7755575615628914e-17 -0.9297931478677584 -0.3680824665454263
vn 2.7755575615628914e-17 -0.9297931478677584 -0.3680824665454263
vn 2.7755575615628914e-17 -0.9297931478677584 -0.3680824665454263
vn 2.7755575615628914e-17 -0.9297931478677584 -0.3680824665454263
vn 0.6814931649991445 -0.2693717588046267 0.6804453847429277
vn 0.6814931649991445 -0.2693717588046267 0.6804453847429277
vn 0.6814931649991445 -0.2693717588046267 0.6804453847429277
vn 0.6814931649991445 -0.2693717588046267 0.6804453847429277
vn -0.6814931649991445 0.2693717588046267 -0.6804453847429277
vn -0.6814931649991445 0.2693717588046267 -0.6804453847429277
vn -0.6814931649991445 0.2693717588046267 -0.6804453847429277
vn -0.6814931649991445 0.2693717588046267 -0.6804453847429277
f 3678/3678/3678 3680/3680/3680 3679/3679/3679
f 3680/3680/3680 3681/3681/3681 3679/3679/3679
f 3682/3682/3682 3684/3684/3684 3683/3683/3683
f 3684/3684/3684 3685/3685/3685 3683/3683/3683
f 3686/3686/3686 3688/3688/3688 3687/3687/3687
f 3688/3688/3688 3689/3689/3689 3687/3687/3687
f 3690/3690/3690 3692/3692/3692 3691/3691/3691
f 3692/3692/3692 3693/3693/3693 3691/3691/3691
f 3694/3694/3694 3696/3696/3696 3695/3695/3695
f 3696/3696/3696 3697/3697/3697 3695/3695/3695
f 3698/3698/3698 3700/3700/3700 3699/3699/3699
f 3700/3700/3700 3701/3701/3701 3699/3699/3699
o cheek_vent_r_2
usemtl carbon
v 0.12977356634938345 0.5968709269149867 -0.0005347019651818427
v 0.1093287718563859 0.6049520794984977 -0.020948063051195488
v 0.12977356634938345 0.5708367179710996 -0.010841011346575438
v 0.1093287718563859 0.5789178705546106 -0.031254372432589085
v 0.10493782495243406 0.6034470053747747 -0.017146176967338687
v 0.1253826194454316 0.5953658527912636 0.003267184118674958
v 0.10493782495243406 0.5774127964308876 -0.027452486348732284
v 0.1253826194454316 0.5693316438473766 -0.007039125262718639
v 0.10493782495243406 0.6034470053747747 -0.017146176967338687
v 0.1093287718563859 0.6049520794984977 -0.020948063051195488
v 0.1253826194454316 0.5953658527912636 0.003267184118674958
v 0.12977356634938345 0.5968709269149867 -0.0005347019651818427
v 0.1253826194454316 0.5693316438473766 -0.007039125262718639
v 0.12977356634938345 0.5708367179710996 -0.010841011346575438
v 0.10493782495243406 0.5774127964308876 -0.027452486348732284
v 0.1093287718563859 0.5789178705546106 -0.031254372432589085
v 0.1253826194454316 0.5953658527912636 0.003267184118674958
v 0.12977356634938345 0.5968709269149867 -0.0005347019651818427
v 0.1253826194454316 0.5693316438473766 -0.007039125262718639
v 0.12977356634938345 0.5708367179710996 -0.010841011346575438
v 0.1093287718563859 0.6049520794984977 -0.020948063051195488
v 0.10493782495243406 0.6034470053747747 -0.017146176967338687
v 0.1093287718563859 0.5789178705546106 -0.031254372432589085
v 0.10493782495243406 0.5774127964308876 -0.027452486348732284
vt 0 1
vt 1 1
vt 0 0
vt 1 0
vt 0 1
vt 1 1
vt 0 0
vt 1 0
vt 0 1
vt 1 1
vt 0 0
vt 1 0
vt 0 1
vt 1 1
vt 0 0
vt 1 0
vt 0 1
vt 1 1
vt 0 0
vt 1 0
vt 0 1
vt 1 1
vt 0 0
vt 1 0
vn 0.7318244776307014 0.2508456851067343 -0.633647675134916
vn 0.7318244776307014 0.2508456851067343 -0.633647675134916
vn 0.7318244776307014 0.2508456851067343 -0.633647675134916
vn 0.7318244776307014 0.2508456851067343 -0.633647675134916
vn -0.7318244776307014 -0.2508456851067343 0.633647675134916
vn -0.7318244776307014 -0.2508456851067343 0.633647675134916
vn -0.7318244776307014 -0.2508456851067343 0.633647675134916
vn -0.7318244776307014 -0.2508456851067343 0.633647675134916
vn -2.7755575615628914e-17 0.9297931478677584 0.3680824665454263
vn -2.7755575615628914e-17 0.9297931478677584 0.3680824665454263
vn -2.7755575615628914e-17 0.9297931478677584 0.3680824665454263
vn -2.7755575615628914e-17 0.9297931478677584 0.3680824665454263
vn 2.7755575615628914e-17 -0.9297931478677584 -0.3680824665454263
vn 2.7755575615628914e-17 -0.9297931478677584 -0.3680824665454263
vn 2.7755575615628914e-17 -0.9297931478677584 -0.3680824665454263
vn 2.7755575615628914e-17 -0.9297931478677584 -0.3680824665454263
vn 0.6814931649991445 -0.2693717588046267 0.6804453847429277
vn 0.6814931649991445 -0.2693717588046267 0.6804453847429277
vn 0.6814931649991445 -0.2693717588046267 0.6804453847429277
vn 0.6814931649991445 -0.2693717588046267 0.6804453847429277
vn -0.6814931649991445 0.2693717588046267 -0.6804453847429277
vn -0.6814931649991445 0.2693717588046267 -0.6804453847429277
vn -0.6814931649991445 0.2693717588046267 -0.6804453847429277
vn -0.6814931649991445 0.2693717588046267 -0.6804453847429277
f 3702/3702/3702 3704/3704/3704 3703/3703/3703
f 3704/3704/3704 3705/3705/3705 3703/3703/3703
f 3706/3706/3706 3708/3708/3708 3707/3707/3707
f 3708/3708/3708 3709/3709/3709 3707/3707/3707
f 3710/3710/3710 3712/3712/3712 3711/3711/3711
f 3712/3712/3712 3713/3713/3713 3711/3711/3711
f 3714/3714/3714 3716/3716/3716 3715/3715/3715
f 3716/3716/3716 3717/3717/3717 3715/3715/3715
f 3718/3718/3718 3720/3720/3720 3719/3719/3719
f 3720/3720/3720 3721/3721/3721 3719/3719/3719
f 3722/3722/3722 3724/3724/3724 3723/3723/3723
f 3724/3724/3724 3725/3725/3725 3723/3723/3723
o sensor_pod_r
usemtl carbon
v 0.08447943623115875 0.6531657763233165 -0.031349985775626824
v 0.07425703898465998 0.6813630864246718 -0.03199360362591587
v 0.05381224449166243 0.6894442390081827 -0.052406964711929516
v 0.04358984724516364 0.6693280814903384 -0.07217670794765411
v 0.053812244491662414 0.6411307713889831 -0.07153309009736505
v 0.07425703898465996 0.6330496188054722 -0.051119729011351416
v 0.08447943623115875 0.6531657763233165 -0.031349985775626824
v 0.11350075944080654 0.6605985163246406 -0.05012542701838667
v 0.10157462900254632 0.69349537967822 -0.050876314255908446
v 0.07772236812602587 0.7029233912765215 -0.07469190282330518
v 0.06579623768776564 0.6794545395212435 -0.09775660415318013
v 0.07772236812602586 0.6465576761676641 -0.09700571691565835
v 0.10157462900254631 0.6371296645693627 -0.07319012834826161
v 0.11350075944080654 0.6605985163246406 -0.05012542701838667
v 0.0640346417381612 0.6612469289068275 -0.05176334686164047
v 0.0640346417381612 0.6612469289068275 -0.05176334686164047
v 0.0640346417381612 0.6612469289068275 -0.05176334686164047
v 0.0640346417381612 0.6612469289068275 -0.05176334686164047
v 0.0640346417381612 0.6612469289068275 -0.05176334686164047
v 0.0640346417381612 0.6612469289068275 -0.05176334686164047
v 0.08447943623115875 0.6531657763233165 -0.031349985775626824
v 0.07425703898465998 0.6813630864246718 -0.03199360362591587
v 0.05381224449166243 0.6894442390081827 -0.052406964711929516
v 0.04358984724516364 0.6693280814903384 -0.07217670794765411
v 0.053812244491662414 0.6411307713889831 -0.07153309009736505
v 0.07425703898465996 0.6330496188054722 -0.051119729011351416
v 0.08447943623115875 0.6531657763233165 -0.031349985775626824
v 0.08964849856428608 0.670026527922942 -0.07394101558578339
v 0.08964849856428608 0.670026527922942 -0.07394101558578339
v 0.08964849856428608 0.670026527922942 -0.07394101558578339
v 0.08964849856428608 0.670026527922942 -0.07394101558578339
v 0.08964849856428608 0.670026527922942 -0.07394101558578339
v 0.08964849856428608 0.670026527922942 -0.07394101558578339
v 0.11350075944080654 0.6605985163246406 -0.05012542701838667
v 0.10157462900254632 0.69349537967822 -0.050876314255908446
v 0.07772236812602587 0.7029233912765215 -0.07469190282330518
v 0.06579623768776564 0.6794545395212435 -0.09775660415318013
v 0.07772236812602586 0.6465576761676641 -0.09700571691565835
v 0.10157462900254631 0.6371296645693627 -0.07319012834826161
v 0.11350075944080654 0.6605985163246406 -0.05012542701838667
vt 0 1
vt 0.1666666716337204 1
vt 0.3333333432674408 1
vt 0.5 1
vt 0.6666666865348816 1
vt 0.8333333134651184 1
vt 1 1
vt 0 0
vt 0.1666666716337204 0
vt 0.3333333432674408 0
vt 0.5 0
vt 0.6666666865348816 0
vt 0.8333333134651184 0
vt 1 0
vt 0.5 0.5
vt 0.5 0.5
vt 0.5 0.5
vt 0.5 0.5
vt 0.5 0.5
vt 0.5 0.5
vt 1 0.5
vt 0.75 0.9330127239227295
vt 0.25 0.9330127239227295
vt 0 0.5
vt 0.25 0.0669872984290123
vt 0.75 0.0669872984290123
vt 1 0.5
vt 0.5 0.5
vt 0.5 0.5
vt 0.5 0.5
vt 0.5 0.5
vt 0.5 0.5
vt 0.5 0.5
vt 1 0.5
vt 0.75 0.0669872984290123
vt 0.25 0.0669872984290123
vt 0 0.5
vt 0.25 0.9330127239227295
vt 0.75 0.9330127239227295
vt 1 0.5
vn 0.571148194821226 -0.30213937544445874 0.7632178832800546
vn 0.2338262892001257 0.6283244124535525 0.7419795813860361
vn -0.44081752538050756 0.8949888490667587 0.06837301634098289
vn -0.7781394303966636 0.2311894962232671 -0.5839952428727377
vn -0.4408175253805079 -0.6992742918820996 -0.56275694045493
vn 0.2338262892001254 -0.9659387284953057 0.11084962459012322
vn 0.571148194821226 -0.30213937544445896 0.7632178832800545
vn 0.571148194821226 -0.30213937544445874 0.7632178832800546
vn 0.2338262892001257 0.6283244124535525 0.7419795813860361
vn -0.44081752538050756 0.8949888490667587 0.06837301634098289
vn -0.7781394303966636 0.2311894962232671 -0.5839952428727377
vn -0.4408175253805079 -0.6992742918820996 -0.56275694045493
vn 0.2338262892001254 -0.9659387284953057 0.11084962459012322
vn 0.571148194821226 -0.30213937544445896 0.7632178832800545
vn -0.7318244776307015 -0.25084568510673405 0.6336476751349162
vn -0.7318244776307015 -0.25084568510673405 0.6336476751349162
vn -0.7318244776307015 -0.25084568510673405 0.6336476751349162
vn -0.7318244776307015 -0.25084568510673405 0.6336476751349162
vn -0.7318244776307015 -0.25084568510673405 0.6336476751349162
vn -0.7318244776307015 -0.25084568510673405 0.6336476751349162
vn -0.7318244776307015 -0.25084568510673405 0.6336476751349162
vn -0.7318244776307015 -0.25084568510673405 0.6336476751349162
vn -0.7318244776307015 -0.25084568510673405 0.6336476751349162
vn -0.7318244776307015 -0.25084568510673405 0.6336476751349162
vn -0.7318244776307015 -0.25084568510673405 0.6336476751349162
vn -0.7318244776307015 -0.25084568510673405 0.6336476751349162
vn -0.7318244776307015 -0.25084568510673405 0.6336476751349162
vn 0.7318244776307015 0.25084568510673405 -0.6336476751349162
vn 0.7318244776307015 0.25084568510673405 -0.6336476751349162
vn 0.7318244776307015 0.25084568510673405 -0.6336476751349162
vn 0.7318244776307015 0.25084568510673405 -0.6336476751349162
vn 0.7318244776307015 0.25084568510673405 -0.6336476751349162
vn 0.7318244776307015 0.25084568510673405 -0.6336476751349162
vn 0.7318244776307015 0.25084568510673405 -0.6336476751349162
vn 0.7318244776307015 0.25084568510673405 -0.6336476751349162
vn 0.7318244776307015 0.25084568510673405 -0.6336476751349162
vn 0.7318244776307015 0.25084568510673405 -0.6336476751349162
vn 0.7318244776307015 0.25084568510673405 -0.6336476751349162
vn 0.7318244776307015 0.25084568510673405 -0.6336476751349162
vn 0.7318244776307015 0.25084568510673405 -0.6336476751349162
f 3726/3726/3726 3733/3733/3733 3727/3727/3727
f 3733/3733/3733 3734/3734/3734 3727/3727/3727
f 3727/3727/3727 3734/3734/3734 3728/3728/3728
f 3734/3734/3734 3735/3735/3735 3728/3728/3728
f 3728/3728/3728 3735/3735/3735 3729/3729/3729
f 3735/3735/3735 3736/3736/3736 3729/3729/3729
f 3729/3729/3729 3736/3736/3736 3730/3730/3730
f 3736/3736/3736 3737/3737/3737 3730/3730/3730
f 3730/3730/3730 3737/3737/3737 3731/3731/3731
f 3737/3737/3737 3738/3738/3738 3731/3731/3731
f 3731/3731/3731 3738/3738/3738 3732/3732/3732
f 3738/3738/3738 3739/3739/3739 3732/3732/3732
f 3746/3746/3746 3747/3747/3747 3740/3740/3740
f 3747/3747/3747 3748/3748/3748 3741/3741/3741
f 3748/3748/3748 3749/3749/3749 3742/3742/3742
f 3749/3749/3749 3750/3750/3750 3743/3743/3743
f 3750/3750/3750 3751/3751/3751 3744/3744/3744
f 3751/3751/3751 3752/3752/3752 3745/3745/3745
f 3760/3760/3760 3759/3759/3759 3753/3753/3753
f 3761/3761/3761 3760/3760/3760 3754/3754/3754
f 3762/3762/3762 3761/3761/3761 3755/3755/3755
f 3763/3763/3763 3762/3762/3762 3756/3756/3756
f 3764/3764/3764 3763/3763/3763 3757/3757/3757
f 3765/3765/3765 3764/3764/3764 3758/3758/3758
o sensor_glow_r
usemtl glow
v 0.07320963460546161 0.6573503014965477 -0.041920287777964624
v 0.06843918230321952 0.6705090468881538 -0.042220642799716164
v 0.05889827769873535 0.6742802516278232 -0.05174687848016052
v 0.05412782539649327 0.6648927109758864 -0.060972759138853326
v 0.05889827769873535 0.6517339655842803 -0.060672404117101786
v 0.06843918230321952 0.6479627608446109 -0.05114616843665743
v 0.07320963460546161 0.6573503014965477 -0.041920287777964624
v 0.10101896386121542 0.6668824372240965 -0.06599889865884037
v 0.09624851155897335 0.6800411826157026 -0.06629925368059192
v 0.08670760695448917 0.683812387355372 -0.07582548936103628
v 0.08193715465224709 0.6744248467034352 -0.08505137001972908
v 0.08670760695448917 0.6612661013118291 -0.08475101499797755
v 0.09624851155897335 0.6574948965721596 -0.07522477931753319
v 0.10101896386121542 0.6668824372240965 -0.06599889865884037
v 0.06366873000097743 0.661121506236217 -0.05144652345840897
v 0.06366873000097743 0.661121506236217 -0.05144652345840897
v 0.06366873000097743 0.661121506236217 -0.05144652345840897
v 0.06366873000097743 0.661121506236217 -0.05144652345840897
v 0.06366873000097743 0.661121506236217 -0.05144652345840897
v 0.06366873000097743 0.661121506236217 -0.05144652345840897
v 0.07320963460546161 0.6573503014965477 -0.041920287777964624
v 0.06843918230321952 0.6705090468881538 -0.042220642799716164
v 0.05889827769873535 0.6742802516278232 -0.05174687848016052
v 0.05412782539649327 0.6648927109758864 -0.060972759138853326
v 0.05889827769873535 0.6517339655842803 -0.060672404117101786
v 0.06843918230321952 0.6479627608446109 -0.05114616843665743
v 0.07320963460546161 0.6573503014965477 -0.041920287777964624
v 0.09147805925673126 0.6706536419637659 -0.07552513433928473
v 0.09147805925673126 0.6706536419637659 -0.07552513433928473
v 0.09147805925673126 0.6706536419637659 -0.07552513433928473
v 0.09147805925673126 0.6706536419637659 -0.07552513433928473
v 0.09147805925673126 0.6706536419637659 -0.07552513433928473
v 0.09147805925673126 0.6706536419637659 -0.07552513433928473
v 0.10101896386121542 0.6668824372240965 -0.06599889865884037
v 0.09624851155897335 0.6800411826157026 -0.06629925368059192
v 0.08670760695448917 0.683812387355372 -0.07582548936103628
v 0.08193715465224709 0.6744248467034352 -0.08505137001972908
v 0.08670760695448917 0.6612661013118291 -0.08475101499797755
v 0.09624851155897335 0.6574948965721596 -0.07522477931753319
v 0.10101896386121542 0.6668824372240965 -0.06599889865884037
vt 0 1
vt 0.1666666716337204 1
vt 0.3333333432674408 1
vt 0.5 1
vt 0.6666666865348816 1
vt 0.8333333134651184 1
vt 1 1
vt 0 0
vt 0.1666666716337204 0
vt 0.3333333432674408 0
vt 0.5 0
vt 0.6666666865348816 0
vt 0.8333333134651184 0
vt 1 0
vt 0.5 0.5
vt 0.5 0.5
vt 0.5 0.5
vt 0.5 0.5
vt 0.5 0.5
vt 0.5 0.5
vt 1 0.5
vt 0.75 0.9330127239227295
vt 0.25 0.9330127239227295
vt 0 0.5
vt 0.25 0.0669872984290123
vt 0.75 0.0669872984290123
vt 1 0.5
vt 0.5 0.5
vt 0.5 0.5
vt 0.5 0.5
vt 0.5 0.5
vt 0.5 0.5
vt 0.5 0.5
vt 1 0.5
vt 0.75 0.0669872984290123
vt 0.25 0.0669872984290123
vt 0 0.5
vt 0.25 0.9330127239227295
vt 0.75 0.9330127239227295
vt 1 0.5
vn 0.6814931649991445 -0.2693717588046267 0.6804453847429278
vn 0.34074658708642136 0.6705386014897474 0.6589914622369016
vn -0.340746587086421 0.9399103639204341 -0.021453931665619763
vn -0.6814931649991445 0.2693717588046268 -0.6804453847429278
vn -0.34074658708642136 -0.6705386014897474 -0.6589914622369016
vn 0.340746587086421 -0.9399103639204341 0.021453931665619763
vn 0.6814931649991445 -0.26937175880462694 0.6804453847429277
vn 0.6814931649991445 -0.2693717588046267 0.6804453847429278
vn 0.34074658708642136 0.6705386014897474 0.6589914622369016
vn -0.340746587086421 0.9399103639204341 -0.021453931665619763
vn -0.6814931649991445 0.2693717588046268 -0.6804453847429278
vn -0.34074658708642136 -0.6705386014897474 -0.6589914622369016
vn 0.340746587086421 -0.9399103639204341 0.021453931665619763
vn 0.6814931649991445 -0.26937175880462694 0.6804453847429277
vn -0.7318244776307015 -0.25084568510673405 0.6336476751349162
vn -0.7318244776307015 -0.25084568510673405 0.6336476751349162
vn -0.7318244776307015 -0.25084568510673405 0.6336476751349162
vn -0.7318244776307015 -0.25084568510673405 0.6336476751349162
vn -0.7318244776307015 -0.25084568510673405 0.6336476751349162
vn -0.7318244776307015 -0.25084568510673405 0.6336476751349162
vn -0.7318244776307015 -0.25084568510673405 0.6336476751349162
vn -0.7318244776307015 -0.25084568510673405 0.6336476751349162
vn -0.7318244776307015 -0.25084568510673405 0.6336476751349162
vn -0.7318244776307015 -0.25084568510673405 0.6336476751349162
vn -0.7318244776307015 -0.25084568510673405 0.6336476751349162
vn -0.7318244776307015 -0.25084568510673405 0.6336476751349162
vn -0.7318244776307015 -0.25084568510673405 0.6336476751349162
vn 0.7318244776307015 0.25084568510673405 -0.6336476751349162
vn 0.7318244776307015 0.25084568510673405 -0.6336476751349162
vn 0.7318244776307015 0.25084568510673405 -0.6336476751349162
vn 0.7318244776307015 0.25084568510673405 -0.6336476751349162
vn 0.7318244776307015 0.25084568510673405 -0.6336476751349162
vn 0.7318244776307015 0.25084568510673405 -0.6336476751349162
vn 0.7318244776307015 0.25084568510673405 -0.6336476751349162
vn 0.7318244776307015 0.25084568510673405 -0.6336476751349162
vn 0.7318244776307015 0.25084568510673405 -0.6336476751349162
vn 0.7318244776307015 0.25084568510673405 -0.6336476751349162
vn 0.7318244776307015 0.25084568510673405 -0.6336476751349162
vn 0.7318244776307015 0.25084568510673405 -0.6336476751349162
vn 0.7318244776307015 0.25084568510673405 -0.6336476751349162
f 3766/3766/3766 3773/3773/3773 3767/3767/3767
f 3773/3773/3773 3774/3774/3774 3767/3767/3767
f 3767/3767/3767 3774/3774/3774 3768/3768/3768
f 3774/3774/3774 3775/3775/3775 3768/3768/3768
f 3768/3768/3768 3775/3775/3775 3769/3769/3769
f 3775/3775/3775 3776/3776/3776 3769/3769/3769
f 3769/3769/3769 3776/3776/3776 3770/3770/3770
f 3776/3776/3776 3777/3777/3777 3770/3770/3770
f 3770/3770/3770 3777/3777/3777 3771/3771/3771
f 3777/3777/3777 3778/3778/3778 3771/3771/3771
f 3771/3771/3771 3778/3778/3778 3772/3772/3772
f 3778/3778/3778 3779/3779/3779 3772/3772/3772
f 3786/3786/3786 3787/3787/3787 3780/3780/3780
f 3787/3787/3787 3788/3788/3788 3781/3781/3781
f 3788/3788/3788 3789/3789/3789 3782/3782/3782
f 3789/3789/3789 3790/3790/3790 3783/3783/3783
f 3790/3790/3790 3791/3791/3791 3784/3784/3784
f 3791/3791/3791 3792/3792/3792 3785/3785/3785
f 3800/3800/3800 3799/3799/3799 3793/3793/3793
f 3801/3801/3801 3800/3800/3800 3794/3794/3794
f 3802/3802/3802 3801/3801/3801 3795/3795/3795
f 3803/3803/3803 3802/3802/3802 3796/3796/3796
f 3804/3804/3804 3803/3803/3803 3797/3797/3797
f 3805/3805/3805 3804/3804/3804 3798/3798/3798
o antenna
usemtl steel
v -0.07498182305586792 0.8356940160770157 0.11758145576409855
v -0.07394264294942156 0.836615403290038 0.11592307261748272
v -0.074211469657361 0.837544969769528 0.11398846119152273
v -0.07568562041344483 0.8381276529163354 0.11251657690873056
v -0.07780201969795393 0.8381408875590448 0.11206962957300799
v -0.07975227535811 0.8375796184468504 0.11281833792387638
v -0.08079145546455635 0.836658231233828 0.11447672107049221
v -0.0805226287566169 0.8357286647543382 0.1164113324964522
v -0.07904847800053309 0.8351459816075306 0.11788321677924438
v -0.07693207871602399 0.8351327469648212 0.11833016411496694
v -0.07498182305586792 0.8356940160770157 0.11758145576409855
v -0.06257050181242496 0.719189903862521 0.06123432006343906
v -0.06108595863087017 0.7205061711123453 0.058865201716169685
v -0.06146999654874149 0.7218341234340218 0.056101470733384104
v -0.0635759262682923 0.72266652795634 0.05399877883292592
v -0.0665993542579264 0.7226854344613001 0.05336028280961402
v -0.06938543331009081 0.721883621390358 0.05442986636810118
v -0.0708699764916456 0.7205673541405339 0.056798984715370565
v -0.07048593857377429 0.7192394018188574 0.05956271569815614
v -0.06838000885422348 0.718406997296539 0.06166540759861433
v -0.06535658086458937 0.718388090791579 0.06230390362192623
v -0.06257050181242496 0.719189903862521 0.06123432006343906
v -0.07736704920698896 0.8366368172619331 0.11519989684398746
v -0.07736704920698896 0.8366368172619331 0.11519989684398746
v -0.07736704920698896 0.8366368172619331 0.11519989684398746
v -0.07736704920698896 0.8366368172619331 0.11519989684398746
v -0.07736704920698896 0.8366368172619331 0.11519989684398746
v -0.07736704920698896 0.8366368172619331 0.11519989684398746
v -0.07736704920698896 0.8366368172619331 0.11519989684398746
v -0.07736704920698896 0.8366368172619331 0.11519989684398746
v -0.07736704920698896 0.8366368172619331 0.11519989684398746
v -0.07736704920698896 0.8366368172619331 0.11519989684398746
v -0.07498182305586792 0.8356940160770157 0.11758145576409855
v -0.07394264294942156 0.836615403290038 0.11592307261748272
v -0.074211469657361 0.837544969769528 0.11398846119152273
v -0.07568562041344483 0.8381276529163354 0.11251657690873056
v -0.07780201969795393 0.8381408875590448 0.11206962957300799
v -0.07975227535811 0.8375796184468504 0.11281833792387638
v -0.08079145546455635 0.836658231233828 0.11447672107049221
v -0.0805226287566169 0.8357286647543382 0.1164113324964522
v -0.07904847800053309 0.8351459816075306 0.11788321677924438
v -0.07693207871602399 0.8351327469648212 0.11833016411496694
v -0.07498182305586792 0.8356940160770157 0.11758145576409855
v -0.06597796756125789 0.7205367626264395 0.057832093215770125
v -0.06597796756125789 0.7205367626264395 0.057832093215770125
v -0.06597796756125789 0.7205367626264395 0.057832093215770125
v -0.06597796756125789 0.7205367626264395 0.057832093215770125
v -0.06597796756125789 0.7205367626264395 0.057832093215770125
v -0.06597796756125789 0.7205367626264395 0.057832093215770125
v -0.06597796756125789 0.7205367626264395 0.057832093215770125
v -0.06597796756125789 0.7205367626264395 0.057832093215770125
v -0.06597796756125789 0.7205367626264395 0.057832093215770125
v -0.06597796756125789 0.7205367626264395 0.057832093215770125
v -0.06257050181242496 0.719189903862521 0.06123432006343906
v -0.06108595863087017 0.7205061711123453 0.058865201716169685
v -0.06146999654874149 0.7218341234340218 0.056101470733384104
v -0.0635759262682923 0.72266652795634 0.05399877883292592
v -0.0665993542579264 0.7226854344613001 0.05336028280961402
v -0.06938543331009081 0.721883621390358 0.05442986636810118
v -0.0708699764916456 0.7205673541405339 0.056798984715370565
v -0.07048593857377429 0.7192394018188574 0.05956271569815614
v -0.06838000885422348 0.718406997296539 0.06166540759861433
v -0.06535658086458937 0.718388090791579 0.06230390362192623
v -0.06257050181242496 0.719189903862521 0.06123432006343906
vt 0 1
vt 0.10000000149011612 1
vt 0.20000000298023224 1
vt 0.30000001192092896 1
vt 0.4000000059604645 1
vt 0.5 1
vt 0.6000000238418579 1
vt 0.699999988079071 1
vt 0.800000011920929 1
vt 0.8999999761581421 1
vt 1 1
vt 0 0
vt 0.10000000149011612 0
vt 0.20000000298023224 0
vt 0.30000001192092896 0
vt 0.4000000059604645 0
vt 0.5 0
vt 0.6000000238418579 0
vt 0.699999988079071 0
vt 0.800000011920929 0
vt 0.8999999761581421 0
vt 1 0
vt 0.5 0.5
vt 0.5 0.5
vt 0.5 0.5
vt 0.5 0.5
vt 0.5 0.5
vt 0.5 0.5
vt 0.5 0.5
vt 0.5 0.5
vt 0.5 0.5
vt 0.5 0.5
vt 1 0.5
vt 0.9045084714889526 0.7938926219940186
vt 0.6545084714889526 0.9755282402038574
vt 0.345491498708725 0.9755282402038574
vt 0.09549150615930557 0.7938926219940186
vt 0 0.5
vt 0.09549150615930557 0.20610737800598145
vt 0.345491498708725 0.024471741169691086
vt 0.6545084714889526 0.024471741169691086
vt 0.9045084714889526 0.20610737800598145
vt 1 0.5
vt 0.5 0.5
vt 0.5 0.5
vt 0.5 0.5
vt 0.5 0.5
vt 0.5 0.5
vt 0.5 0.5
vt 0.5 0.5
vt 0.5 0.5
vt 0.5 0.5
vt 0.5 0.5
vt 1 0.5
vt 0.9045084714889526 0.20610737800598145
vt 0.6545084714889526 0.024471741169691086
vt 0.345491498708725 0.024471741169691086
vt 0.09549150615930557 0.20610737800598145
vt 0 0.5
vt 0.09549150615930557 0.7938926219940186
vt 0.345491498708725 0.9755282402038574
vt 0.6545084714889526 0.9755282402038574
vt 0.9045084714889526 0.7938926219940186
vt 1 0.5
vn 0.6804370058609907 -0.25904977588300093 0.6854915715527777
vn 0.9773258646658513 0.004186176778671037 0.21169938634564808
vn 0.9005233644640621 0.2697589288803152 -0.341009956370296
vn 0.47936545474424835 0.43622875235367153 -0.7615203453735161
vn -0.12527982209301536 0.4400098186938356 -0.8892110692233651
vn -0.6824586018556673 0.2796578822021653 -0.6753086151348934
vn -0.9793474606495611 0.016421929428696743 -0.2015164299830049
vn -0.9025449603637816 -0.24915082352914292 0.3511929123098726
vn -0.4813870506439678 -0.4156206470024993 0.7717033013130926
vn 0.12325822610930548 -0.41940171248646785 0.8993940255860083
vn 0.6804370058609904 -0.25904977588300104 0.6854915715527778
vn 0.6804370058609907 -0.25904977588300093 0.6854915715527777
vn 0.9773258646658513 0.004186176778671037 0.21169938634564808
vn 0.9005233644640621 0.2697589288803152 -0.341009956370296
vn 0.47936545474424835 0.43622875235367153 -0.7615203453735161
vn -0.12527982209301536 0.4400098186938356 -0.8892110692233651
vn -0.6824586018556673 0.2796578822021653 -0.6753086151348934
vn -0.9793474606495611 0.016421929428696743 -0.2015164299830049
vn -0.9025449603637816 -0.24915082352914292 0.3511929123098726
vn -0.4813870506439678 -0.4156206470024993 0.7717033013130926
vn 0.12325822610930548 -0.41940171248646785 0.8993940255860083
vn 0.6804370058609904 -0.25904977588300104 0.6854915715527778
vn -0.08760832356523168 0.8930773761078329 0.441290813326584
vn -0.08760832356523168 0.8930773761078329 0.441290813326584
vn -0.08760832356523168 0.8930773761078329 0.441290813326584
vn -0.08760832356523168 0.8930773761078329 0.441290813326584
vn -0.08760832356523168 0.8930773761078329 0.441290813326584
vn -0.08760832356523168 0.8930773761078329 0.441290813326584
vn -0.08760832356523168 0.8930773761078329 0.441290813326584
vn -0.08760832356523168 0.8930773761078329 0.441290813326584
vn -0.08760832356523168 0.8930773761078329 0.441290813326584
vn -0.08760832356523168 0.8930773761078329 0.441290813326584
vn -0.08760832356523168 0.8930773761078329 0.441290813326584
vn -0.08760832356523168 0.8930773761078329 0.441290813326584
vn -0.08760832356523168 0.8930773761078329 0.441290813326584
vn -0.08760832356523168 0.8930773761078329 0.441290813326584
vn -0.08760832356523168 0.8930773761078329 0.441290813326584
vn -0.08760832356523168 0.8930773761078329 0.441290813326584
vn -0.08760832356523168 0.8930773761078329 0.441290813326584
vn -0.08760832356523168 0.8930773761078329 0.441290813326584
vn -0.08760832356523168 0.8930773761078329 0.441290813326584
vn -0.08760832356523168 0.8930773761078329 0.441290813326584
vn -0.08760832356523168 0.8930773761078329 0.441290813326584
vn 0.08760832356523168 -0.8930773761078329 -0.441290813326584
vn 0.08760832356523168 -0.8930773761078329 -0.441290813326584
vn 0.08760832356523168 -0.8930773761078329 -0.441290813326584
vn 0.08760832356523168 -0.8930773761078329 -0.441290813326584
vn 0.08760832356523168 -0.8930773761078329 -0.441290813326584
vn 0.08760832356523168 -0.8930773761078329 -0.441290813326584
vn 0.08760832356523168 -0.8930773761078329 -0.441290813326584
vn 0.08760832356523168 -0.8930773761078329 -0.441290813326584
vn 0.08760832356523168 -0.8930773761078329 -0.441290813326584
vn 0.08760832356523168 -0.8930773761078329 -0.441290813326584
vn 0.08760832356523168 -0.8930773761078329 -0.441290813326584
vn 0.08760832356523168 -0.8930773761078329 -0.441290813326584
vn 0.08760832356523168 -0.8930773761078329 -0.441290813326584
vn 0.08760832356523168 -0.8930773761078329 -0.441290813326584
vn 0.08760832356523168 -0.8930773761078329 -0.441290813326584
vn 0.08760832356523168 -0.8930773761078329 -0.441290813326584
vn 0.08760832356523168 -0.8930773761078329 -0.441290813326584
vn 0.08760832356523168 -0.8930773761078329 -0.441290813326584
vn 0.08760832356523168 -0.8930773761078329 -0.441290813326584
vn 0.08760832356523168 -0.8930773761078329 -0.441290813326584
vn 0.08760832356523168 -0.8930773761078329 -0.441290813326584
f 3806/3806/3806 3817/3817/3817 3807/3807/3807
f 3817/3817/3817 3818/3818/3818 3807/3807/3807
f 3807/3807/3807 3818/3818/3818 3808/3808/3808
f 3818/3818/3818 3819/3819/3819 3808/3808/3808
f 3808/3808/3808 3819/3819/3819 3809/3809/3809
f 3819/3819/3819 3820/3820/3820 3809/3809/3809
f 3809/3809/3809 3820/3820/3820 3810/3810/3810
f 3820/3820/3820 3821/3821/3821 3810/3810/3810
f 3810/3810/3810 3821/3821/3821 3811/3811/3811
f 3821/3821/3821 3822/3822/3822 3811/3811/3811
f 3811/3811/3811 3822/3822/3822 3812/3812/3812
f 3822/3822/3822 3823/3823/3823 3812/3812/3812
f 3812/3812/3812 3823/3823/3823 3813/3813/3813
f 3823/3823/3823 3824/3824/3824 3813/3813/3813
f 3813/3813/3813 3824/3824/3824 3814/3814/3814
f 3824/3824/3824 3825/3825/3825 3814/3814/3814
f 3814/3814/3814 3825/3825/3825 3815/3815/3815
f 3825/3825/3825 3826/3826/3826 3815/3815/3815
f 3815/3815/3815 3826/3826/3826 3816/3816/3816
f 3826/3826/3826 3827/3827/3827 3816/3816/3816
f 3838/3838/3838 3839/3839/3839 3828/3828/3828
f 3839/3839/3839 3840/3840/3840 3829/3829/3829
f 3840/3840/3840 3841/3841/3841 3830/3830/3830
f 3841/3841/3841 3842/3842/3842 3831/3831/3831
f 3842/3842/3842 3843/3843/3843 3832/3832/3832
f 3843/3843/3843 3844/3844/3844 3833/3833/3833
f 3844/3844/3844 3845/3845/3845 3834/3834/3834
f 3845/3845/3845 3846/3846/3846 3835/3835/3835
f 3846/3846/3846 3847/3847/3847 3836/3836/3836
f 3847/3847/3847 3848/3848/3848 3837/3837/3837
f 3860/3860/3860 3859/3859/3859 3849/3849/3849
f 3861/3861/3861 3860/3860/3860 3850/3850/3850
f 3862/3862/3862 3861/3861/3861 3851/3851/3851
f 3863/3863/3863 3862/3862/3862 3852/3852/3852
f 3864/3864/3864 3863/3863/3863 3853/3853/3853
f 3865/3865/3865 3864/3864/3864 3854/3854/3854
f 3866/3866/3866 3865/3865/3865 3855/3855/3855
f 3867/3867/3867 3866/3866/3866 3856/3856/3856
f 3868/3868/3868 3867/3867/3867 3857/3857/3857
f 3869/3869/3869 3868/3868/3868 3858/3858/3858
o antenna_tip
usemtl glow
v -0.07752710420516903 0.8453847170453166 0.11882327881271339
v -0.07752710420516903 0.8453847170453166 0.11882327881271339
v -0.07752710420516903 0.8453847170453166 0.11882327881271339
v -0.07752710420516903 0.8453847170453166 0.11882327881271339
v -0.07752710420516903 0.8453847170453166 0.11882327881271339
v -0.07752710420516903 0.8453847170453166 0.11882327881271339
v -0.07752710420516903 0.8453847170453166 0.11882327881271339
v -0.07752710420516903 0.8453847170453166 0.11882327881271339
v -0.07752710420516903 0.8453847170453166 0.11882327881271339
v -0.07752710420516903 0.8453847170453166 0.11882327881271339
v -0.07752710420516903 0.8453847170453166 0.11882327881271339
v -0.07752710420516903 0.8453847170453166 0.11882327881271339
v -0.07752710420516903 0.8453847170453166 0.11882327881271339
v -0.07752710420516903 0.8453847170453166 0.11882327881271339
v -0.07752710420516903 0.8453847170453166 0.11882327881271339
v -0.07923179521603807 0.8445152675636405 0.12018640090460952
v -0.07837420873949759 0.8443008850272946 0.12072794099802289
v -0.07734884275036344 0.8442446939110835 0.12086988232794976
v -0.07635878374076242 0.8443578235614223 0.12058411165624944
v -0.07560012483510054 0.8446178672177499 0.11992722948506351
v -0.0752231277817804 0.8449733200283215 0.11902933942591001
v -0.07530246158051182 0.8453537802830875 0.11806827941879403
v -0.0758224131943 0.8456838930950005 0.11723439935539204
v -0.07667999967084048 0.8458982756313463 0.11669285926197867
v -0.07770536565997463 0.8459544667475575 0.1165509179320518
v -0.07869542466957564 0.8458413370972185 0.11683668860375213
v -0.07945408357523753 0.8455812934408911 0.11749357077493805
v -0.07983108062855766 0.8452258406303194 0.11839146083409155
v -0.07975174682982625 0.8448453803755535 0.11935252084120754
v -0.07923179521603807 0.8445152675636405 0.12018640090460952
v -0.08082031421274175 0.8431347941161976 0.1212308701509879
v -0.07916358456772356 0.8427206388062135 0.12227704540891397
v -0.07718272941773069 0.8426120859518959 0.12255125488450602
v -0.07527008215687538 0.8428306355591468 0.12199918857936976
v -0.07380446579571288 0.843333001292266 0.12073018975755262
v -0.07307616366286429 0.8440196834451504 0.11899559922813312
v -0.07322942465527346 0.8447546762759505 0.11713897371640042
v -0.07423389419759632 0.845392405184973 0.1155280413202679
v -0.07589062384261451 0.8458065604949571 0.11448186606234181
v -0.07787147899260738 0.8459151133492747 0.11420765658674976
v -0.07978412625346269 0.8456965637420237 0.11475972289188603
v -0.08124974261462518 0.8451941980089046 0.11602872171370317
v -0.08197804474747378 0.8445075158560201 0.11776331224312267
v -0.0818247837550646 0.8437725230252202 0.11961993775485537
v -0.08082031421274175 0.8431347941161976 0.1212308701509879
v -0.08218440657694892 0.8413373741906204 0.12188550822475452
v -0.07984143672043263 0.8407516702489475 0.12336502317355849
v -0.07704008480662584 0.8405981531688264 0.12375281434035051
v -0.0743351929068581 0.8409072290368002 0.12297207455964179
v -0.07226249838643818 0.8416176814647853 0.12117743922798277
v -0.0712325234844589 0.8425887967496133 0.11872435759631203
v -0.07144926771729687 0.8436282334788883 0.1160986928707072
v -0.07286980183338915 0.8445301184617074 0.1138204901487457
v -0.07521277168990544 0.8451158224033803 0.11234097519994174
v -0.07801412360371222 0.8452693394835015 0.11195318403314972
v -0.08071901550347997 0.8449602636155276 0.11273392381385844
v -0.08279171002389989 0.8442498111875424 0.11452855914551745
v -0.08382168492587917 0.8432786959027145 0.1169816407771882
v -0.0836049406930412 0.8422392591734396 0.11960730550279301
v -0.08218440657694892 0.8413373741906204 0.12188550822475452
v -0.08323111166044193 0.8392454993847539 0.12210570277361109
v -0.08036157128379298 0.8385281615293966 0.12391773100977548
v -0.07693062960513454 0.8383401423321903 0.12439267610257147
v -0.07361782755433072 0.838718681538544 0.1234364687516203
v -0.07107930557153454 0.8395888045057268 0.12123849833406154
v -0.06981784879223922 0.8407781728033782 0.11823409960834588
v -0.07008330499842096 0.8420512177086744 0.11501832994405965
v -0.07182309674989613 0.8431557967352994 0.1122281127955131
v -0.07469263712654509 0.8438731345906567 0.11041608455934872
v -0.07812357880520353 0.844061153787863 0.10994113946655272
v -0.08143638085600735 0.8436826145815093 0.11089734681750388
v -0.08397490283880353 0.8428124916143265 0.11309531723506265
v -0.08523635961809885 0.8416231233166751 0.1160997159607783
v -0.08497090341191711 0.8403500784113789 0.11931548562506453
v -0.08323111166044193 0.8392454993847539 0.12210570277361109
v -0.08388909792860029 0.837001727626892 0.12187644763593806
v -0.08068854125476119 0.8362016412656823 0.1238975023830902
v -0.07686182351049274 0.835991933132068 0.12442723472138056
v -0.07316687248504927 0.8364141385730617 0.1233607244642832
v -0.07033551897377188 0.8373846346865766 0.12090920688767197
v -0.06892854721974276 0.838711202830093 0.11755823507530233
v -0.06922462509263966 0.840131099751416 0.11397151050101005
v -0.07116511048173778 0.8413630976629572 0.11085942742058137
v -0.07436566715557688 0.8421631840241668 0.10883837267342923
v -0.07819238489984533 0.8423728921577812 0.10830864033513887
v -0.0818873359252888 0.8419506867167875 0.10937515059223624
v -0.08471868943656619 0.8409801906032726 0.11182666816884747
v -0.08612566119059531 0.8396536224597562 0.1151776399812171
v -0.08582958331769841 0.8382337255384332 0.11876436455550939
v -0.08388909792860029 0.837001727626892 0.12187644763593806
v -0.08411352422031446 0.8347589680059613 0.1212133655871308
v -0.0808000649302781 0.8339306573859931 0.12330571610298295
v -0.07683835463029233 0.8337135516773578 0.12385413505416705
v -0.0730130601085817 0.8341506508918598 0.12275000244389453
v -0.07008182738625673 0.835155382358098 0.12021200480026024
v -0.06862522312055955 0.836528746663867 0.11674282374142124
v -0.06893174510537789 0.837998732325467 0.11302957271795584
v -0.07094068419002361 0.8392741901435121 0.1098077079256908
v -0.07425414348005997 0.8401025007634803 0.10771535740983866
v -0.07821585378004574 0.8403196064721156 0.10716693845865456
v -0.08204114830175636 0.8398825072576136 0.10827107106892708
v -0.08497238102408133 0.8388777757913753 0.11080906871256137
v -0.08642898528977852 0.8375044114856064 0.11427824977140037
v -0.08612246330496018 0.8360344258240064 0.11799150079486577
v -0.08411352422031446 0.8347589680059613 0.1212133655871308
v -0.08388909792860029 0.8326700604865162 0.12016164609224024
v -0.08068854125476119 0.8318699741253066 0.12218270083939238
v -0.07686182351049274 0.8316602659916922 0.12271243317768274
v -0.07316687248504927 0.8320824714326859 0.12164592292058538
v -0.07033551897377188 0.8330529675462008 0.11919440534397414
v -0.06892854721974276 0.8343795356897172 0.1158434335316045
v -0.06922462509263966 0.8357994326110402 0.11225670895731223
v -0.07116511048173778 0.8370314305225814 0.10914462587688355
v -0.07436566715557688 0.8378315168837911 0.1071235711297314
v -0.07819238489984533 0.8380412250174054 0.10659383879144105
v -0.0818873359252888 0.8376190195764117 0.10766034904853841
v -0.08471868943656619 0.8366485234628968 0.11011186662514964
v -0.08612566119059531 0.8353219553193804 0.11346283843751928
v -0.08582958331769841 0.8339020583980574 0.11704956301181156
v -0.08388909792860029 0.8326700604865162 0.12016164609224024
v -0.08323111166044193 0.830877361414174 0.11879296071730851
v -0.08036157128379298 0.8301600235588167 0.1206049889534729
v -0.07693062960513454 0.8299720043616104 0.12107993404626889
v -0.07361782755433072 0.8303505435679641 0.12012372669531773
v -0.07107930557153454 0.8312206665351469 0.11792575627775896
v -0.06981784879223922 0.8324100348327983 0.11492135755204332
v -0.07008330499842096 0.8336830797380945 0.11170558788775709
v -0.07182309674989613 0.8347876587647195 0.10891537073921052
v -0.07469263712654509 0.8355049966200768 0.10710334250304614
v -0.07812357880520353 0.8356930158172831 0.10662839741025014
v -0.08143638085600735 0.8353144766109294 0.10758460476120131
v -0.08397490283880353 0.8344443536437466 0.10978257517876007
v -0.08523635961809885 0.8332549853460952 0.11278697390447573
v -0.08497090341191711 0.831981940440799 0.11600274356876196
v -0.08323111166044193 0.830877361414174 0.11879296071730851
v -0.08218440657694892 0.829503039687766 0.1172005833640759
v -0.07984143672043263 0.828917335746093 0.11868009831287987
v -0.07704008480662584 0.8287638186659719 0.1190678894796719
v -0.0743351929068581 0.8290728945339458 0.11828714969896317
v -0.07226249838643818 0.829783346961931 0.11649251436730416
v -0.0712325234844589 0.8307544622467589 0.11403943273563341
v -0.07144926771729687 0.8317938989760338 0.1114137680100286
v -0.07286980183338915 0.832695783958853 0.10913556528806709
v -0.07521277168990544 0.8332814879005259 0.10765605033926312
v -0.07801412360371222 0.833435004980647 0.1072682591724711
v -0.08071901550347997 0.8331259291126732 0.10804899895317982
v -0.08279171002389989 0.8324154766846881 0.10984363428483884
v -0.08382168492587917 0.8314443613998601 0.11229671591650958
v -0.0836049406930412 0.8304049246705851 0.11492238064211441
v -0.08218440657694892 0.829503039687766 0.1172005833640759
v -0.08082031421274175 0.8286407529645003 0.11549303219255372
v -0.07916358456772356 0.8282265976545163 0.1165392074504798
v -0.07718272941773069 0.8281180448001987 0.11681341692607185
v -0.07527008215687538 0.8283365944074497 0.11626135062093558
v -0.07380446579571288 0.8288389601405688 0.11499235179911844
v -0.07307616366286429 0.8295256422934533 0.11325776126969894
v -0.07322942465527346 0.8302606351242532 0.11140113575796624
v -0.07423389419759632 0.8308983640332758 0.10979020336183372
v -0.07589062384261451 0.8313125193432599 0.10874402810390764
v -0.07787147899260738 0.8314210721975775 0.10846981862831559
v -0.07978412625346269 0.8312025225903266 0.10902188493345186
v -0.08124974261462518 0.8307001568572074 0.11029088375526899
v -0.08197804474747378 0.830013474704323 0.1120254742846885
v -0.0818247837550646 0.8292784818735229 0.1138820997964212
v -0.08082031421274175 0.8286407529645003 0.11549303219255372
v -0.07923179521603807 0.8283492650544729 0.11378667415742957
v -0.07837420873949759 0.8281348825181271 0.11432821425084294
v -0.07734884275036344 0.8280786914019159 0.11447015558076981
v -0.07635878374076242 0.8281918210522549 0.11418438490906949
v -0.07560012483510054 0.8284518647085823 0.11352750273788356
v -0.0752231277817804 0.828807317519154 0.11262961267873006
v -0.07530246158051182 0.8291877777739199 0.11166855267161407
v -0.0758224131943 0.8295178905858329 0.11083467260821209
v -0.07667999967084048 0.8297322731221788 0.11029313251479872
v -0.07770536565997463 0.8297884642383899 0.11015119118487185
v -0.07869542466957564 0.8296753345880511 0.11043696185657217
v -0.07945408357523753 0.8294152909317235 0.1110938440277581
v -0.07983108062855766 0.8290598381211519 0.1119917340869116
v -0.07975174682982625 0.8286793778663859 0.11295279409402759
v -0.07923179521603807 0.8283492650544729 0.11378667415742957
v -0.07752710420516903 0.8286484411041568 0.11219779470010822
v -0.07752710420516903 0.8286484411041568 0.11219779470010822
v -0.07752710420516903 0.8286484411041568 0.11219779470010822
v -0.07752710420516903 0.8286484411041568 0.11219779470010822
v -0.07752710420516903 0.8286484411041568 0.11219779470010822
v -0.07752710420516903 0.8286484411041568 0.11219779470010822
v -0.07752710420516903 0.8286484411041568 0.11219779470010822
v -0.07752710420516903 0.8286484411041568 0.11219779470010822
v -0.07752710420516903 0.8286484411041568 0.11219779470010822
v -0.07752710420516903 0.8286484411041568 0.11219779470010822
v -0.07752710420516903 0.8286484411041568 0.11219779470010822
v -0.07752710420516903 0.8286484411041568 0.11219779470010822
v -0.07752710420516903 0.8286484411041568 0.11219779470010822
v -0.07752710420516903 0.8286484411041568 0.11219779470010822
v -0.07752710420516903 0.8286484411041568 0.11219779470010822
vt 0.0357142873108387 1
vt 0.1071428582072258 1
vt 0.1785714328289032 1
vt 0.25 1
vt 0.3214285671710968 1
vt 0.3928571343421936 1
vt 0.4642857015132904 1
vt 0.5357142686843872 1
vt 0.6071428656578064 1
vt 0.6785714030265808 1
vt 0.75 1
vt 0.8214285969734192 1
vt 0.8928571343421936 1
vt 0.9642857313156128 1
vt 1.0357142686843872 1
vt 0 0.9166666865348816
vt 0.0714285746216774 0.9166666865348816
vt 0.1428571492433548 0.9166666865348816
vt 0.2142857164144516 0.9166666865348816
vt 0.2857142984867096 0.9166666865348816
vt 0.3571428656578064 0.9166666865348816
vt 0.4285714328289032 0.9166666865348816
vt 0.5 0.9166666865348816
vt 0.5714285969734192 0.9166666865348816
vt 0.6428571343421936 0.9166666865348816
vt 0.7142857313156128 0.9166666865348816
vt 0.7857142686843872 0.9166666865348816
vt 0.8571428656578064 0.9166666865348816
vt 0.9285714030265808 0.9166666865348816
vt 1 0.9166666865348816
vt 0 0.8333333134651184
vt 0.0714285746216774 0.8333333134651184
vt 0.1428571492433548 0.8333333134651184
vt 0.2142857164144516 0.8333333134651184
vt 0.2857142984867096 0.8333333134651184
vt 0.3571428656578064 0.8333333134651184
vt 0.4285714328289032 0.8333333134651184
vt 0.5 0.8333333134651184
vt 0.5714285969734192 0.8333333134651184
vt 0.6428571343421936 0.8333333134651184
vt 0.7142857313156128 0.8333333134651184
vt 0.7857142686843872 0.8333333134651184
vt 0.8571428656578064 0.8333333134651184
vt 0.9285714030265808 0.8333333134651184
vt 1 0.8333333134651184
vt 0 0.75
vt 0.0714285746216774 0.75
vt 0.1428571492433548 0.75
vt 0.2142857164144516 0.75
vt 0.2857142984867096 0.75
vt 0.3571428656578064 0.75
vt 0.4285714328289032 0.75
vt 0.5 0.75
vt 0.5714285969734192 0.75
vt 0.6428571343421936 0.75
vt 0.7142857313156128 0.75
vt 0.7857142686843872 0.75
vt 0.8571428656578064 0.75
vt 0.9285714030265808 0.75
vt 1 0.75
vt 0 0.6666666865348816
vt 0.0714285746216774 0.6666666865348816
vt 0.1428571492433548 0.6666666865348816
vt 0.2142857164144516 0.6666666865348816
vt 0.2857142984867096 0.6666666865348816
vt 0.3571428656578064 0.6666666865348816
vt 0.4285714328289032 0.6666666865348816
vt 0.5 0.6666666865348816
vt 0.5714285969734192 0.6666666865348816
vt 0.6428571343421936 0.6666666865348816
vt 0.7142857313156128 0.6666666865348816
vt 0.7857142686843872 0.6666666865348816
vt 0.8571428656578064 0.6666666865348816
vt 0.9285714030265808 0.6666666865348816
vt 1 0.6666666865348816
vt 0 0.5833333134651184
vt 0.0714285746216774 0.5833333134651184
vt 0.1428571492433548 0.5833333134651184
vt 0.2142857164144516 0.5833333134651184
vt 0.2857142984867096 0.5833333134651184
vt 0.3571428656578064 0.5833333134651184
vt 0.4285714328289032 0.5833333134651184
vt 0.5 0.5833333134651184
vt 0.5714285969734192 0.5833333134651184
vt 0.6428571343421936 0.5833333134651184
vt 0.7142857313156128 0.5833333134651184
vt 0.7857142686843872 0.5833333134651184
vt 0.8571428656578064 0.5833333134651184
vt 0.9285714030265808 0.5833333134651184
vt 1 0.5833333134651184
vt 0 0.5
vt 0.0714285746216774 0.5
vt 0.1428571492433548 0.5
vt 0.2142857164144516 0.5
vt 0.2857142984867096 0.5
vt 0.3571428656578064 0.5
vt 0.4285714328289032 0.5
vt 0.5 0.5
vt 0.5714285969734192 0.5
vt 0.6428571343421936 0.5
vt 0.7142857313156128 0.5
vt 0.7857142686843872 0.5
vt 0.8571428656578064 0.5
vt 0.9285714030265808 0.5
vt 1 0.5
vt 0 0.4166666567325592
vt 0.0714285746216774 0.4166666567325592
vt 0.1428571492433548 0.4166666567325592
vt 0.2142857164144516 0.4166666567325592
vt 0.2857142984867096 0.4166666567325592
vt 0.3571428656578064 0.4166666567325592
vt 0.4285714328289032 0.4166666567325592
vt 0.5 0.4166666567325592
vt 0.5714285969734192 0.4166666567325592
vt 0.6428571343421936 0.4166666567325592
vt 0.7142857313156128 0.4166666567325592
vt 0.7857142686843872 0.4166666567325592
vt 0.8571428656578064 0.4166666567325592
vt 0.9285714030265808 0.4166666567325592
vt 1 0.4166666567325592
vt 0 0.3333333432674408
vt 0.0714285746216774 0.3333333432674408
vt 0.1428571492433548 0.3333333432674408
vt 0.2142857164144516 0.3333333432674408
vt 0.2857142984867096 0.3333333432674408
vt 0.3571428656578064 0.3333333432674408
vt 0.4285714328289032 0.3333333432674408
vt 0.5 0.3333333432674408
vt 0.5714285969734192 0.3333333432674408
vt 0.6428571343421936 0.3333333432674408
vt 0.7142857313156128 0.3333333432674408
vt 0.7857142686843872 0.3333333432674408
vt 0.8571428656578064 0.3333333432674408
vt 0.9285714030265808 0.3333333432674408
vt 1 0.3333333432674408
vt 0 0.25
vt 0.0714285746216774 0.25
vt 0.1428571492433548 0.25
vt 0.2142857164144516 0.25
vt 0.2857142984867096 0.25
vt 0.3571428656578064 0.25
vt 0.4285714328289032 0.25
vt 0.5 0.25
vt 0.5714285969734192 0.25
vt 0.6428571343421936 0.25
vt 0.7142857313156128 0.25
vt 0.7857142686843872 0.25
vt 0.8571428656578064 0.25
vt 0.9285714030265808 0.25
vt 1 0.25
vt 0 0.1666666716337204
vt 0.0714285746216774 0.1666666716337204
vt 0.1428571492433548 0.1666666716337204
vt 0.2142857164144516 0.1666666716337204
vt 0.2857142984867096 0.1666666716337204
vt 0.3571428656578064 0.1666666716337204
vt 0.4285714328289032 0.1666666716337204
vt 0.5 0.1666666716337204
vt 0.5714285969734192 0.1666666716337204
vt 0.6428571343421936 0.1666666716337204
vt 0.7142857313156128 0.1666666716337204
vt 0.7857142686843872 0.1666666716337204
vt 0.8571428656578064 0.1666666716337204
vt 0.9285714030265808 0.1666666716337204
vt 1 0.1666666716337204
vt 0 0.0833333358168602
vt 0.0714285746216774 0.0833333358168602
vt 0.1428571492433548 0.0833333358168602
vt 0.2142857164144516 0.0833333358168602
vt 0.2857142984867096 0.0833333358168602
vt 0.3571428656578064 0.0833333358168602
vt 0.4285714328289032 0.0833333358168602
vt 0.5 0.0833333358168602
vt 0.5714285969734192 0.0833333358168602
vt 0.6428571343421936 0.0833333358168602
vt 0.7142857313156128 0.0833333358168602
vt 0.7857142686843872 0.0833333358168602
vt 0.8571428656578064 0.0833333358168602
vt 0.9285714030265808 0.0833333358168602
vt 1 0.0833333358168602
vt -0.0357142873108387 0
vt 0.0357142873108387 0
vt 0.1071428582072258 0
vt 0.1785714328289032 0
vt 0.25 0
vt 0.3214285671710968 0
vt 0.3928571343421936 0
vt 0.4642857015132904 0
vt 0.5357142686843872 0
vt 0.6071428656578064 0
vt 0.6785714030265808 0
vt 0.75 0
vt 0.8214285969734192 0
vt 0.8928571343421936 0
vt 0.9642857313156128 0
vn -2.7755575615628914e-17 0.9297931478677584 0.3680824665454263
vn -2.7755575615628914e-17 0.9297931478677584 0.3680824665454263
vn -2.7755575615628914e-17 0.9297931478677584 0.3680824665454263
vn -2.7755575615628914e-17 0.9297931478677584 0.3680824665454263
vn -2.7755575615628914e-17 0.9297931478677584 0.3680824665454263
vn -2.7755575615628914e-17 0.9297931478677584 0.3680824665454263
vn -2.7755575615628914e-17 0.9297931478677584 0.3680824665454263
vn -2.7755575615628914e-17 0.9297931478677584 0.3680824665454263
vn -2.7755575615628914e-17 0.9297931478677584 0.3680824665454263
vn -2.7755575615628914e-17 0.9297931478677584 0.3680824665454263
vn -2.7755575615628914e-17 0.9297931478677584 0.3680824665454263
vn -2.7755575615628914e-17 0.9297931478677584 0.3680824665454263
vn -2.7755575615628914e-17 0.9297931478677584 0.3680824665454263
vn -2.7755575615628914e-17 0.9297931478677584 0.3680824665454263
vn -2.7755575615628914e-17 0.9297931478677584 0.3680824665454263
vn -0.18941011396422142 0.8331875729327142 0.5195404479331266
vn -0.0941227177534296 0.8093672922578957 0.5797115664068038
vn 0.01980683072749999 0.8031238316580033 0.5954828297100591
vn 0.12981339873304096 0.8156937891692243 0.5637305418549979
vn 0.2141088312017036 0.8445875282491577 0.49074363523882664
vn 0.2559973838084948 0.884082289477227 0.3909780619368696
vn 0.24718251157312712 0.9263556503927747 0.28419362230314066
vn 0.1894101139642214 0.9630348553229485 0.1915402729484538
vn 0.09412271775342955 0.9868551359063781 0.1313691544385979
vn -0.019806830727500047 0.993098593925978 0.11559789011386752
vn -0.12981339873304104 0.9805286362860194 0.14735017791796456
vn -0.21410883120170368 0.9516348972060859 0.22033708453413592
vn -0.25599738380849485 0.9121401361067542 0.32010265788705694
vn -0.24718251157312718 0.8698667777714991 0.4268870985422609
vn -0.18941011396422147 0.8331875729327142 0.5195404479331266
vn -0.3659122437409589 0.6798016384633849 0.6355926071179198
vn -0.1818311352833455 0.633784398411103 0.7518342733423677
vn 0.03826386555804769 0.6217229520382778 0.7823020180859593
vn 0.25078022225510055 0.6460062524271489 0.7209613040591799
vn 0.4136264900843266 0.7018246690957842 0.5799614302254188
vn 0.4945489652960357 0.7781226789486537 0.3872291536421177
vn 0.4775199349603908 0.859788551041553 0.1809374455807612
vn 0.36591224374095893 0.9306473269467965 0.001944923453362327
vn 0.18183113528334546 0.9766645758039358 -0.11429673928545712
vn -0.03826386555804775 0.9887260081266017 -0.14476448959116467
vn -0.2507802222551006 0.9644427170180933 -0.08342377189051561
vn -0.41362649008432667 0.9086243003494575 0.05757610194324548
vn -0.49454896529603576 0.8323262812162259 0.25030837485267704
vn -0.4775199349603909 0.7506604231734857 0.45660008847614947
vn -0.365912243740959 0.6798016384633849 0.6355926071179197
vn -0.5174780507709718 0.48008835498772107 0.708330176101131
vn -0.25714807173809134 0.4150101317746458 0.8727207226402801
vn 0.054113258041525496 0.39795269907900127 0.9158086069697473
vn 0.35465679997100225 0.43229444987576254 0.829059746243261
vn 0.5849561903490686 0.5112336082735245 0.6296558211784727
vn 0.6993978379061238 0.6191353152289749 0.35709120091169605
vn 0.6753151747953757 0.7346282766484111 0.06535066824200662
vn 0.5174780507709719 0.8348377249284353 -0.18778295984084814
vn 0.25714807173809123 0.8999159329448873 -0.3521735123959703
vn -0.054113258041525496 0.9169733855410593 -0.3952613888473032
vn -0.3546567999710023 0.8826316160561997 -0.3085125355189801
vn -0.5849561903490685 0.8036924576584376 -0.10910861045419185
vn -0.6993978379061238 0.6957907693910858 0.16345601721074804
vn -0.6753151747953756 0.5802977880711219 0.45519654200230303
vn -0.5174780507709719 0.4800883549877211 0.7083301761011309
vn -0.6337785858956628 0.24765784543455183 0.7327962170036152
vn -0.31494077694858175 0.16795363081618864 0.9341326912760753
vn 0.06627495589705254 0.14706260948927305 0.9869043616840739
vn 0.4343640806563263 0.18912252195218127 0.8806591378768697
vn 0.7164220855915326 0.28580285398599764 0.6364401966643348
vn 0.8565839160690336 0.41795487753988003 0.30261810103241144
vn 0.8270887876998426 0.5594043096508772 -0.05468962977777879
vn 0.6337785858956629 0.6821353149493137 -0.3647137455033668
vn 0.31494077694858175 0.7618395173826104 -0.5660502245995981
vn -0.06627495589705254 0.7827305352242392 -0.6188218963873368
vn -0.4343640806563263 0.7406706494841498 -0.5125766620012193
vn -0.7164220855915325 0.6439903174503333 -0.2683577207886845
vn -0.8565839160690336 0.5118382671736322 0.06546436426432571
vn -0.8270887876998424 0.37038883854792154 0.4227720964542559
vn -0.6337785858956629 0.24765784543455188 0.7327962170036151
vn -0.7068881628571166 -0.0016501489658553347 0.7073234070924564
vn -0.3512707860980088 -0.09054865062129171 0.9318850662526736
vn 0.0739200767910031 -0.11384954872079446 0.9907442164874262
vn 0.48447018170639056 -0.06693782516835489 0.8722430685302736
vn 0.7990650139269085 0.04089507552237118 0.5998522287330514
vn 0.955395218751603 0.18829152833845478 0.22752203485057285
vn 0.9224976781350499 0.34605784840200626 -0.17100292218209565
vn 0.7068881628571168 0.482946502077606 -0.5167899005819435
vn 0.35127078609800894 0.571844988299017 -0.7413515658521159
vn -0.0739200767910031 0.5951458971935909 -0.8002107118133625
vn -0.48447018170639056 0.548234181609835 -0.6817095607016022
vn -0.7990650139269085 0.44040128091910885 -0.40931872090438
vn -0.9553952187516033 0.2930048201343416 -0.036988530176509125
vn -0.9224976781350499 0.13523848927571894 0.36153642258265356
vn -0.7068881628571168 -0.001650148965855271 0.7073234070924563
vn -0.7318244776307014 -0.2508456851067342 0.633647675134916
vn -0.3636622716361556 -0.3428801784011813 0.8661310151749589
vn 0.07652772933818007 -0.3670030475619981 0.9270664861392348
vn 0.5015604415286632 -0.31843646269799103 0.8043850711680093
vn 0.8272529752510283 -0.20679963002434792 0.5223853251768413
vn 0.9890979076130493 -0.05420360100829771 0.13692077560845564
vn 0.9550398727293804 0.10912812818899338 -0.27566264370606197
vn 0.7318244776307016 0.25084568510673433 -0.633647675134916
vn 0.3636622716361556 0.3428801784011814 -0.8661310151749589
vn -0.07652772933818007 0.3670030475619982 -0.9270664861392348
vn -0.5015604415286632 0.31843646269799114 -0.8043850711680093
vn -0.8272529752510283 0.20679963002434804 -0.5223853251768413
vn -0.9890979076130493 0.05420360100829782 -0.13692077560845564
vn -0.9550398727293806 -0.1091281281889933 0.275662643706062
vn -0.7318244776307017 -0.2508456851067342 0.6336476751349159
vn -0.7068881628571168 -0.48294650207760614 0.5167899005819437
vn -0.35127078609800894 -0.571844988299017 0.7413515658521159
vn 0.0739200767910031 -0.5951458971935909 0.8002107118133625
vn 0.48447018170639056 -0.548234181609835 0.6817095607016022
vn 0.7990650139269085 -0.44040128091910885 0.40931872090438
vn 0.9553952187516033 -0.2930048201343416 0.036988530176509125
vn 0.9224976781350499 -0.13523848927571894 -0.36153642258265356
vn 0.7068881628571168 0.0016501489658553028 -0.7073234070924563
vn 0.3512707860980088 0.09054865062129171 -0.9318850662526736
vn -0.0739200767910031 0.11384954872079446 -0.9907442164874262
vn -0.48447018170639056 0.06693782516835489 -0.8722430685302736
vn -0.7990650139269085 -0.04089507552237118 -0.5998522287330514
vn -0.955395218751603 -0.18829152833845478 -0.22752203485057285
vn -0.9224976781350499 -0.34605784840200626 0.17100292218209565
vn -0.7068881628571168 -0.482946502077606 0.5167899005819435
vn -0.6337785858956628 -0.6821353149493137 0.3647137455033669
vn -0.31494077694858175 -0.7618395173826104 0.5660502245995981
vn 0.06627495589705254 -0.7827305352242392 0.6188218963873368
vn 0.4343640806563263 -0.7406706494841498 0.5125766620012193
vn 0.7164220855915325 -0.6439903174503333 0.2683577207886845
vn 0.8565839160690336 -0.5118382671736322 -0.06546436426432571
vn 0.8270887876998424 -0.37038883854792154 -0.4227720964542559
vn 0.6337785858956629 -0.24765784543455185 -0.7327962170036151
vn 0.31494077694858175 -0.16795363081618864 -0.9341326912760753
vn -0.06627495589705254 -0.14706260948927305 -0.9869043616840739
vn -0.4343640806563263 -0.18912252195218127 -0.8806591378768697
vn -0.7164220855915326 -0.28580285398599764 -0.6364401966643348
vn -0.8565839160690336 -0.41795487753988003 -0.30261810103241144
vn -0.8270887876998426 -0.5594043096508772 0.05468962977777879
vn -0.6337785858956629 -0.6821353149493136 0.3647137455033667
vn -0.5174780507709718 -0.8348377249284353 0.1877829598408482
vn -0.25714807173809123 -0.8999159329448873 0.3521735123959703
vn 0.054113258041525496 -0.9169733855410593 0.3952613888473032
vn 0.3546567999710023 -0.8826316160561997 0.3085125355189801
vn 0.5849561903490685 -0.8036924576584376 0.10910861045419185
vn 0.6993978379061238 -0.6957907693910858 -0.16345601721074804
vn 0.6753151747953756 -0.5802977880711219 -0.45519654200230303
vn 0.517478050770972 -0.4800883549877211 -0.708330176101131
vn 0.25714807173809134 -0.4150101317746458 -0.8727207226402801
vn -0.054113258041525496 -0.39795269907900127 -0.9158086069697473
vn -0.35465679997100225 -0.43229444987576254 -0.829059746243261
vn -0.5849561903490686 -0.5112336082735245 -0.6296558211784727
vn -0.6993978379061238 -0.6191353152289749 -0.35709120091169605
vn -0.6753151747953757 -0.7346282766484111 -0.06535066824200662
vn -0.5174780507709719 -0.8348377249284353 0.18778295984084808
vn -0.3659122437409589 -0.9306473269467965 -0.0019449234533622853
vn -0.18183113528334546 -0.9766645758039358 0.11429673928545712
vn 0.03826386555804775 -0.9887260081266017 0.14476448959116467
vn 0.2507802222551006 -0.9644427170180933 0.08342377189051561
vn 0.41362649008432667 -0.9086243003494575 -0.05757610194324548
vn 0.49454896529603576 -0.8323262812162259 -0.25030837485267704
vn 0.4775199349603909 -0.7506604231734857 -0.45660008847614947
vn 0.36591224374095893 -0.6798016384633849 -0.6355926071179198
vn 0.1818311352833455 -0.633784398411103 -0.7518342733423677
vn -0.03826386555804769 -0.6217229520382778 -0.7823020180859593
vn -0.25078022225510055 -0.6460062524271489 -0.7209613040591799
vn -0.4136264900843266 -0.7018246690957842 -0.5799614302254188
vn -0.4945489652960357 -0.7781226789486537 -0.3872291536421177
vn -0.4775199349603908 -0.859788551041553 -0.1809374455807612
vn -0.365912243740959 -0.9306473269467965 -0.0019449234533623686
vn -0.18941011396422136 -0.9630348553229485 -0.19154027294845377
vn -0.09412271775342955 -0.9868551359063781 -0.1313691544385979
vn 0.019806830727500047 -0.993098593925978 -0.11559789011386752
vn 0.12981339873304104 -0.9805286362860194 -0.14735017791796456
vn 0.21410883120170368 -0.9516348972060859 -0.22033708453413592
vn 0.25599738380849485 -0.9121401361067542 -0.32010265788705694
vn 0.24718251157312718 -0.8698667777714991 -0.4268870985422609
vn 0.18941011396422144 -0.8331875729327142 -0.5195404479331266
vn 0.0941227177534296 -0.8093672922578957 -0.5797115664068038
vn -0.01980683072749999 -0.8031238316580033 -0.5954828297100591
vn -0.12981339873304096 -0.8156937891692243 -0.5637305418549979
vn -0.2141088312017036 -0.8445875282491577 -0.49074363523882664
vn -0.2559973838084948 -0.884082289477227 -0.3909780619368696
vn -0.24718251157312712 -0.9263556503927747 -0.28419362230314066
vn -0.18941011396422142 -0.9630348553229485 -0.19154027294845383
vn -6.186707870189338e-17 -0.9297931478677584 -0.36808246654542626
vn -1.678020607059419e-17 -0.9297931478677586 -0.36808246654542626
vn 3.712751808098205e-17 -0.9297931478677586 -0.36808246654542626
vn 8.917901121435142e-17 -0.9297931478677584 -0.36808246654542626
vn 1.2906484410912847e-16 -0.9297931478677584 -0.36808246654542626
vn 1.4888513753030496e-16 -0.9297931478677584 -0.3680824665454263
vn 1.447142251158577e-16 -0.9297931478677584 -0.3680824665454263
vn 1.173782299331512e-16 -0.9297931478677584 -0.36808246654542637
vn 7.229135730185201e-17 -0.9297931478677584 -0.3680824665454264
vn 1.8383633150275783e-17 -0.9297931478677584 -0.3680824665454264
vn -3.366785998309359e-17 -0.9297931478677584 -0.36808246654542637
vn -7.355369287787063e-17 -0.9297931478677584 -0.36808246654542637
vn -9.337398629904714e-17 -0.9297931478677584 -0.3680824665454263
vn -8.920307388459987e-17 -0.9297931478677584 -0.3680824665454263
vn -6.18670787018934e-17 -0.9297931478677584 -0.36808246654542626
f 3870/3870/3870 3885/3885/3885 3886/3886/3886
f 3871/3871/3871 3886/3886/3886 3887/3887/3887
f 3872/3872/3872 3887/3887/3887 3888/3888/3888
f 3873/3873/3873 3888/3888/3888 3889/3889/3889
f 3874/3874/3874 3889/3889/3889 3890/3890/3890
f 3875/3875/3875 3890/3890/3890 3891/3891/3891
f 3876/3876/3876 3891/3891/3891 3892/3892/3892
f 3877/3877/3877 3892/3892/3892 3893/3893/3893
f 3878/3878/3878 3893/3893/3893 3894/3894/3894
f 3879/3879/3879 3894/3894/3894 3895/3895/3895
f 3880/3880/3880 3895/3895/3895 3896/3896/3896
f 3881/3881/3881 3896/3896/3896 3897/3897/3897
f 3882/3882/3882 3897/3897/3897 3898/3898/3898
f 3883/3883/3883 3898/3898/3898 3899/3899/3899
f 3886/3886/3886 3885/3885/3885 3901/3901/3901
f 3885/3885/3885 3900/3900/3900 3901/3901/3901
f 3887/3887/3887 3886/3886/3886 3902/3902/3902
f 3886/3886/3886 3901/3901/3901 3902/3902/3902
f 3888/3888/3888 3887/3887/3887 3903/3903/3903
f 3887/3887/3887 3902/3902/3902 3903/3903/3903
f 3889/3889/3889 3888/3888/3888 3904/3904/3904
f 3888/3888/3888 3903/3903/3903 3904/3904/3904
f 3890/3890/3890 3889/3889/3889 3905/3905/3905
f 3889/3889/3889 3904/3904/3904 3905/3905/3905
f 3891/3891/3891 3890/3890/3890 3906/3906/3906
f 3890/3890/3890 3905/3905/3905 3906/3906/3906
f 3892/3892/3892 3891/3891/3891 3907/3907/3907
f 3891/3891/3891 3906/3906/3906 3907/3907/3907
f 3893/3893/3893 3892/3892/3892 3908/3908/3908
f 3892/3892/3892 3907/3907/3907 3908/3908/3908
f 3894/3894/3894 3893/3893/3893 3909/3909/3909
f 3893/3893/3893 3908/3908/3908 3909/3909/3909
f 3895/3895/3895 3894/3894/3894 3910/3910/3910
f 3894/3894/3894 3909/3909/3909 3910/3910/3910
f 3896/3896/3896 3895/3895/3895 3911/3911/3911
f 3895/3895/3895 3910/3910/3910 3911/3911/3911
f 3897/3897/3897 3896/3896/3896 3912/3912/3912
f 3896/3896/3896 3911/3911/3911 3912/3912/3912
f 3898/3898/3898 3897/3897/3897 3913/3913/3913
f 3897/3897/3897 3912/3912/3912 3913/3913/3913
f 3899/3899/3899 3898/3898/3898 3914/3914/3914
f 3898/3898/3898 3913/3913/3913 3914/3914/3914
f 3901/3901/3901 3900/3900/3900 3916/3916/3916
f 3900/3900/3900 3915/3915/3915 3916/3916/3916
f 3902/3902/3902 3901/3901/3901 3917/3917/3917
f 3901/3901/3901 3916/3916/3916 3917/3917/3917
f 3903/3903/3903 3902/3902/3902 3918/3918/3918
f 3902/3902/3902 3917/3917/3917 3918/3918/3918
f 3904/3904/3904 3903/3903/3903 3919/3919/3919
f 3903/3903/3903 3918/3918/3918 3919/3919/3919
f 3905/3905/3905 3904/3904/3904 3920/3920/3920
f 3904/3904/3904 3919/3919/3919 3920/3920/3920
f 3906/3906/3906 3905/3905/3905 3921/3921/3921
f 3905/3905/3905 3920/3920/3920 3921/3921/3921
f 3907/3907/3907 3906/3906/3906 3922/3922/3922
f 3906/3906/3906 3921/3921/3921 3922/3922/3922
f 3908/3908/3908 3907/3907/3907 3923/3923/3923
f 3907/3907/3907 3922/3922/3922 3923/3923/3923
f 3909/3909/3909 3908/3908/3908 3924/3924/3924
f 3908/3908/3908 3923/3923/3923 3924/3924/3924
f 3910/3910/3910 3909/3909/3909 3925/3925/3925
f 3909/3909/3909 3924/3924/3924 3925/3925/3925
f 3911/3911/3911 3910/3910/3910 3926/3926/3926
f 3910/3910/3910 3925/3925/3925 3926/3926/3926
f 3912/3912/3912 3911/3911/3911 3927/3927/3927
f 3911/3911/3911 3926/3926/3926 3927/3927/3927
f 3913/3913/3913 3912/3912/3912 3928/3928/3928
f 3912/3912/3912 3927/3927/3927 3928/3928/3928
f 3914/3914/3914 3913/3913/3913 3929/3929/3929
f 3913/3913/3913 3928/3928/3928 3929/3929/3929
f 3916/3916/3916 3915/3915/3915 3931/3931/3931
f 3915/3915/3915 3930/3930/3930 3931/3931/3931
f 3917/3917/3917 3916/3916/3916 3932/3932/3932
f 3916/3916/3916 3931/3931/3931 3932/3932/3932
f 3918/3918/3918 3917/3917/3917 3933/3933/3933
f 3917/3917/3917 3932/3932/3932 3933/3933/3933
f 3919/3919/3919 3918/3918/3918 3934/3934/3934
f 3918/3918/3918 3933/3933/3933 3934/3934/3934
f 3920/3920/3920 3919/3919/3919 3935/3935/3935
f 3919/3919/3919 3934/3934/3934 3935/3935/3935
f 3921/3921/3921 3920/3920/3920 3936/3936/3936
f 3920/3920/3920 3935/3935/3935 3936/3936/3936
f 3922/3922/3922 3921/3921/3921 3937/3937/3937
f 3921/3921/3921 3936/3936/3936 3937/3937/3937
f 3923/3923/3923 3922/3922/3922 3938/3938/3938
f 3922/3922/3922 3937/3937/3937 3938/3938/3938
f 3924/3924/3924 3923/3923/3923 3939/3939/3939
f 3923/3923/3923 3938/3938/3938 3939/3939/3939
f 3925/3925/3925 3924/3924/3924 3940/3940/3940
f 3924/3924/3924 3939/3939/3939 3940/3940/3940
f 3926/3926/3926 3925/3925/3925 3941/3941/3941
f 3925/3925/3925 3940/3940/3940 3941/3941/3941
f 3927/3927/3927 3926/3926/3926 3942/3942/3942
f 3926/3926/3926 3941/3941/3941 3942/3942/3942
f 3928/3928/3928 3927/3927/3927 3943/3943/3943
f 3927/3927/3927 3942/3942/3942 3943/3943/3943
f 3929/3929/3929 3928/3928/3928 3944/3944/3944
f 3928/3928/3928 3943/3943/3943 3944/3944/3944
f 3931/3931/3931 3930/3930/3930 3946/3946/3946
f 3930/3930/3930 3945/3945/3945 3946/3946/3946
f 3932/3932/3932 3931/3931/3931 3947/3947/3947
f 3931/3931/3931 3946/3946/3946 3947/3947/3947
f 3933/3933/3933 3932/3932/3932 3948/3948/3948
f 3932/3932/3932 3947/3947/3947 3948/3948/3948
f 3934/3934/3934 3933/3933/3933 3949/3949/3949
f 3933/3933/3933 3948/3948/3948 3949/3949/3949
f 3935/3935/3935 3934/3934/3934 3950/3950/3950
f 3934/3934/3934 3949/3949/3949 3950/3950/3950
f 3936/3936/3936 3935/3935/3935 3951/3951/3951
f 3935/3935/3935 3950/3950/3950 3951/3951/3951
f 3937/3937/3937 3936/3936/3936 3952/3952/3952
f 3936/3936/3936 3951/3951/3951 3952/3952/3952
f 3938/3938/3938 3937/3937/3937 3953/3953/3953
f 3937/3937/3937 3952/3952/3952 3953/3953/3953
f 3939/3939/3939 3938/3938/3938 3954/3954/3954
f 3938/3938/3938 3953/3953/3953 3954/3954/3954
f 3940/3940/3940 3939/3939/3939 3955/3955/3955
f 3939/3939/3939 3954/3954/3954 3955/3955/3955
f 3941/3941/3941 3940/3940/3940 3956/3956/3956
f 3940/3940/3940 3955/3955/3955 3956/3956/3956
f 3942/3942/3942 3941/3941/3941 3957/3957/3957
f 3941/3941/3941 3956/3956/3956 3957/3957/3957
f 3943/3943/3943 3942/3942/3942 3958/3958/3958
f 3942/3942/3942 3957/3957/3957 3958/3958/3958
f 3944/3944/3944 3943/3943/3943 3959/3959/3959
f 3943/3943/3943 3958/3958/3958 3959/3959/3959
f 3946/3946/3946 3945/3945/3945 3961/3961/3961
f 3945/3945/3945 3960/3960/3960 3961/3961/3961
f 3947/3947/3947 3946/3946/3946 3962/3962/3962
f 3946/3946/3946 3961/3961/3961 3962/3962/3962
f 3948/3948/3948 3947/3947/3947 3963/3963/3963
f 3947/3947/3947 3962/3962/3962 3963/3963/3963
f 3949/3949/3949 3948/3948/3948 3964/3964/3964
f 3948/3948/3948 3963/3963/3963 3964/3964/3964
f 3950/3950/3950 3949/3949/3949 3965/3965/3965
f 3949/3949/3949 3964/3964/3964 3965/3965/3965
f 3951/3951/3951 3950/3950/3950 3966/3966/3966
f 3950/3950/3950 3965/3965/3965 3966/3966/3966
f 3952/3952/3952 3951/3951/3951 3967/3967/3967
f 3951/3951/3951 3966/3966/3966 3967/3967/3967
f 3953/3953/3953 3952/3952/3952 3968/3968/3968
f 3952/3952/3952 3967/3967/3967 3968/3968/3968
f 3954/3954/3954 3953/3953/3953 3969/3969/3969
f 3953/3953/3953 3968/3968/3968 3969/3969/3969
f 3955/3955/3955 3954/3954/3954 3970/3970/3970
f 3954/3954/3954 3969/3969/3969 3970/3970/3970
f 3956/3956/3956 3955/3955/3955 3971/3971/3971
f 3955/3955/3955 3970/3970/3970 3971/3971/3971
f 3957/3957/3957 3956/3956/3956 3972/3972/3972
f 3956/3956/3956 3971/3971/3971 3972/3972/3972
f 3958/3958/3958 3957/3957/3957 3973/3973/3973
f 3957/3957/3957 3972/3972/3972 3973/3973/3973
f 3959/3959/3959 3958/3958/3958 3974/3974/3974
f 3958/3958/3958 3973/3973/3973 3974/3974/3974
f 3961/3961/3961 3960/3960/3960 3976/3976/3976
f 3960/3960/3960 3975/3975/3975 3976/3976/3976
f 3962/3962/3962 3961/3961/3961 3977/3977/3977
f 3961/3961/3961 3976/3976/3976 3977/3977/3977
f 3963/3963/3963 3962/3962/3962 3978/3978/3978
f 3962/3962/3962 3977/3977/3977 3978/3978/3978
f 3964/3964/3964 3963/3963/3963 3979/3979/3979
f 3963/3963/3963 3978/3978/3978 3979/3979/3979
f 3965/3965/3965 3964/3964/3964 3980/3980/3980
f 3964/3964/3964 3979/3979/3979 3980/3980/3980
f 3966/3966/3966 3965/3965/3965 3981/3981/3981
f 3965/3965/3965 3980/3980/3980 3981/3981/3981
f 3967/3967/3967 3966/3966/3966 3982/3982/3982
f 3966/3966/3966 3981/3981/3981 3982/3982/3982
f 3968/3968/3968 3967/3967/3967 3983/3983/3983
f 3967/3967/3967 3982/3982/3982 3983/3983/3983
f 3969/3969/3969 3968/3968/3968 3984/3984/3984
f 3968/3968/3968 3983/3983/3983 3984/3984/3984
f 3970/3970/3970 3969/3969/3969 3985/3985/3985
f 3969/3969/3969 3984/3984/3984 3985/3985/3985
f 3971/3971/3971 3970/3970/3970 3986/3986/3986
f 3970/3970/3970 3985/3985/3985 3986/3986/3986
f 3972/3972/3972 3971/3971/3971 3987/3987/3987
f 3971/3971/3971 3986/3986/3986 3987/3987/3987
f 3973/3973/3973 3972/3972/3972 3988/3988/3988
f 3972/3972/3972 3987/3987/3987 3988/3988/3988
f 3974/3974/3974 3973/3973/3973 3989/3989/3989
f 3973/3973/3973 3988/3988/3988 3989/3989/3989
f 3976/3976/3976 3975/3975/3975 3991/3991/3991
f 3975/3975/3975 3990/3990/3990 3991/3991/3991
f 3977/3977/3977 3976/3976/3976 3992/3992/3992
f 3976/3976/3976 3991/3991/3991 3992/3992/3992
f 3978/3978/3978 3977/3977/3977 3993/3993/3993
f 3977/3977/3977 3992/3992/3992 3993/3993/3993
f 3979/3979/3979 3978/3978/3978 3994/3994/3994
f 3978/3978/3978 3993/3993/3993 3994/3994/3994
f 3980/3980/3980 3979/3979/3979 3995/3995/3995
f 3979/3979/3979 3994/3994/3994 3995/3995/3995
f 3981/3981/3981 3980/3980/3980 3996/3996/3996
f 3980/3980/3980 3995/3995/3995 3996/3996/3996
f 3982/3982/3982 3981/3981/3981 3997/3997/3997
f 3981/3981/3981 3996/3996/3996 3997/3997/3997
f 3983/3983/3983 3982/3982/3982 3998/3998/3998
f 3982/3982/3982 3997/3997/3997 3998/3998/3998
f 3984/3984/3984 3983/3983/3983 3999/3999/3999
f 3983/3983/3983 3998/3998/3998 3999/3999/3999
f 3985/3985/3985 3984/3984/3984 4000/4000/4000
f 3984/3984/3984 3999/3999/3999 4000/4000/4000
f 3986/3986/3986 3985/3985/3985 4001/4001/4001
f 3985/3985/3985 4000/4000/4000 4001/4001/4001
f 3987/3987/3987 3986/3986/3986 4002/4002/4002
f 3986/3986/3986 4001/4001/4001 4002/4002/4002
f 3988/3988/3988 3987/3987/3987 4003/4003/4003
f 3987/3987/3987 4002/4002/4002 4003/4003/4003
f 3989/3989/3989 3988/3988/3988 4004/4004/4004
f 3988/3988/3988 4003/4003/4003 4004/4004/4004
f 3991/3991/3991 3990/3990/3990 4006/4006/4006
f 3990/3990/3990 4005/4005/4005 4006/4006/4006
f 3992/3992/3992 3991/3991/3991 4007/4007/4007
f 3991/3991/3991 4006/4006/4006 4007/4007/4007
f 3993/3993/3993 3992/3992/3992 4008/4008/4008
f 3992/3992/3992 4007/4007/4007 4008/4008/4008
f 3994/3994/3994 3993/3993/3993 4009/4009/4009
f 3993/3993/3993 4008/4008/4008 4009/4009/4009
f 3995/3995/3995 3994/3994/3994 4010/4010/4010
f 3994/3994/3994 4009/4009/4009 4010/4010/4010
f 3996/3996/3996 3995/3995/3995 4011/4011/4011
f 3995/3995/3995 4010/4010/4010 4011/4011/4011
f 3997/3997/3997 3996/3996/3996 4012/4012/4012
f 3996/3996/3996 4011/4011/4011 4012/4012/4012
f 3998/3998/3998 3997/3997/3997 4013/4013/4013
f 3997/3997/3997 4012/4012/4012 4013/4013/4013
f 3999/3999/3999 3998/3998/3998 4014/4014/4014
f 3998/3998/3998 4013/4013/4013 4014/4014/4014
f 4000/4000/4000 3999/3999/3999 4015/4015/4015
f 3999/3999/3999 4014/4014/4014 4015/4015/4015
f 4001/4001/4001 4000/4000/4000 4016/4016/4016
f 4000/4000/4000 4015/4015/4015 4016/4016/4016
f 4002/4002/4002 4001/4001/4001 4017/4017/4017
f 4001/4001/4001 4016/4016/4016 4017/4017/4017
f 4003/4003/4003 4002/4002/4002 4018/4018/4018
f 4002/4002/4002 4017/4017/4017 4018/4018/4018
f 4004/4004/4004 4003/4003/4003 4019/4019/4019
f 4003/4003/4003 4018/4018/4018 4019/4019/4019
f 4006/4006/4006 4005/4005/4005 4021/4021/4021
f 4005/4005/4005 4020/4020/4020 4021/4021/4021
f 4007/4007/4007 4006/4006/4006 4022/4022/4022
f 4006/4006/4006 4021/4021/4021 4022/4022/4022
f 4008/4008/4008 4007/4007/4007 4023/4023/4023
f 4007/4007/4007 4022/4022/4022 4023/4023/4023
f 4009/4009/4009 4008/4008/4008 4024/4024/4024
f 4008/4008/4008 4023/4023/4023 4024/4024/4024
f 4010/4010/4010 4009/4009/4009 4025/4025/4025
f 4009/4009/4009 4024/4024/4024 4025/4025/4025
f 4011/4011/4011 4010/4010/4010 4026/4026/4026
f 4010/4010/4010 4025/4025/4025 4026/4026/4026
f 4012/4012/4012 4011/4011/4011 4027/4027/4027
f 4011/4011/4011 4026/4026/4026 4027/4027/4027
f 4013/4013/4013 4012/4012/4012 4028/4028/4028
f 4012/4012/4012 4027/4027/4027 4028/4028/4028
f 4014/4014/4014 4013/4013/4013 4029/4029/4029
f 4013/4013/4013 4028/4028/4028 4029/4029/4029
f 4015/4015/4015 4014/4014/4014 4030/4030/4030
f 4014/4014/4014 4029/4029/4029 4030/4030/4030
f 4016/4016/4016 4015/4015/4015 4031/4031/4031
f 4015/4015/4015 4030/4030/4030 4031/4031/4031
f 4017/4017/4017 4016/4016/4016 4032/4032/4032
f 4016/4016/4016 4031/4031/4031 4032/4032/4032
f 4018/4018/4018 4017/4017/4017 4033/4033/4033
f 4017/4017/4017 4032/4032/4032 4033/4033/4033
f 4019/4019/4019 4018/4018/4018 4034/4034/4034
f 4018/4018/4018 4033/4033/4033 4034/4034/4034
f 4021/4021/4021 4020/4020/4020 4036/4036/4036
f 4020/4020/4020 4035/4035/4035 4036/4036/4036
f 4022/4022/4022 4021/4021/4021 4037/4037/4037
f 4021/4021/4021 4036/4036/4036 4037/4037/4037
f 4023/4023/4023 4022/4022/4022 4038/4038/4038
f 4022/4022/4022 4037/4037/4037 4038/4038/4038
f 4024/4024/4024 4023/4023/4023 4039/4039/4039
f 4023/4023/4023 4038/4038/4038 4039/4039/4039
f 4025/4025/4025 4024/4024/4024 4040/4040/4040
f 4024/4024/4024 4039/4039/4039 4040/4040/4040
f 4026/4026/4026 4025/4025/4025 4041/4041/4041
f 4025/4025/4025 4040/4040/4040 4041/4041/4041
f 4027/4027/4027 4026/4026/4026 4042/4042/4042
f 4026/4026/4026 4041/4041/4041 4042/4042/4042
f 4028/4028/4028 4027/4027/4027 4043/4043/4043
f 4027/4027/4027 4042/4042/4042 4043/4043/4043
f 4029/4029/4029 4028/4028/4028 4044/4044/4044
f 4028/4028/4028 4043/4043/4043 4044/4044/4044
f 4030/4030/4030 4029/4029/4029 4045/4045/4045
f 4029/4029/4029 4044/4044/4044 4045/4045/4045
f 4031/4031/4031 4030/4030/4030 4046/4046/4046
f 4030/4030/4030 4045/4045/4045 4046/4046/4046
f 4032/4032/4032 4031/4031/4031 4047/4047/4047
f 4031/4031/4031 4046/4046/4046 4047/4047/4047
f 4033/4033/4033 4032/4032/4032 4048/4048/4048
f 4032/4032/4032 4047/4047/4047 4048/4048/4048
f 4034/4034/4034 4033/4033/4033 4049/4049/4049
f 4033/4033/4033 4048/4048/4048 4049/4049/4049
f 4036/4036/4036 4035/4035/4035 4051/4051/4051
f 4037/4037/4037 4036/4036/4036 4052/4052/4052
f 4038/4038/4038 4037/4037/4037 4053/4053/4053
f 4039/4039/4039 4038/4038/4038 4054/4054/4054
f 4040/4040/4040 4039/4039/4039 4055/4055/4055
f 4041/4041/4041 4040/4040/4040 4056/4056/4056
f 4042/4042/4042 4041/4041/4041 4057/4057/4057
f 4043/4043/4043 4042/4042/4042 4058/4058/4058
f 4044/4044/4044 4043/4043/4043 4059/4059/4059
f 4045/4045/4045 4044/4044/4044 4060/4060/4060
f 4046/4046/4046 4045/4045/4045 4061/4061/4061
f 4047/4047/4047 4046/4046/4046 4062/4062/4062
f 4048/4048/4048 4047/4047/4047 4063/4063/4063
f 4049/4049/4049 4048/4048/4048 4064/4064/4064
o antenna_stub
usemtl joint
v 0.03171606824787434 0.802090004434191 -0.013605936229227782
v 0.03351608053911774 0.8032833373549931 -0.01662034977437786
v 0.03306670573260269 0.8046382028332364 -0.02004280194868615
v 0.030539590037407218 0.805637088272562 -0.02256603226092168
v 0.026900005659712276 0.8058984534239133 -0.023226252588987487
v 0.02353815019679933 0.8053224655679442 -0.0217712809171189
v 0.021738137905555927 0.8041291326471421 -0.01875686737196882
v 0.022187512712070978 0.8027742671688989 -0.015334415197660533
v 0.024714628407266452 0.8017753817295733 -0.012811184885424999
v 0.02835421278496139 0.801514016578222 -0.012150964557359194
v 0.03171606824787434 0.802090004434191 -0.01360593622922778
v 0.033079054801283495 0.7550616027421371 -0.030649168838188672
v 0.03547907076648139 0.7566527134704545 -0.03466838732086487
v 0.03487990463006125 0.7584592007509972 -0.03923165682653579
v 0.031510417142248955 0.7597910479616193 -0.04259596380389748
v 0.026657638017067414 0.7601395347284334 -0.04347625731786828
v 0.022175163643390172 0.7593715510877226 -0.04153629551118626
v 0.019775147678192277 0.7577804403594052 -0.03751707702851006
v 0.020374313814612414 0.7559739530788625 -0.03295380752283915
v 0.023743801302424712 0.7546421058682403 -0.02958950054547746
v 0.028596580427606252 0.7542936191014262 -0.028709207031506652
v 0.033079054801283495 0.7550616027421371 -0.03064916883818867
v 0.027627109222336833 0.8037062350010676 -0.01768860857317334
v 0.027627109222336833 0.8037062350010676 -0.01768860857317334
v 0.027627109222336833 0.8037062350010676 -0.01768860857317334
v 0.027627109222336833 0.8037062350010676 -0.01768860857317334
v 0.027627109222336833 0.8037062350010676 -0.01768860857317334
v 0.027627109222336833 0.8037062350010676 -0.01768860857317334
v 0.027627109222336833 0.8037062350010676 -0.01768860857317334
v 0.027627109222336833 0.8037062350010676 -0.01768860857317334
v 0.027627109222336833 0.8037062350010676 -0.01768860857317334
v 0.027627109222336833 0.8037062350010676 -0.01768860857317334
v 0.03171606824787434 0.802090004434191 -0.013605936229227782
v 0.03351608053911774 0.8032833373549931 -0.01662034977437786
v 0.03306670573260269 0.8046382028332364 -0.02004280194868615
v 0.030539590037407218 0.805637088272562 -0.02256603226092168
v 0.026900005659712276 0.8058984534239133 -0.023226252588987487
v 0.02353815019679933 0.8053224655679442 -0.0217712809171189
v 0.021738137905555927 0.8041291326471421 -0.01875686737196882
v 0.022187512712070978 0.8027742671688989 -0.015334415197660533
v 0.024714628407266452 0.8017753817295733 -0.012811184885424999
v 0.02835421278496139 0.801514016578222 -0.012150964557359194
v 0.03171606824787434 0.802090004434191 -0.01360593622922778
v 0.027627109222336833 0.7572165769149298 -0.03609273217468746
v 0.027627109222336833 0.7572165769149298 -0.03609273217468746
v 0.027627109222336833 0.7572165769149298 -0.03609273217468746
v 0.027627109222336833 0.7572165769149298 -0.03609273217468746
v 0.027627109222336833 0.7572165769149298 -0.03609273217468746
v 0.027627109222336833 0.7572165769149298 -0.03609273217468746
v 0.027627109222336833 0.7572165769149298 -0.03609273217468746
v 0.027627109222336833 0.7572165769149298 -0.03609273217468746
v 0.027627109222336833 0.7572165769149298 -0.03609273217468746
v 0.027627109222336833 0.7572165769149298 -0.03609273217468746
v 0.033079054801283495 0.7550616027421371 -0.030649168838188672
v 0.03547907076648139 0.7566527134704545 -0.03466838732086487
v 0.03487990463006125 0.7584592007509972 -0.03923165682653579
v 0.031510417142248955 0.7597910479616193 -0.04259596380389748
v 0.026657638017067414 0.7601395347284334 -0.04347625731786828
v 0.022175163643390172 0.7593715510877226 -0.04153629551118626
v 0.019775147678192277 0.7577804403594052 -0.03751707702851006
v 0.020374313814612414 0.7559739530788625 -0.03295380752283915
v 0.023743801302424712 0.7546421058682403 -0.02958950054547746
v 0.028596580427606252 0.7542936191014262 -0.028709207031506652
v 0.033079054801283495 0.7550616027421371 -0.03064916883818867
vt 0 1
vt 0.10000000149011612 1
vt 0.20000000298023224 1
vt 0.30000001192092896 1
vt 0.4000000059604645 1
vt 0.5 1
vt 0.6000000238418579 1
vt 0.699999988079071 1
vt 0.800000011920929 1
vt 0.8999999761581421 1
vt 1 1
vt 0 0
vt 0.10000000149011612 0
vt 0.20000000298023224 0
vt 0.30000001192092896 0
vt 0.4000000059604645 0
vt 0.5 0
vt 0.6000000238418579 0
vt 0.699999988079071 0
vt 0.800000011920929 0
vt 0.8999999761581421 0
vt 1 0
vt 0.5 0.5
vt 0.5 0.5
vt 0.5 0.5
vt 0.5 0.5
vt 0.5 0.5
vt 0.5 0.5
vt 0.5 0.5
vt 0.5 0.5
vt 0.5 0.5
vt 0.5 0.5
vt 1 0.5
vt 0.9045084714889526 0.7938926219940186
vt 0.6545084714889526 0.9755282402038574
vt 0.345491498708725 0.9755282402038574
vt 0.09549150615930557 0.7938926219940186
vt 0 0.5
vt 0.09549150615930557 0.20610737800598145
vt 0.345491498708725 0.024471741169691086
vt 0.6545084714889526 0.024471741169691086
vt 0.9045084714889526 0.20610737800598145
vt 1 0.5
vt 0.5 0.5
vt 0.5 0.5
vt 0.5 0.5
vt 0.5 0.5
vt 0.5 0.5
vt 0.5 0.5
vt 0.5 0.5
vt 0.5 0.5
vt 0.5 0.5
vt 0.5 0.5
vt 1 0.5
vt 0.9045084714889526 0.20610737800598145
vt 0.6545084714889526 0.024471741169691086
vt 0.345491498708725 0.024471741169691086
vt 0.09549150615930557 0.20610737800598145
vt 0 0.5
vt 0.09549150615930557 0.7938926219940186
vt 0.345491498708725 0.9755282402038574
vt 0.6545084714889526 0.9755282402038574
vt 0.9045084714889526 0.7938926219940186
vt 1 0.5
vn 0.680948623768659 -0.231994509360686 0.6946132156920599
vn 0.9807109304972721 -0.033264609392419174 0.19261239982188172
vn 0.9058750029801075 0.19236586371944905 -0.3773405006771217
vn 0.48502559165012693 0.3587137479597715 -0.7975428655997733
vn -0.12108709346646752 0.4022397900727573 -0.9074916347152007
vn -0.6809486237686588 0.3063185298915388 -0.6651901457723619
vn -0.9807109304972721 0.10758863132470814 -0.1631893293473892
vn -0.9058750029801075 -0.11804184472682672 0.4067635699878718
vn -0.48502559165012693 -0.28438972896714915 0.8269659349105233
vn 0.12108709346646752 -0.3279157681404683 0.9369147051896932
vn 0.6809486237686587 -0.23199450936068608 0.69461321569206
vn 0.680948623768659 -0.231994509360686 0.6946132156920599
vn 0.9807109304972721 -0.033264609392419174 0.19261239982188172
vn 0.9058750029801075 0.19236586371944905 -0.3773405006771217
vn 0.48502559165012693 0.3587137479597715 -0.7975428655997733
vn -0.12108709346646752 0.4022397900727573 -0.9074916347152007
vn -0.6809486237686588 0.3063185298915388 -0.6651901457723619
vn -0.9807109304972721 0.10758863132470814 -0.1631893293473892
vn -0.9058750029801075 -0.11804184472682672 0.4067635699878718
vn -0.48502559165012693 -0.28438972896714915 0.8269659349105233
vn 0.12108709346646752 -0.3279157681404683 0.9369147051896932
vn 0.6809486237686587 -0.23199450936068608 0.69461321569206
vn -2.7755575615628914e-17 0.9297931478677584 0.3680824665454263
vn -2.7755575615628914e-17 0.9297931478677584 0.3680824665454263
vn -2.7755575615628914e-17 0.9297931478677584 0.3680824665454263
vn -2.7755575615628914e-17 0.9297931478677584 0.3680824665454263
vn -2.7755575615628914e-17 0.9297931478677584 0.3680824665454263
vn -2.7755575615628914e-17 0.9297931478677584 0.3680824665454263
vn -2.7755575615628914e-17 0.9297931478677584 0.3680824665454263
vn -2.7755575615628914e-17 0.9297931478677584 0.3680824665454263
vn -2.7755575615628914e-17 0.9297931478677584 0.3680824665454263
vn -2.7755575615628914e-17 0.9297931478677584 0.3680824665454263
vn -2.7755575615628914e-17 0.9297931478677584 0.3680824665454263
vn -2.7755575615628914e-17 0.9297931478677584 0.3680824665454263
vn -2.7755575615628914e-17 0.9297931478677584 0.3680824665454263
vn -2.7755575615628914e-17 0.9297931478677584 0.3680824665454263
vn -2.7755575615628914e-17 0.9297931478677584 0.3680824665454263
vn -2.7755575615628914e-17 0.9297931478677584 0.3680824665454263
vn -2.7755575615628914e-17 0.9297931478677584 0.3680824665454263
vn -2.7755575615628914e-17 0.9297931478677584 0.3680824665454263
vn -2.7755575615628914e-17 0.9297931478677584 0.3680824665454263
vn -2.7755575615628914e-17 0.9297931478677584 0.3680824665454263
vn -2.7755575615628914e-17 0.9297931478677584 0.3680824665454263
vn 2.7755575615628914e-17 -0.9297931478677584 -0.3680824665454263
vn 2.7755575615628914e-17 -0.9297931478677584 -0.3680824665454263
vn 2.7755575615628914e-17 -0.9297931478677584 -0.3680824665454263
vn 2.7755575615628914e-17 -0.9297931478677584 -0.3680824665454263
vn 2.7755575615628914e-17 -0.9297931478677584 -0.3680824665454263
vn 2.7755575615628914e-17 -0.9297931478677584 -0.3680824665454263
vn 2.7755575615628914e-17 -0.9297931478677584 -0.3680824665454263
vn 2.7755575615628914e-17 -0.9297931478677584 -0.3680824665454263
vn 2.7755575615628914e-17 -0.9297931478677584 -0.3680824665454263
vn 2.7755575615628914e-17 -0.9297931478677584 -0.3680824665454263
vn 2.7755575615628914e-17 -0.9297931478677584 -0.3680824665454263
vn 2.7755575615628914e-17 -0.9297931478677584 -0.3680824665454263
vn 2.7755575615628914e-17 -0.9297931478677584 -0.3680824665454263
vn 2.7755575615628914e-17 -0.9297931478677584 -0.3680824665454263
vn 2.7755575615628914e-17 -0.9297931478677584 -0.3680824665454263
vn 2.7755575615628914e-17 -0.9297931478677584 -0.3680824665454263
vn 2.7755575615628914e-17 -0.9297931478677584 -0.3680824665454263
vn 2.7755575615628914e-17 -0.9297931478677584 -0.3680824665454263
vn 2.7755575615628914e-17 -0.9297931478677584 -0.3680824665454263
vn 2.7755575615628914e-17 -0.9297931478677584 -0.3680824665454263
vn 2.7755575615628914e-17 -0.9297931478677584 -0.3680824665454263
f 4065/4065/4065 4076/4076/4076 4066/4066/4066
f 4076/4076/4076 4077/4077/4077 4066/4066/4066
f 4066/4066/4066 4077/4077/4077 4067/4067/4067
f 4077/4077/4077 4078/4078/4078 4067/4067/4067
f 4067/4067/4067 4078/4078/4078 4068/4068/4068
f 4078/4078/4078 4079/4079/4079 4068/4068/4068
f 4068/4068/4068 4079/4079/4079 4069/4069/4069
f 4079/4079/4079 4080/4080/4080 4069/4069/4069
f 4069/4069/4069 4080/4080/4080 4070/4070/4070
f 4080/4080/4080 4081/4081/4081 4070/4070/4070
f 4070/4070/4070 4081/4081/4081 4071/4071/4071
f 4081/4081/4081 4082/4082/4082 4071/4071/4071
f 4071/4071/4071 4082/4082/4082 4072/4072/4072
f 4082/4082/4082 4083/4083/4083 4072/4072/4072
f 4072/4072/4072 4083/4083/4083 4073/4073/4073
f 4083/4083/4083 4084/4084/4084 4073/4073/4073
f 4073/4073/4073 4084/4084/4084 4074/4074/4074
f 4084/4084/4084 4085/4085/4085 4074/4074/4074
f 4074/4074/4074 4085/4085/4085 4075/4075/4075
f 4085/4085/4085 4086/4086/4086 4075/4075/4075
f 4097/4097/4097 4098/4098/4098 4087/4087/4087
f 4098/4098/4098 4099/4099/4099 4088/4088/4088
f 4099/4099/4099 4100/4100/4100 4089/4089/4089
f 4100/4100/4100 4101/4101/4101 4090/4090/4090
f 4101/4101/4101 4102/4102/4102 4091/4091/4091
f 4102/4102/4102 4103/4103/4103 4092/4092/4092
f 4103/4103/4103 4104/4104/4104 4093/4093/4093
f 4104/4104/4104 4105/4105/4105 4094/4094/4094
f 4105/4105/4105 4106/4106/4106 4095/4095/4095
f 4106/4106/4106 4107/4107/4107 4096/4096/4096
f 4119/4119/4119 4118/4118/4118 4108/4108/4108
f 4120/4120/4120 4119/4119/4119 4109/4109/4109
f 4121/4121/4121 4120/4120/4120 4110/4110/4110
f 4122/4122/4122 4121/4121/4121 4111/4111/4111
f 4123/4123/4123 4122/4122/4122 4112/4112/4112
f 4124/4124/4124 4123/4123/4123 4113/4113/4113
f 4125/4125/4125 4124/4124/4124 4114/4114/4114
f 4126/4126/4126 4125/4125/4125 4115/4115/4115
f 4127/4127/4127 4126/4126/4126 4116/4116/4116
f 4128/4128/4128 4127/4127/4127 4117/4117/4117
